source,artifact_type,identifier,path,url,retrieved_at,record_count,sha256,notes
yfinance,prices,TD.TO,data/raw/prices/TD_TO.parquet,https://finance.yahoo.com/quote/TD.TO/history,2026-04-18T01:40:09+00:00,1327.0,763bffe3f270f84525cfa21a124f00339611535813000a977e7cb81ee1eb91b9,daily OHLCV 2021-01-01..2026-04-17
yfinance,prices,RY.TO,data/raw/prices/RY_TO.parquet,https://finance.yahoo.com/quote/RY.TO/history,2026-04-18T01:40:09+00:00,1327.0,ffbc541833458c8ebd3bd3226bd36bd3ece96f54fa2f1f82ec9a5286cdfe9dca,daily OHLCV 2021-01-01..2026-04-17
yfinance,prices,BNS.TO,data/raw/prices/BNS_TO.parquet,https://finance.yahoo.com/quote/BNS.TO/history,2026-04-18T01:40:10+00:00,1327.0,73cd9b4b7876294148e99d3a186ef1338de599aad81cc4c4b4fa38387b256bf8,daily OHLCV 2021-01-01..2026-04-17
yfinance,prices,BMO.TO,data/raw/prices/BMO_TO.parquet,https://finance.yahoo.com/quote/BMO.TO/history,2026-04-18T01:40:10+00:00,1327.0,09954a9eae75dd71d57c31ad2aebced2bf821c249f72b5dbbde1643066bf2c48,daily OHLCV 2021-01-01..2026-04-17
yfinance,prices,CM.TO,data/raw/prices/CM_TO.parquet,https://finance.yahoo.com/quote/CM.TO/history,2026-04-18T01:40:10+00:00,1327.0,e2771d2010574d3b40f15404752ff722a65afc5c66b62986c3dbcc989c3d4a4a,daily OHLCV 2021-01-01..2026-04-17
yfinance,prices,NA.TO,data/raw/prices/NA_TO.parquet,https://finance.yahoo.com/quote/NA.TO/history,2026-04-18T01:40:11+00:00,1327.0,4ff5f2544f879c3d1419d5ba0909fb061c2f607b050bd8266be8ae4d32906f29,daily OHLCV 2021-01-01..2026-04-17
yfinance,prices,^GSPTSE,data/raw/prices/GSPTSE.parquet,https://finance.yahoo.com/quote/^GSPTSE/history,2026-04-18T01:40:11+00:00,1327.0,c35111fbb39a6d9a6cd78ac6e6a11506730d9d5cd31a97cb5be5db9129906918,daily OHLCV 2021-01-01..2026-04-17
yfinance,prices,XFN.TO,data/raw/prices/XFN_TO.parquet,https://finance.yahoo.com/quote/XFN.TO/history,2026-04-18T01:40:12+00:00,1327.0,b5d8596e6b77b27e4be4a8f3d0737ae1797ff3d100fd99f6b7b9b6d3f424a542,daily OHLCV 2021-01-01..2026-04-17
yfinance,prices,CADUSD=X,data/raw/prices/CADUSD_X.parquet,https://finance.yahoo.com/quote/CADUSD=X/history,2026-04-18T01:40:12+00:00,1376.0,52b792897038cb05e63e1ac27e11d6f4a58bc7278b7871cdca532d5a6f4fe8ca,daily OHLCV 2021-01-01..2026-04-17
td_newsroom,news_html,2021-01-05_td-future-builder-group-rsp-program-to-transition-to-canada,data/raw/news/2021-01-05_td-future-builder-group-rsp-program-to-transition-to-canada.html,https://stories.td.com/ca/en/news/2021-01-05-td-future-builder-group-rsp-program-to-transition-to-canada,2026-04-18T02:04:37+00:00,,afcdd98d5b0b60eb69d793f64557003af39dfbe9573ea474cd51445371b8661a,FY2021Q1; TD Future Builder Group RSP program to transition to Canada Life
td_newsroom,news_json,2021-01-05_td-future-builder-group-rsp-program-to-transition-to-canada,data/raw/news/2021-01-05_td-future-builder-group-rsp-program-to-transition-to-canada.json,https://stories.td.com/ca/en/news/2021-01-05-td-future-builder-group-rsp-program-to-transition-to-canada,2026-04-18T02:04:37+00:00,17.0,b7ca731a774f42e1af01260c4def17a46f631577e2f71e41d17a8cde753e8d5f,parsed headline + body
td_newsroom,news_html,2021-01-08_td-asset-management-inc-announces-final-annual-reinvested-d,data/raw/news/2021-01-08_td-asset-management-inc-announces-final-annual-reinvested-d.html,https://stories.td.com/ca/en/news/2021-01-08-td-asset-management-inc.-announces-final-annual-reinvested-d,2026-04-18T02:04:38+00:00,,45b778220d78aec1913eef54b7370a6a03c727d2d5c1266575ace1ecafdb3169,FY2021Q1; TD Asset Management Inc. Announces Final Annual Reinvested Distributions for Cer
td_newsroom,news_json,2021-01-08_td-asset-management-inc-announces-final-annual-reinvested-d,data/raw/news/2021-01-08_td-asset-management-inc-announces-final-annual-reinvested-d.json,https://stories.td.com/ca/en/news/2021-01-08-td-asset-management-inc.-announces-final-annual-reinvested-d,2026-04-18T02:04:38+00:00,109.0,33752a8de4c54556a872bd49e3d649128e9f5125d850492cc7bfbd5f863902a1,parsed headline + body
td_newsroom,news_html,2021-01-08_2fr-e-p-e-a-t-media-advisory-td-bank-group-executive-to,data/raw/news/2021-01-08_2fr-e-p-e-a-t-media-advisory-td-bank-group-executive-to.html,https://stories.td.com/ca/en/news/2021-01-08--2fr-e-p-e-a-t----media-advisory---td-bank-group-executive-to,2026-04-18T02:04:39+00:00,,31cdfda30aa6a3a8438656f7d94bafcef069bbda5d4a4bd7c4711465855dc2b1,FY2021Q1; /R E P E A T -- Media Advisory - TD Bank Group Executive to Present at the RBC C
td_newsroom,news_json,2021-01-08_2fr-e-p-e-a-t-media-advisory-td-bank-group-executive-to,data/raw/news/2021-01-08_2fr-e-p-e-a-t-media-advisory-td-bank-group-executive-to.json,https://stories.td.com/ca/en/news/2021-01-08--2fr-e-p-e-a-t----media-advisory---td-bank-group-executive-to,2026-04-18T02:04:39+00:00,7.0,1fdee6f266f8cef61511d3d1f44d935e95f5efc898508c87c9be7e40468a491c,parsed headline + body
td_newsroom,news_html,2021-01-14_td-bank-group-to-acquire-wells-fargo-27s-canadian-direct-equip,data/raw/news/2021-01-14_td-bank-group-to-acquire-wells-fargo-27s-canadian-direct-equip.html,https://stories.td.com/ca/en/news/2021-01-14-td-bank-group-to-acquire-wells-fargo-27s-canadian-direct-equip,2026-04-18T02:04:39+00:00,,64b52f790b07d45ca4b1d3e262bbd69a462c14b6548fee097f7c27b82a86e618,FY2021Q1; TD Bank Group to acquire Wells Fargo's Canadian Direct Equipment Finance Busines
td_newsroom,news_json,2021-01-14_td-bank-group-to-acquire-wells-fargo-27s-canadian-direct-equip,data/raw/news/2021-01-14_td-bank-group-to-acquire-wells-fargo-27s-canadian-direct-equip.json,https://stories.td.com/ca/en/news/2021-01-14-td-bank-group-to-acquire-wells-fargo-27s-canadian-direct-equip,2026-04-18T02:04:39+00:00,43.0,68460696a85235d5d25dcf19b7e80e976687c8303ee3760107ca97fb0c650447,parsed headline + body
td_newsroom,news_html,2021-01-14_need-a-source-3a-covid-19-and-what-it-means-for-canadians-this,data/raw/news/2021-01-14_need-a-source-3a-covid-19-and-what-it-means-for-canadians-this.html,https://stories.td.com/ca/en/news/2021-01-14-need-a-source-3a-covid-19-and-what-it-means-for-canadians-this,2026-04-18T02:04:40+00:00,,9fa1ff45a08957c684e3cd83052e2fa48b0a9dd2b5b4cad87ad012dd3057aa32,FY2021Q1; Need-a-source: COVID-19 and what it means for Canadians this RRSP season
td_newsroom,news_json,2021-01-14_need-a-source-3a-covid-19-and-what-it-means-for-canadians-this,data/raw/news/2021-01-14_need-a-source-3a-covid-19-and-what-it-means-for-canadians-this.json,https://stories.td.com/ca/en/news/2021-01-14-need-a-source-3a-covid-19-and-what-it-means-for-canadians-this,2026-04-18T02:04:40+00:00,21.0,a214fb16b3eb92238915c1f1a08503dd968e9b83921b7a982e9620d46e922cd1,parsed headline + body
td_newsroom,news_html,2021-01-15_td-asset-management-inc-announces-td-etf-distributions,data/raw/news/2021-01-15_td-asset-management-inc-announces-td-etf-distributions.html,https://stories.td.com/ca/en/news/2021-01-15-td-asset-management-inc.-announces-td-etf-distributions,2026-04-18T02:04:41+00:00,,aaaea5032fd4c96927f1a8357c1644936f8033e6ac070c5b3f823c8907fec664,FY2021Q1; TD Asset Management Inc. Announces TD ETF Distributions
td_newsroom,news_json,2021-01-15_td-asset-management-inc-announces-td-etf-distributions,data/raw/news/2021-01-15_td-asset-management-inc-announces-td-etf-distributions.json,https://stories.td.com/ca/en/news/2021-01-15-td-asset-management-inc.-announces-td-etf-distributions,2026-04-18T02:04:41+00:00,119.0,322076dd4f2cf179d8d911a039b1736009ab98d9c344c6472274a9c741e6a127,parsed headline + body
td_newsroom,news_html,2021-01-20_td-bank-group-comments-on-expected-impact-of-the-charles-sch,data/raw/news/2021-01-20_td-bank-group-comments-on-expected-impact-of-the-charles-sch.html,https://stories.td.com/ca/en/news/2021-01-20-td-bank-group-comments-on-expected-impact-of-the-charles-sch,2026-04-18T02:04:41+00:00,,2ef6e25d9c3bd69a53ca588d10ba145fef9395937fb6b5c168fb5d8d54f0b61a,FY2021Q1; TD Bank Group Comments on Expected Impact of The Charles Schwab Corporation's Fo
td_newsroom,news_json,2021-01-20_td-bank-group-comments-on-expected-impact-of-the-charles-sch,data/raw/news/2021-01-20_td-bank-group-comments-on-expected-impact-of-the-charles-sch.json,https://stories.td.com/ca/en/news/2021-01-20-td-bank-group-comments-on-expected-impact-of-the-charles-sch,2026-04-18T02:04:41+00:00,27.0,d3ccf4bfca6aebe4a503d86f96c0be38244b04df7003a167a196db21a56946b6,parsed headline + body
td_newsroom,news_html,2021-01-25_several-mutual-funds-managed-by-td-asset-management-inc-rec,data/raw/news/2021-01-25_several-mutual-funds-managed-by-td-asset-management-inc-rec.html,https://stories.td.com/ca/en/news/2021-01-25-several-mutual-funds-managed-by-td-asset-management-inc.-rec,2026-04-18T02:04:42+00:00,,11886d9c667908a57c614d3e1c4fc9b7b80723f6a594a6f7c261f4294c47b92a,FY2021Q1; Several mutual funds managed by TD Asset Management Inc. recognized in six categ
td_newsroom,news_json,2021-01-25_several-mutual-funds-managed-by-td-asset-management-inc-rec,data/raw/news/2021-01-25_several-mutual-funds-managed-by-td-asset-management-inc-rec.json,https://stories.td.com/ca/en/news/2021-01-25-several-mutual-funds-managed-by-td-asset-management-inc.-rec,2026-04-18T02:04:42+00:00,101.0,60727ce1d7d813a03875e9626c505945e2f96a4e3ce69d9fae3096950e785692,parsed headline + body
td_newsroom,news_html,2021-01-26_td-supports-15-organizations-focused-on-advancing-covid-19-r,data/raw/news/2021-01-26_td-supports-15-organizations-focused-on-advancing-covid-19-r.html,https://stories.td.com/ca/en/news/2021-01-26-td-supports-15-organizations-focused-on-advancing-covid-19-r,2026-04-18T02:04:43+00:00,,a6feff45491792b69a320835b1f406f973575074ab7639b2a458dd14806ec8f1,FY2021Q1; TD Supports 15 Organizations Focused on Advancing COVID-19 Recovery
td_newsroom,news_json,2021-01-26_td-supports-15-organizations-focused-on-advancing-covid-19-r,data/raw/news/2021-01-26_td-supports-15-organizations-focused-on-advancing-covid-19-r.json,https://stories.td.com/ca/en/news/2021-01-26-td-supports-15-organizations-focused-on-advancing-covid-19-r,2026-04-18T02:04:43+00:00,71.0,fadba35acb2899986098f14359dcb214945eef7384d31d8047b92fcaa39892da,parsed headline + body
td_newsroom,news_html,2021-01-28_td-recognized-for-its-efforts-to-advance-women-27s-equality-by,data/raw/news/2021-01-28_td-recognized-for-its-efforts-to-advance-women-27s-equality-by.html,https://stories.td.com/ca/en/news/2021-01-28-td-recognized-for-its-efforts-to-advance-women-27s-equality-by,2026-04-18T02:04:44+00:00,,81811e5e08bc8cbaa1e5fbc1b3f28ba918c3beb57107f149b1b2d5126cb5b482,FY2021Q1; TD recognized for its efforts to advance women's equality by Bloomberg Financial
td_newsroom,news_json,2021-01-28_td-recognized-for-its-efforts-to-advance-women-27s-equality-by,data/raw/news/2021-01-28_td-recognized-for-its-efforts-to-advance-women-27s-equality-by.json,https://stories.td.com/ca/en/news/2021-01-28-td-recognized-for-its-efforts-to-advance-women-27s-equality-by,2026-04-18T02:04:44+00:00,21.0,eb418ff95d4dc929ca0387929ac58889424f482f358d80c168a5754ad84fad4d,parsed headline + body
td_newsroom,news_html,2021-01-29_td-bank-group-to-make-changes-in-the-presentation-of-certain,data/raw/news/2021-01-29_td-bank-group-to-make-changes-in-the-presentation-of-certain.html,https://stories.td.com/ca/en/news/2021-01-29-td-bank-group-to-make-changes-in-the-presentation-of-certain,2026-04-18T02:04:44+00:00,,9b7fb90c52753f18493713b61985d3bb4fb52a0cd0acf835d3be5ad197c4552f,FY2021Q1; TD Bank Group to Make Changes in the Presentation of Certain Financial Informati
td_newsroom,news_json,2021-01-29_td-bank-group-to-make-changes-in-the-presentation-of-certain,data/raw/news/2021-01-29_td-bank-group-to-make-changes-in-the-presentation-of-certain.json,https://stories.td.com/ca/en/news/2021-01-29-td-bank-group-to-make-changes-in-the-presentation-of-certain,2026-04-18T02:04:44+00:00,21.0,27ceadff805f213675b2ca63f7d606a3c4019f70397324382fd5b14f3f65f567,parsed headline + body
td_newsroom,news_html,2021-02-02_no-such-thing-as-easy-money-e2-80-a6-1-in-2-canadians-surveyed-say,data/raw/news/2021-02-02_no-such-thing-as-easy-money-e2-80-a6-1-in-2-canadians-surveyed-say.html,https://stories.td.com/ca/en/news/2021-02-02-no-such-thing-as-easy-money-e2-80-a6-1-in-2-canadians-surveyed-say,2026-04-18T02:04:45+00:00,,32fe8fb44e0581f38bac9c0eac6c0d3b93bdc02e48f70a02724a093d683a5ec1,FY2021Q2; No such thing as easy money… 1 in 2 Canadians surveyed say it's easier to find t
td_newsroom,news_json,2021-02-02_no-such-thing-as-easy-money-e2-80-a6-1-in-2-canadians-surveyed-say,data/raw/news/2021-02-02_no-such-thing-as-easy-money-e2-80-a6-1-in-2-canadians-surveyed-say.json,https://stories.td.com/ca/en/news/2021-02-02-no-such-thing-as-easy-money-e2-80-a6-1-in-2-canadians-surveyed-say,2026-04-18T02:04:45+00:00,69.0,d91f56da2caeb217cb5c237d93f45cefce7386181cad457b853d27e03f95657a,parsed headline + body
td_newsroom,news_html,2021-02-04_td-bank-group-launches-new-cyber-literacy-program,data/raw/news/2021-02-04_td-bank-group-launches-new-cyber-literacy-program.html,https://stories.td.com/ca/en/news/2021-02-04-td-bank-group-launches-new-cyber-literacy-program,2026-04-18T02:04:46+00:00,,5aa472bbaceb97c5365166f693c8ba51ba56ec157d7ad60b6886d049187610f6,FY2021Q2; TD Bank Group launches new cyber literacy program
td_newsroom,news_json,2021-02-04_td-bank-group-launches-new-cyber-literacy-program,data/raw/news/2021-02-04_td-bank-group-launches-new-cyber-literacy-program.json,https://stories.td.com/ca/en/news/2021-02-04-td-bank-group-launches-new-cyber-literacy-program,2026-04-18T02:04:46+00:00,21.0,2ebe992b683ecc80e3a36ff7368aa37ab01c09b93f1d1959dfd48dfa47637ede,parsed headline + body
td_newsroom,news_html,2021-02-04_media-advisory-td-bank-group-to-release-first-quarter-fina,data/raw/news/2021-02-04_media-advisory-td-bank-group-to-release-first-quarter-fina.html,https://stories.td.com/ca/en/news/2021-02-04-media-advisory---td-bank-group-to-release-first-quarter-fina,2026-04-18T02:04:46+00:00,,433533211b036a6b13d8224acf00975142dbe7de7a2101ef72d1d62d90888541,FY2021Q2; Media Advisory - TD Bank Group to release first quarter financial results
td_newsroom,news_json,2021-02-04_media-advisory-td-bank-group-to-release-first-quarter-fina,data/raw/news/2021-02-04_media-advisory-td-bank-group-to-release-first-quarter-fina.json,https://stories.td.com/ca/en/news/2021-02-04-media-advisory---td-bank-group-to-release-first-quarter-fina,2026-04-18T02:04:46+00:00,17.0,f2c9832457299ec15ac6e3ec28b5e26a352e640d7c04c7a811c6fb65ba80bc76,parsed headline + body
td_newsroom,news_html,2021-02-05_td-asset-management-inc-announces-changes-to-its-mutual-fun,data/raw/news/2021-02-05_td-asset-management-inc-announces-changes-to-its-mutual-fun.html,https://stories.td.com/ca/en/news/2021-02-05-td-asset-management-inc.-announces-changes-to-its-mutual-fun,2026-04-18T02:04:47+00:00,,d5630f37f7ac3d064286aecea1be1bf6ea77379c0ca49da3e70491fec7fbec12,FY2021Q2; TD Asset Management Inc. announces changes to its mutual fund line-up
td_newsroom,news_json,2021-02-05_td-asset-management-inc-announces-changes-to-its-mutual-fun,data/raw/news/2021-02-05_td-asset-management-inc-announces-changes-to-its-mutual-fun.json,https://stories.td.com/ca/en/news/2021-02-05-td-asset-management-inc.-announces-changes-to-its-mutual-fun,2026-04-18T02:04:47+00:00,45.0,48022a295d307eb9c6b5b74ffc3a0b801e301ff949c617ed919c99a658850daf,parsed headline + body
td_newsroom,news_html,2021-02-09_td-earns-top-spot-in-canadian-digital-banking-reports,data/raw/news/2021-02-09_td-earns-top-spot-in-canadian-digital-banking-reports.html,https://stories.td.com/ca/en/news/2021-02-09-td-earns-top-spot-in-canadian-digital-banking-reports,2026-04-18T02:04:48+00:00,,658baff9fc2232fe32b5db5a7d84c0dc2d70904c52d105421569d76fde700f7d,FY2021Q2; TD Earns Top Spot in Canadian Digital Banking Reports
td_newsroom,news_json,2021-02-09_td-earns-top-spot-in-canadian-digital-banking-reports,data/raw/news/2021-02-09_td-earns-top-spot-in-canadian-digital-banking-reports.json,https://stories.td.com/ca/en/news/2021-02-09-td-earns-top-spot-in-canadian-digital-banking-reports,2026-04-18T02:04:48+00:00,35.0,838ecb4a50a7eab695fa599cf708d522abbbcdb1ab7704bac98bc2c0b8af62d0,parsed headline + body
td_newsroom,news_html,2021-02-11_td-asset-management-inc-announces-revisions-to-the-final-an,data/raw/news/2021-02-11_td-asset-management-inc-announces-revisions-to-the-final-an.html,https://stories.td.com/ca/en/news/2021-02-11-td-asset-management-inc.-announces-revisions-to-the-final-an,2026-04-18T02:04:48+00:00,,7dbd359007266736cfd61f718b7dc6f2927cafd0624ceed37dde68c14cac7214,FY2021Q2; TD Asset Management Inc. Announces Revisions to the Final Annual Reinvested Dist
td_newsroom,news_json,2021-02-11_td-asset-management-inc-announces-revisions-to-the-final-an,data/raw/news/2021-02-11_td-asset-management-inc-announces-revisions-to-the-final-an.json,https://stories.td.com/ca/en/news/2021-02-11-td-asset-management-inc.-announces-revisions-to-the-final-an,2026-04-18T02:04:48+00:00,49.0,afbb9f76ca2937bdaab311b37b0989da17eefd25b62248323bd8f8bc7d33c8b8,parsed headline + body
td_newsroom,news_html,2021-02-12_td-asset-management-inc-announces-td-etf-distributions,data/raw/news/2021-02-12_td-asset-management-inc-announces-td-etf-distributions.html,https://stories.td.com/ca/en/news/2021-02-12-td-asset-management-inc.-announces-td-etf-distributions,2026-04-18T02:04:49+00:00,,d90ea69047cf919c7796099c5dd289dcd923b79ecfdc96657c4e7ce566c2b0e5,FY2021Q2; TD Asset Management Inc. Announces TD ETF Distributions
td_newsroom,news_json,2021-02-12_td-asset-management-inc-announces-td-etf-distributions,data/raw/news/2021-02-12_td-asset-management-inc-announces-td-etf-distributions.json,https://stories.td.com/ca/en/news/2021-02-12-td-asset-management-inc.-announces-td-etf-distributions,2026-04-18T02:04:49+00:00,119.0,ed3ec2de8a5042faaaa98e86f63e6437e16cac645a443f5f4c7b121f0f8cdf4a,parsed headline + body
td_newsroom,news_html,2021-02-23_2fr-e-p-e-a-t-media-advisory-td-bank-group-to-release-fi,data/raw/news/2021-02-23_2fr-e-p-e-a-t-media-advisory-td-bank-group-to-release-fi.html,https://stories.td.com/ca/en/news/2021-02-23--2fr-e-p-e-a-t----media-advisory---td-bank-group-to-release-fi,2026-04-18T02:04:50+00:00,,dd9a913a5147be4ece0af33ecbbbd1e933500fc6a4d715be4abf8d4cc7a25697,FY2021Q2; /R E P E A T -- Media Advisory - TD Bank Group to release first quarter financia
td_newsroom,news_json,2021-02-23_2fr-e-p-e-a-t-media-advisory-td-bank-group-to-release-fi,data/raw/news/2021-02-23_2fr-e-p-e-a-t-media-advisory-td-bank-group-to-release-fi.json,https://stories.td.com/ca/en/news/2021-02-23--2fr-e-p-e-a-t----media-advisory---td-bank-group-to-release-fi,2026-04-18T02:04:50+00:00,17.0,e13377529c78cc7f97a80d513c46c57c12aba080d606750f3be167e9ed9e46a6,parsed headline + body
td_newsroom,news_html,2021-02-24_td-bank-group-joins-rmi-as-a-strategic-partner-of-the-center,data/raw/news/2021-02-24_td-bank-group-joins-rmi-as-a-strategic-partner-of-the-center.html,https://stories.td.com/ca/en/news/2021-02-24-td-bank-group-joins-rmi-as-a-strategic-partner-of-the-center,2026-04-18T02:04:51+00:00,,070a394963a296738e1bc6e6d4953a1fa2e21141f7cd93c35b9c71b611916c8e,FY2021Q2; TD Bank Group Joins RMI as a Strategic Partner of the Center for Climate-Aligned
td_newsroom,news_json,2021-02-24_td-bank-group-joins-rmi-as-a-strategic-partner-of-the-center,data/raw/news/2021-02-24_td-bank-group-joins-rmi-as-a-strategic-partner-of-the-center.json,https://stories.td.com/ca/en/news/2021-02-24-td-bank-group-joins-rmi-as-a-strategic-partner-of-the-center,2026-04-18T02:04:51+00:00,31.0,e490b1ee95d49335f42e23f2219e2a30178224dca056f1d9b8310e42f401ff88,parsed headline + body
td_newsroom,news_html,2021-02-25_td-asset-management-inc-announces-risk-rating-changes,data/raw/news/2021-02-25_td-asset-management-inc-announces-risk-rating-changes.html,https://stories.td.com/ca/en/news/2021-02-25-td-asset-management-inc.-announces-risk-rating-changes,2026-04-18T02:04:51+00:00,,303b636c651a1bef77910fceb5dda8a238273ebd46dfb514edf9c05c7c188240,FY2021Q2; TD Asset Management Inc. Announces Risk Rating Changes
td_newsroom,news_json,2021-02-25_td-asset-management-inc-announces-risk-rating-changes,data/raw/news/2021-02-25_td-asset-management-inc-announces-risk-rating-changes.json,https://stories.td.com/ca/en/news/2021-02-25-td-asset-management-inc.-announces-risk-rating-changes,2026-04-18T02:04:51+00:00,19.0,aace436c67d6ef5205970d2a3e74def3280da9a8045563911ddadc50e48d464d,parsed headline + body
td_newsroom,news_html,2021-02-25_td-asset-management-inc-announces-management-fee-reductions,data/raw/news/2021-02-25_td-asset-management-inc-announces-management-fee-reductions.html,https://stories.td.com/ca/en/news/2021-02-25-td-asset-management-inc.-announces-management-fee-reductions,2026-04-18T02:04:52+00:00,,f3e8c15463a23f17faa027c29a06ad94266fc7ac3f8f23c8d5ced189a8a48851,FY2021Q2; TD Asset Management Inc. announces management fee reductions on six of its broad
td_newsroom,news_json,2021-02-25_td-asset-management-inc-announces-management-fee-reductions,data/raw/news/2021-02-25_td-asset-management-inc-announces-management-fee-reductions.json,https://stories.td.com/ca/en/news/2021-02-25-td-asset-management-inc.-announces-management-fee-reductions,2026-04-18T02:04:52+00:00,83.0,4cac8e370967a7b23724f89a7b35050b13e497ca88d7a811a4ea8e920f0ee4b9,parsed headline + body
td_newsroom,news_html,2021-02-25_td-bank-group-declares-dividends,data/raw/news/2021-02-25_td-bank-group-declares-dividends.html,https://stories.td.com/ca/en/news/2021-02-25-td-bank-group-declares-dividends,2026-04-18T02:04:52+00:00,,3cc98bbe00658d17d618181007520e8d079672758f8c3e80db6817477c8e1b30,FY2021Q2; TD Bank Group Declares Dividends
td_newsroom,news_json,2021-02-25_td-bank-group-declares-dividends,data/raw/news/2021-02-25_td-bank-group-declares-dividends.json,https://stories.td.com/ca/en/news/2021-02-25-td-bank-group-declares-dividends,2026-04-18T02:04:52+00:00,47.0,f5ce62b959e7c717b5e1c9484dd443179d07a89829d2e218bc7980637093cf69,parsed headline + body
td_newsroom,news_html,2021-02-25_td-bank-group-reports-first-quarter-2021-results,data/raw/news/2021-02-25_td-bank-group-reports-first-quarter-2021-results.html,https://stories.td.com/ca/en/news/2021-02-25-td-bank-group-reports-first-quarter-2021-results,2026-04-18T02:04:53+00:00,,34e19fae654a27d68de27eb998c7a575f1fdee7b265e68eac441e83944ad13b7,FY2021Q2; TD Bank Group Reports First Quarter 2021 Results
td_newsroom,news_json,2021-02-25_td-bank-group-reports-first-quarter-2021-results,data/raw/news/2021-02-25_td-bank-group-reports-first-quarter-2021-results.json,https://stories.td.com/ca/en/news/2021-02-25-td-bank-group-reports-first-quarter-2021-results,2026-04-18T02:04:53+00:00,2391.0,a928cef32215d20b5ac6b007caaa240d611d46f5f7833d012c7f8411f7c51df8,parsed headline + body
td_newsroom,news_html,2021-03-02_td-bank-group-management-proxy-circular-now-available,data/raw/news/2021-03-02_td-bank-group-management-proxy-circular-now-available.html,https://stories.td.com/ca/en/news/2021-03-02-td-bank-group-management-proxy-circular-now-available,2026-04-18T02:04:54+00:00,,982f35ffd0722f896d6833d7224e45adba9121d0b96fd8bc480abcee2e96bad6,FY2021Q2; TD Bank Group Management Proxy Circular Now Available
td_newsroom,news_json,2021-03-02_td-bank-group-management-proxy-circular-now-available,data/raw/news/2021-03-02_td-bank-group-management-proxy-circular-now-available.json,https://stories.td.com/ca/en/news/2021-03-02-td-bank-group-management-proxy-circular-now-available,2026-04-18T02:04:54+00:00,15.0,82ab45615171380e163de457dbb35ff93b42ac4239c701eea3ae6b619b82a062,parsed headline + body
td_newsroom,news_html,2021-03-04_more-than-half-of-canadians-polled-feel-vulnerable-to-financ,data/raw/news/2021-03-04_more-than-half-of-canadians-polled-feel-vulnerable-to-financ.html,https://stories.td.com/ca/en/news/2021-03-04-more-than-half-of-canadians-polled-feel-vulnerable-to-financ,2026-04-18T02:04:55+00:00,,cd2f746c0460ec55c1d0ef91a3a947ccd6419ae883f167fda8f421cde612f4f6,"FY2021Q2; More than half of Canadians polled feel vulnerable to financial fraud, TD Bank s"
td_newsroom,news_json,2021-03-04_more-than-half-of-canadians-polled-feel-vulnerable-to-financ,data/raw/news/2021-03-04_more-than-half-of-canadians-polled-feel-vulnerable-to-financ.json,https://stories.td.com/ca/en/news/2021-03-04-more-than-half-of-canadians-polled-feel-vulnerable-to-financ,2026-04-18T02:04:55+00:00,59.0,b096c0b95769e0cf860ac6aa876c480541ae374e0ada2cf7e96cf2f40c31cd82,parsed headline + body
td_newsroom,news_html,2021-03-05_td-releases-2020-environmental-2c-social-and-governance-report,data/raw/news/2021-03-05_td-releases-2020-environmental-2c-social-and-governance-report.html,https://stories.td.com/ca/en/news/2021-03-05-td-releases-2020-environmental-2c-social-and-governance-report,2026-04-18T02:04:55+00:00,,8cfb0bd906ad4b85d1e8ceb8b5563697e0f77ae2871ab5a89990098787e14247,"FY2021Q2; TD Releases 2020 Environmental, Social and Governance Report and TD Ready Commit"
td_newsroom,news_json,2021-03-05_td-releases-2020-environmental-2c-social-and-governance-report,data/raw/news/2021-03-05_td-releases-2020-environmental-2c-social-and-governance-report.json,https://stories.td.com/ca/en/news/2021-03-05-td-releases-2020-environmental-2c-social-and-governance-report,2026-04-18T02:04:55+00:00,41.0,8e55e88828a94a7cb6c7634c3e0c998deb64765ef4d6b7613899d3b354e5d3af,parsed headline + body
td_newsroom,news_html,2021-03-10_td-asset-management-inc-announces-an-additional-notional-td,data/raw/news/2021-03-10_td-asset-management-inc-announces-an-additional-notional-td.html,https://stories.td.com/ca/en/news/2021-03-10-td-asset-management-inc.-announces-an-additional-notional-td,2026-04-18T02:04:56+00:00,,fc4ed63ee556c59e7600862a5da6ba02c3e2e3476c06392f9934a4aed72c396e,FY2021Q2; TD Asset Management Inc. Announces an additional Notional TD ETF Distribution an
td_newsroom,news_json,2021-03-10_td-asset-management-inc-announces-an-additional-notional-td,data/raw/news/2021-03-10_td-asset-management-inc-announces-an-additional-notional-td.json,https://stories.td.com/ca/en/news/2021-03-10-td-asset-management-inc.-announces-an-additional-notional-td,2026-04-18T02:04:56+00:00,43.0,03acf211446f7501e5c5cf039095381b4c1963406ea12cd7ea2263babb1ce983,parsed headline + body
td_newsroom,news_html,2021-03-17_media-advisory-td-bank-group-executive-to-present-at-the-n,data/raw/news/2021-03-17_media-advisory-td-bank-group-executive-to-present-at-the-n.html,https://stories.td.com/ca/en/news/2021-03-17-media-advisory---td-bank-group-executive-to-present-at-the-n,2026-04-18T02:04:57+00:00,,6b771d497a44dc975eb2fc6a3c2bdbf1f357af6166af8e0fcbed09d24a5ac0e2,FY2021Q2; Media Advisory - TD Bank Group Executive to Present at the National Bank Financi
td_newsroom,news_json,2021-03-17_media-advisory-td-bank-group-executive-to-present-at-the-n,data/raw/news/2021-03-17_media-advisory-td-bank-group-executive-to-present-at-the-n.json,https://stories.td.com/ca/en/news/2021-03-17-media-advisory---td-bank-group-executive-to-present-at-the-n,2026-04-18T02:04:57+00:00,9.0,3fd07790f9756cd5383cae0bc660c810756438c81db44b9b3fdbd7b4898a1fd5,parsed headline + body
td_newsroom,news_html,2021-03-18_td-asset-management-inc-announces-td-etf-distributions,data/raw/news/2021-03-18_td-asset-management-inc-announces-td-etf-distributions.html,https://stories.td.com/ca/en/news/2021-03-18-td-asset-management-inc.-announces-td-etf-distributions,2026-04-18T02:04:57+00:00,,5ac02d23ecd6f80f56d1a5f30b6fcd320e9bcb9e1882710c79f388dca12e957b,FY2021Q2; TD Asset Management Inc. Announces TD ETF Distributions
td_newsroom,news_json,2021-03-18_td-asset-management-inc-announces-td-etf-distributions,data/raw/news/2021-03-18_td-asset-management-inc-announces-td-etf-distributions.json,https://stories.td.com/ca/en/news/2021-03-18-td-asset-management-inc.-announces-td-etf-distributions,2026-04-18T02:04:57+00:00,229.0,c8472d8cd0608bb230a755950129082c6e512af50aca8ca25910d422836a6034,parsed headline + body
td_newsroom,news_html,2021-03-18_rewards-canada-names-td-aeroplan-visa-infinite-card-best-air,data/raw/news/2021-03-18_rewards-canada-names-td-aeroplan-visa-infinite-card-best-air.html,https://stories.td.com/ca/en/news/2021-03-18-rewards-canada-names-td-aeroplan-visa-infinite-card-best-air,2026-04-18T02:04:58+00:00,,22d26d4af2da49a58f07d4be4216272b62034b55f91ce2f00dbbc696965c6c3d,FY2021Q2; Rewards Canada names TD Aeroplan Visa Infinite Card Best Airline Credit Card Fra
td_newsroom,news_json,2021-03-18_rewards-canada-names-td-aeroplan-visa-infinite-card-best-air,data/raw/news/2021-03-18_rewards-canada-names-td-aeroplan-visa-infinite-card-best-air.json,https://stories.td.com/ca/en/news/2021-03-18-rewards-canada-names-td-aeroplan-visa-infinite-card-best-air,2026-04-18T02:04:58+00:00,23.0,532ac154fe8fd852d3b65210758985f5dcd83f93f954cbc9c8b9a7cef7a5b3e5,parsed headline + body
td_newsroom,news_html,2021-03-19_td-bank-group-announces-redemption-of-non-cumulative-5-year,data/raw/news/2021-03-19_td-bank-group-announces-redemption-of-non-cumulative-5-year.html,https://stories.td.com/ca/en/news/2021-03-19-td-bank-group-announces-redemption-of-non-cumulative-5-year,2026-04-18T02:04:59+00:00,,2721562df2835c57ee2e4ece06af8e243bf79e03bbce36c5e2df01763f99dba2,FY2021Q2; TD Bank Group Announces Redemption of Non-Cumulative 5-Year Rate Reset Class A F
td_newsroom,news_json,2021-03-19_td-bank-group-announces-redemption-of-non-cumulative-5-year,data/raw/news/2021-03-19_td-bank-group-announces-redemption-of-non-cumulative-5-year.json,https://stories.td.com/ca/en/news/2021-03-19-td-bank-group-announces-redemption-of-non-cumulative-5-year,2026-04-18T02:04:59+00:00,13.0,133e49865971ba2c6de19c6cefd8d05a20d2dfbdac714b650eedeed1758c8d08,parsed headline + body
td_newsroom,news_html,2021-03-23_td-bank-group-to-acquire-electronic-fixed-income-trading-bus,data/raw/news/2021-03-23_td-bank-group-to-acquire-electronic-fixed-income-trading-bus.html,https://stories.td.com/ca/en/news/2021-03-23-td-bank-group-to-acquire-electronic-fixed-income-trading-bus,2026-04-18T02:04:59+00:00,,3df83b20de2dc983ce5ce6ccbfa74e9f071a9206723636f51b850cddf62884b2,FY2021Q2; TD Bank Group to acquire electronic fixed income trading business
td_newsroom,news_json,2021-03-23_td-bank-group-to-acquire-electronic-fixed-income-trading-bus,data/raw/news/2021-03-23_td-bank-group-to-acquire-electronic-fixed-income-trading-bus.json,https://stories.td.com/ca/en/news/2021-03-23-td-bank-group-to-acquire-electronic-fixed-income-trading-bus,2026-04-18T02:04:59+00:00,39.0,2c7ca96b4ffde2b739b40f7d27114b37ca1277b3de595cc58fac4ddea7d804f6,parsed headline + body
td_newsroom,news_html,2021-03-24_2fr-e-p-e-a-t-media-advisory-td-bank-group-executive-to-p,data/raw/news/2021-03-24_2fr-e-p-e-a-t-media-advisory-td-bank-group-executive-to-p.html,https://stories.td.com/ca/en/news/2021-03-24--2fr-e-p-e-a-t---media-advisory---td-bank-group-executive-to-p,2026-04-18T02:05:00+00:00,,465c195e4eb35c872fd7d559c91660c160c8dba8a13dbb4dc23a1c534ca00e7f,FY2021Q2; /R E P E A T-- Media Advisory - TD Bank Group Executive to Present at the Nation
td_newsroom,news_json,2021-03-24_2fr-e-p-e-a-t-media-advisory-td-bank-group-executive-to-p,data/raw/news/2021-03-24_2fr-e-p-e-a-t-media-advisory-td-bank-group-executive-to-p.json,https://stories.td.com/ca/en/news/2021-03-24--2fr-e-p-e-a-t---media-advisory---td-bank-group-executive-to-p,2026-04-18T02:05:00+00:00,9.0,2f723c9e0cbe7f2945dab29693456e6f1f4a87ce5ea047a9e6aef555587ecdfe,parsed headline + body
td_newsroom,news_html,2021-04-01_td-bank-group-announces-election-of-directors,data/raw/news/2021-04-01_td-bank-group-announces-election-of-directors.html,https://stories.td.com/ca/en/news/2021-04-01-td-bank-group-announces-election-of-directors,2026-04-18T02:05:01+00:00,,48dbc7f166b0d13bd143138fca6de1577809bb96b52953a9542df1a507d512ee,FY2021Q2; TD Bank Group Announces Election of Directors
td_newsroom,news_json,2021-04-01_td-bank-group-announces-election-of-directors,data/raw/news/2021-04-01_td-bank-group-announces-election-of-directors.json,https://stories.td.com/ca/en/news/2021-04-01-td-bank-group-announces-election-of-directors,2026-04-18T02:05:01+00:00,163.0,9add812cadd30943db4ab584c928c3d51f99edaf77d5775e7a2965ec097a0f24,parsed headline + body
td_newsroom,news_html,2021-04-06_td-asset-management-inc-joins-international-corporate-gover,data/raw/news/2021-04-06_td-asset-management-inc-joins-international-corporate-gover.html,https://stories.td.com/ca/en/news/2021-04-06-td-asset-management-inc.-joins-international-corporate-gover,2026-04-18T02:05:01+00:00,,a90d27780dc8f74f443667054cbe40b1b768a5f1cdd96d1ad928335b9e1e3627,FY2021Q2; TD Asset Management Inc. joins International Corporate Governance Network as par
td_newsroom,news_json,2021-04-06_td-asset-management-inc-joins-international-corporate-gover,data/raw/news/2021-04-06_td-asset-management-inc-joins-international-corporate-gover.json,https://stories.td.com/ca/en/news/2021-04-06-td-asset-management-inc.-joins-international-corporate-gover,2026-04-18T02:05:01+00:00,27.0,02958372ad0199eace978ee555b68efd87807cafca454e496f5d67d1c74e1b7a,parsed headline + body
td_newsroom,news_html,2021-04-06_business-intelligence-group-recognizes-td-for-ai-powered-cus,data/raw/news/2021-04-06_business-intelligence-group-recognizes-td-for-ai-powered-cus.html,https://stories.td.com/ca/en/news/2021-04-06-business-intelligence-group-recognizes-td-for-ai-powered-cus,2026-04-18T02:05:02+00:00,,fff3eb9a898618fd6d07120ee06b0952693c383eb4cc921987ecedc31ab2a47d,FY2021Q2; Business Intelligence Group Recognizes TD for AI-Powered Customer Innovations
td_newsroom,news_json,2021-04-06_business-intelligence-group-recognizes-td-for-ai-powered-cus,data/raw/news/2021-04-06_business-intelligence-group-recognizes-td-for-ai-powered-cus.json,https://stories.td.com/ca/en/news/2021-04-06-business-intelligence-group-recognizes-td-for-ai-powered-cus,2026-04-18T02:05:02+00:00,19.0,341a10bd13434a33aed4997da318763fe1d7db0a78b546d3b4216cf14ea8fab3,parsed headline + body
td_newsroom,news_html,2021-04-14_td-asset-management-launches-new-etf-focused-on-the-growing,data/raw/news/2021-04-14_td-asset-management-launches-new-etf-focused-on-the-growing.html,https://stories.td.com/ca/en/news/2021-04-14-td-asset-management-launches-new-etf-focused-on-the-growing,2026-04-18T02:05:03+00:00,,56b0af5a8784043129ed74a7fa2910860c933efe2c89d4a917d177549d6d7c74,FY2021Q2; TD Asset Management launches new ETF focused on the growing global healthcare se
td_newsroom,news_json,2021-04-14_td-asset-management-launches-new-etf-focused-on-the-growing,data/raw/news/2021-04-14_td-asset-management-launches-new-etf-focused-on-the-growing.json,https://stories.td.com/ca/en/news/2021-04-14-td-asset-management-launches-new-etf-focused-on-the-growing,2026-04-18T02:05:03+00:00,25.0,9f0537d27b79f72e1ea3c2e4ffe0640fc4372a34eba2f8990a1c157f1da0efce,parsed headline + body
td_newsroom,news_html,2021-04-16_td-bank-group-comments-on-expected-impact-of-the-charles-sch,data/raw/news/2021-04-16_td-bank-group-comments-on-expected-impact-of-the-charles-sch.html,https://stories.td.com/ca/en/news/2021-04-16-td-bank-group-comments-on-expected-impact-of-the-charles-sch,2026-04-18T02:05:03+00:00,,4b67d74903c9f387a8582292bf6e45fd679d7381295b2ebd050c283a1f9f53f5,FY2021Q2; TD Bank Group Comments on Expected Impact of the Charles Schwab Corporation's Fi
td_newsroom,news_json,2021-04-16_td-bank-group-comments-on-expected-impact-of-the-charles-sch,data/raw/news/2021-04-16_td-bank-group-comments-on-expected-impact-of-the-charles-sch.json,https://stories.td.com/ca/en/news/2021-04-16-td-bank-group-comments-on-expected-impact-of-the-charles-sch,2026-04-18T02:05:03+00:00,27.0,ddb1974b22cff7410f1ebc5666cacf0f19ddc6fd2716eac017a23bbb27d63ef8,parsed headline + body
td_newsroom,news_html,2021-04-19_td-asset-management-inc-announces-td-etf-distributions,data/raw/news/2021-04-19_td-asset-management-inc-announces-td-etf-distributions.html,https://stories.td.com/ca/en/news/2021-04-19-td-asset-management-inc.-announces-td-etf-distributions,2026-04-18T02:05:04+00:00,,89e35ea5c8814267ff97f37711172cb0653d2205a931b4c168bec2c2632593bb,FY2021Q2; TD Asset Management Inc. Announces TD ETF Distributions
td_newsroom,news_json,2021-04-19_td-asset-management-inc-announces-td-etf-distributions,data/raw/news/2021-04-19_td-asset-management-inc-announces-td-etf-distributions.json,https://stories.td.com/ca/en/news/2021-04-19-td-asset-management-inc.-announces-td-etf-distributions,2026-04-18T02:05:04+00:00,121.0,bff8caaba3affd488a9f1a4e235a020797a50f9238b9473d538640ae8f6e73e1,parsed headline + body
td_newsroom,news_html,2021-04-20_td-hits-10-million-mobile-user-milestone,data/raw/news/2021-04-20_td-hits-10-million-mobile-user-milestone.html,https://stories.td.com/ca/en/news/2021-04-20-td-hits-10-million-mobile-user-milestone,2026-04-18T02:05:05+00:00,,7cf5865b1e3a0b7b430271cca551521271eaf2057a9f943e569a632111521cb1,FY2021Q2; TD Hits 10 Million Mobile User Milestone
td_newsroom,news_json,2021-04-20_td-hits-10-million-mobile-user-milestone,data/raw/news/2021-04-20_td-hits-10-million-mobile-user-milestone.json,https://stories.td.com/ca/en/news/2021-04-20-td-hits-10-million-mobile-user-milestone,2026-04-18T02:05:05+00:00,41.0,d6527ffd3845f37183f564787c0e7642ab7bc3af6415cf3970163a48a2c6d562,parsed headline + body
td_newsroom,news_html,2021-05-03_td-bank-group-completes-acquisition-of-wells-fargo-27s-canadia,data/raw/news/2021-05-03_td-bank-group-completes-acquisition-of-wells-fargo-27s-canadia.html,https://stories.td.com/ca/en/news/2021-05-03-td-bank-group-completes-acquisition-of-wells-fargo-27s-canadia,2026-04-18T02:05:06+00:00,,e326a5beeba5e8ca2a689091ef61d2d40d22cd588c95fffaea81ff34c3bcc07c,FY2021Q3; TD Bank Group completes acquisition of Wells Fargo's Canadian Direct Equipment F
td_newsroom,news_json,2021-05-03_td-bank-group-completes-acquisition-of-wells-fargo-27s-canadia,data/raw/news/2021-05-03_td-bank-group-completes-acquisition-of-wells-fargo-27s-canadia.json,https://stories.td.com/ca/en/news/2021-05-03-td-bank-group-completes-acquisition-of-wells-fargo-27s-canadia,2026-04-18T02:05:06+00:00,33.0,ca90ff35e39a0135c0f5c01ed554bb3e07be9805424d94597b4f78513fce9145,parsed headline + body
td_newsroom,news_html,2021-05-03_td-donates-24250-2c000-to-the-canadian-red-cross-to-support-glo,data/raw/news/2021-05-03_td-donates-24250-2c000-to-the-canadian-red-cross-to-support-glo.html,https://stories.td.com/ca/en/news/2021-05-03-td-donates-24250-2c000-to-the-canadian-red-cross-to-support-glo,2026-04-18T02:05:07+00:00,,15a81898d510befe158fffb1f8f39290b874e3f16686689650d86fbf542ac607,"FY2021Q3; TD Donates $250,000 to the Canadian Red Cross to Support Global COVID-Relief Eff"
td_newsroom,news_json,2021-05-03_td-donates-24250-2c000-to-the-canadian-red-cross-to-support-glo,data/raw/news/2021-05-03_td-donates-24250-2c000-to-the-canadian-red-cross-to-support-glo.json,https://stories.td.com/ca/en/news/2021-05-03-td-donates-24250-2c000-to-the-canadian-red-cross-to-support-glo,2026-04-18T02:05:07+00:00,17.0,0245161937d1ab6aede6e704d6066c903993279166a2b4ace686106c3e4259b7,parsed headline + body
td_newsroom,news_html,2021-05-06_media-advisory-td-bank-group-to-release-second-quarter-fin,data/raw/news/2021-05-06_media-advisory-td-bank-group-to-release-second-quarter-fin.html,https://stories.td.com/ca/en/news/2021-05-06-media-advisory---td-bank-group-to-release-second-quarter-fin,2026-04-18T02:05:07+00:00,,2bdcc6e09074cae5e9c64380b05331858b549d5b05e8663c5ad39c4b3173bf0b,FY2021Q3; Media Advisory - TD Bank Group to release second quarter financial results
td_newsroom,news_json,2021-05-06_media-advisory-td-bank-group-to-release-second-quarter-fin,data/raw/news/2021-05-06_media-advisory-td-bank-group-to-release-second-quarter-fin.json,https://stories.td.com/ca/en/news/2021-05-06-media-advisory---td-bank-group-to-release-second-quarter-fin,2026-04-18T02:05:07+00:00,15.0,b2164ecd94396566b01df96a0fb2afb014052331e8809ed6734432ee7df3d9ed,parsed headline + body
td_newsroom,news_html,2021-05-14_td-asset-management-inc-announces-td-etf-distributions,data/raw/news/2021-05-14_td-asset-management-inc-announces-td-etf-distributions.html,https://stories.td.com/ca/en/news/2021-05-14-td-asset-management-inc.-announces-td-etf-distributions,2026-04-18T02:05:08+00:00,,5757fac30d293c5392e8a47037ce61dafe33c54a674b9382764dcb346ce89902,FY2021Q3; TD Asset Management Inc. Announces TD ETF Distributions
td_newsroom,news_json,2021-05-14_td-asset-management-inc-announces-td-etf-distributions,data/raw/news/2021-05-14_td-asset-management-inc-announces-td-etf-distributions.json,https://stories.td.com/ca/en/news/2021-05-14-td-asset-management-inc.-announces-td-etf-distributions,2026-04-18T02:05:08+00:00,125.0,25135e744d723fea96684b8d40f9e5648ea1632da282e0b0e71996e5c90df1c4,parsed headline + body
td_newsroom,news_html,2021-05-17_td-capital-trust-iv-announces-redemption-of-td-capital-trust,data/raw/news/2021-05-17_td-capital-trust-iv-announces-redemption-of-td-capital-trust.html,https://stories.td.com/ca/en/news/2021-05-17-td-capital-trust-iv-announces-redemption-of-td-capital-trust,2026-04-18T02:05:09+00:00,,7cf6759114034286215296cd81a44f6098abb87c274a185150236000b200942f,FY2021Q3; TD Capital Trust IV Announces Redemption of TD Capital Trust IV Notes - Series 3
td_newsroom,news_json,2021-05-17_td-capital-trust-iv-announces-redemption-of-td-capital-trust,data/raw/news/2021-05-17_td-capital-trust-iv-announces-redemption-of-td-capital-trust.json,https://stories.td.com/ca/en/news/2021-05-17-td-capital-trust-iv-announces-redemption-of-td-capital-trust,2026-04-18T02:05:09+00:00,11.0,4fbbda7827ec3c7e5954096f747c1dc4613e287a38c5754feff09252f0cbc0eb,parsed headline + body
td_newsroom,news_html,2021-05-18_generation-gamble-3f-millennials-more-willing-to-engage-in-bid,data/raw/news/2021-05-18_generation-gamble-3f-millennials-more-willing-to-engage-in-bid.html,https://stories.td.com/ca/en/news/2021-05-18-generation-gamble-3f-millennials-more-willing-to-engage-in-bid,2026-04-18T02:05:09+00:00,,052b18856e3641f285c40d5ae5294f8899260f42b3e07f2203f2f97b84eda0f0,FY2021Q3; Generation gamble? Millennials more willing to engage in bidding wars to get the
td_newsroom,news_json,2021-05-18_generation-gamble-3f-millennials-more-willing-to-engage-in-bid,data/raw/news/2021-05-18_generation-gamble-3f-millennials-more-willing-to-engage-in-bid.json,https://stories.td.com/ca/en/news/2021-05-18-generation-gamble-3f-millennials-more-willing-to-engage-in-bid,2026-04-18T02:05:09+00:00,39.0,c8f0960c6e5ce38a8b958d12b13d9788230b063484ddf5e94fc5ee6c042bb92f,parsed headline + body
td_newsroom,news_html,2021-05-25_2fr-e-p-e-a-t-media-advisory-td-bank-group-to-release-se,data/raw/news/2021-05-25_2fr-e-p-e-a-t-media-advisory-td-bank-group-to-release-se.html,https://stories.td.com/ca/en/news/2021-05-25--2fr-e-p-e-a-t----media-advisory---td-bank-group-to-release-se,2026-04-18T02:05:10+00:00,,5fb41193fc2d13cc92652476807b055c29423e713ffa064d41f413cb128f78e7,FY2021Q3; /R E P E A T -- Media Advisory - TD Bank Group to release second quarter financi
td_newsroom,news_json,2021-05-25_2fr-e-p-e-a-t-media-advisory-td-bank-group-to-release-se,data/raw/news/2021-05-25_2fr-e-p-e-a-t-media-advisory-td-bank-group-to-release-se.json,https://stories.td.com/ca/en/news/2021-05-25--2fr-e-p-e-a-t----media-advisory---td-bank-group-to-release-se,2026-04-18T02:05:10+00:00,15.0,238b6707ec5079547570e2d33fda8333f78f23de0e99fc3ec4a53914304a848d,parsed headline + body
td_newsroom,news_html,2021-05-25_2fr-e-p-e-a-t-td-capital-trust-iv-announces-redemption-of,data/raw/news/2021-05-25_2fr-e-p-e-a-t-td-capital-trust-iv-announces-redemption-of.html,https://stories.td.com/ca/en/news/2021-05-25--2fr-e-p-e-a-t----td-capital-trust-iv-announces-redemption-of,2026-04-18T02:05:11+00:00,,5f3a12779b758cd17ae5a037ee3222fc3a5dc14f097de63ed23bfb64016d533f,FY2021Q3; /R E P E A T -- TD Capital Trust IV Announces Redemption of TD Capital Trust IV 
td_newsroom,news_json,2021-05-25_2fr-e-p-e-a-t-td-capital-trust-iv-announces-redemption-of,data/raw/news/2021-05-25_2fr-e-p-e-a-t-td-capital-trust-iv-announces-redemption-of.json,https://stories.td.com/ca/en/news/2021-05-25--2fr-e-p-e-a-t----td-capital-trust-iv-announces-redemption-of,2026-04-18T02:05:11+00:00,11.0,378ceb5a897597c275b24a66b18bac6cf0ebf6fc0a333bf66c5f54711ca4de34,parsed headline + body
td_newsroom,news_html,2021-05-25_td-renews-its-commitment-to-vulnerable-communities,data/raw/news/2021-05-25_td-renews-its-commitment-to-vulnerable-communities.html,https://stories.td.com/ca/en/news/2021-05-25-td-renews-its-commitment-to-vulnerable-communities,2026-04-18T02:05:11+00:00,,a6d8d516515c2ca65d6e77fa7cefbb548d3e3fc78c23df910e0c51bbe3c2e405,FY2021Q3; TD renews its commitment to vulnerable communities
td_newsroom,news_json,2021-05-25_td-renews-its-commitment-to-vulnerable-communities,data/raw/news/2021-05-25_td-renews-its-commitment-to-vulnerable-communities.json,https://stories.td.com/ca/en/news/2021-05-25-td-renews-its-commitment-to-vulnerable-communities,2026-04-18T02:05:11+00:00,25.0,e5d20b67383058b8f137e9f30eb380e742b7168dda97c97d368a977ece5ea4cf,parsed headline + body
td_newsroom,news_html,2021-05-27_td-bank-group-declares-dividends,data/raw/news/2021-05-27_td-bank-group-declares-dividends.html,https://stories.td.com/ca/en/news/2021-05-27-td-bank-group-declares-dividends,2026-04-18T02:05:12+00:00,,4747c4b0bbfca4c7fe5d4ac74d50de6c9cb8eb6dc5de25dde0744ec9a39df9bf,FY2021Q3; TD Bank Group Declares Dividends
td_newsroom,news_json,2021-05-27_td-bank-group-declares-dividends,data/raw/news/2021-05-27_td-bank-group-declares-dividends.json,https://stories.td.com/ca/en/news/2021-05-27-td-bank-group-declares-dividends,2026-04-18T02:05:12+00:00,45.0,cec1c393550e78df8b8a328c24a0cac999c2c16de830ed6babdc9093776b73c1,parsed headline + body
td_newsroom,news_html,2021-05-27_td-bank-group-reports-second-quarter-2021-results,data/raw/news/2021-05-27_td-bank-group-reports-second-quarter-2021-results.html,https://stories.td.com/ca/en/news/2021-05-27-td-bank-group-reports-second-quarter-2021-results,2026-04-18T02:05:13+00:00,,e4c85b52fc9a7ae4434c0081fbb9aec2cd8d81c377fc53b4afebbfee56c518f7,FY2021Q3; TD Bank Group Reports Second Quarter 2021 Results
td_newsroom,news_json,2021-05-27_td-bank-group-reports-second-quarter-2021-results,data/raw/news/2021-05-27_td-bank-group-reports-second-quarter-2021-results.json,https://stories.td.com/ca/en/news/2021-05-27-td-bank-group-reports-second-quarter-2021-results,2026-04-18T02:05:13+00:00,3255.0,d5cf5e967cb814c0d22e35c32ab33f7998bdc9b184bc65c1d8ade648e50d6c3d,parsed headline + body
td_newsroom,news_html,2021-05-28_td-asset-management-inc-announces-notional-td-etf-distribut,data/raw/news/2021-05-28_td-asset-management-inc-announces-notional-td-etf-distribut.html,https://stories.td.com/ca/en/news/2021-05-28-td-asset-management-inc.-announces-notional-td-etf-distribut,2026-04-18T02:05:14+00:00,,4238868e75bac1d286064139ea4a8747c2d6d3ede533276d6a7764f504982d2f,FY2021Q3; TD Asset Management Inc. Announces Notional TD ETF Distributions
td_newsroom,news_json,2021-05-28_td-asset-management-inc-announces-notional-td-etf-distribut,data/raw/news/2021-05-28_td-asset-management-inc-announces-notional-td-etf-distribut.json,https://stories.td.com/ca/en/news/2021-05-28-td-asset-management-inc.-announces-notional-td-etf-distribut,2026-04-18T02:05:14+00:00,47.0,2ed8386d12fb2ff86e478149eff283612c711fa24f86457bcfae4741440921c9,parsed headline + body
td_newsroom,news_html,2021-06-04_td-asset-management-inc-announces-portfolio-adviser-change,data/raw/news/2021-06-04_td-asset-management-inc-announces-portfolio-adviser-change.html,https://stories.td.com/ca/en/news/2021-06-04-td-asset-management-inc.-announces-portfolio-adviser-change,2026-04-18T02:05:15+00:00,,3baddd71975820b71ff2afc90278f75f3c861d41a731419a60d0512f86ebeec0,FY2021Q3; TD Asset Management Inc. Announces Portfolio Adviser Change for Two Funds
td_newsroom,news_json,2021-06-04_td-asset-management-inc-announces-portfolio-adviser-change,data/raw/news/2021-06-04_td-asset-management-inc-announces-portfolio-adviser-change.json,https://stories.td.com/ca/en/news/2021-06-04-td-asset-management-inc.-announces-portfolio-adviser-change,2026-04-18T02:05:15+00:00,27.0,e6b60e4688991daff6c51f455ddfef7ef6b7c45364d4e0c12c47f94af081406a,parsed headline + body
td_newsroom,news_html,2021-06-10_global-finance-recognizes-td-bank-for-ai-powered-digital-cus,data/raw/news/2021-06-10_global-finance-recognizes-td-bank-for-ai-powered-digital-cus.html,https://stories.td.com/ca/en/news/2021-06-10-global-finance-recognizes-td-bank-for-ai-powered-digital-cus,2026-04-18T02:05:15+00:00,,1dc73b4d8c86ea624f465dc1ec339f1e6cfcdc6a2db0a6e373808db7a53a07b9,FY2021Q3; Global Finance Recognizes TD Bank for AI-Powered Digital Customer Support
td_newsroom,news_json,2021-06-10_global-finance-recognizes-td-bank-for-ai-powered-digital-cus,data/raw/news/2021-06-10_global-finance-recognizes-td-bank-for-ai-powered-digital-cus.json,https://stories.td.com/ca/en/news/2021-06-10-global-finance-recognizes-td-bank-for-ai-powered-digital-cus,2026-04-18T02:05:15+00:00,23.0,2ae63df74b9d32cc7cef53072b6f756431d8f539544b0a21a6e13f369752f837,parsed headline + body
td_newsroom,news_html,2021-06-14_government-of-canada-selects-td-securities-for-first-ever-is,data/raw/news/2021-06-14_government-of-canada-selects-td-securities-for-first-ever-is.html,https://stories.td.com/ca/en/news/2021-06-14-government-of-canada-selects-td-securities-for-first-ever-is,2026-04-18T02:05:16+00:00,,cdc73dd8601edcfcfdfc8644f139729f669704911fb428c4f0526114f16d6709,FY2021Q3; Government of Canada Selects TD Securities for First-Ever Issuance of Green Bond
td_newsroom,news_json,2021-06-14_government-of-canada-selects-td-securities-for-first-ever-is,data/raw/news/2021-06-14_government-of-canada-selects-td-securities-for-first-ever-is.json,https://stories.td.com/ca/en/news/2021-06-14-government-of-canada-selects-td-securities-for-first-ever-is,2026-04-18T02:05:16+00:00,57.0,b2f5df947ebacefcde02b3d66e59bef49ef4aa6fae7943b87dfe929898872d1f,parsed headline + body
td_newsroom,news_html,2021-06-17_td-asset-management-inc-announces-td-etf-distributions,data/raw/news/2021-06-17_td-asset-management-inc-announces-td-etf-distributions.html,https://stories.td.com/ca/en/news/2021-06-17-td-asset-management-inc.-announces-td-etf-distributions,2026-04-18T02:05:17+00:00,,abcec8c5457616658e61309d94c6f51e95dab31fd97f94cb34befe6f51534a5f,FY2021Q3; TD Asset Management Inc. Announces TD ETF Distributions
td_newsroom,news_json,2021-06-17_td-asset-management-inc-announces-td-etf-distributions,data/raw/news/2021-06-17_td-asset-management-inc-announces-td-etf-distributions.json,https://stories.td.com/ca/en/news/2021-06-17-td-asset-management-inc.-announces-td-etf-distributions,2026-04-18T02:05:17+00:00,231.0,db05089b75a41410bbff164951d376939eef33fa48ce7adc5ffc960a40c86441,parsed headline + body
td_newsroom,news_html,2021-06-17_post-pandemic-to-do-3a-why-in-person-financial-advice-tops-the,data/raw/news/2021-06-17_post-pandemic-to-do-3a-why-in-person-financial-advice-tops-the.html,https://stories.td.com/ca/en/news/2021-06-17-post-pandemic-to-do-3a-why-in-person-financial-advice-tops-the,2026-04-18T02:05:17+00:00,,52469bf387932618abe52f4cc38d3d3116602bcfa2e76a74361f26507c6d8fa0,FY2021Q3; Post-pandemic to-do: Why in-person financial advice tops the list
td_newsroom,news_json,2021-06-17_post-pandemic-to-do-3a-why-in-person-financial-advice-tops-the,data/raw/news/2021-06-17_post-pandemic-to-do-3a-why-in-person-financial-advice-tops-the.json,https://stories.td.com/ca/en/news/2021-06-17-post-pandemic-to-do-3a-why-in-person-financial-advice-tops-the,2026-04-18T02:05:17+00:00,43.0,785fe54b21795e9a62d305662d5cc1c20efd73c9ccc78c9061618c0974fe2e10,parsed headline + body
td_newsroom,news_html,2021-06-18_td-asset-management-inc-revises-notional-td-etf-distributio,data/raw/news/2021-06-18_td-asset-management-inc-revises-notional-td-etf-distributio.html,https://stories.td.com/ca/en/news/2021-06-18-td-asset-management-inc.-revises-notional-td-etf-distributio,2026-04-18T02:05:18+00:00,,a6189a42b1c08f2910212d274c3747f5c469e8b011deab19eea859e03b4e4bdd,FY2021Q3; TD Asset Management Inc. Revises Notional TD ETF Distribution
td_newsroom,news_json,2021-06-18_td-asset-management-inc-revises-notional-td-etf-distributio,data/raw/news/2021-06-18_td-asset-management-inc-revises-notional-td-etf-distributio.json,https://stories.td.com/ca/en/news/2021-06-18-td-asset-management-inc.-revises-notional-td-etf-distributio,2026-04-18T02:05:18+00:00,25.0,3793a6cc8e5eb57d9153f433102949b8e5d416ce11f082542e53e948e5e9d20e,parsed headline + body
td_newsroom,news_html,2021-06-21_td-bank-group-contributes-241m-to-muhc-foundation-to-help-imp,data/raw/news/2021-06-21_td-bank-group-contributes-241m-to-muhc-foundation-to-help-imp.html,https://stories.td.com/ca/en/news/2021-06-21-td-bank-group-contributes-241m-to-muhc-foundation-to-help-imp,2026-04-18T02:05:19+00:00,,5863ec991a824a02a864f2038da1fe1150bfa8ec23a411a21583884ec30eea8d,FY2021Q3; TD Bank Group contributes $1M to MUHC Foundation to help improve access to healt
td_newsroom,news_json,2021-06-21_td-bank-group-contributes-241m-to-muhc-foundation-to-help-imp,data/raw/news/2021-06-21_td-bank-group-contributes-241m-to-muhc-foundation-to-help-imp.json,https://stories.td.com/ca/en/news/2021-06-21-td-bank-group-contributes-241m-to-muhc-foundation-to-help-imp,2026-04-18T02:05:19+00:00,23.0,dd4e0aa221a7d7898f2230ffa170468b760b2a5f76cb92a83004b0aaec11096c,parsed headline + body
td_newsroom,news_html,2021-06-23_td-asset-management-inc-28tdam-29-announces-support-for-the-ta,data/raw/news/2021-06-23_td-asset-management-inc-28tdam-29-announces-support-for-the-ta.html,https://stories.td.com/ca/en/news/2021-06-23-td-asset-management-inc.-28tdam-29-announces-support-for-the-ta,2026-04-18T02:05:20+00:00,,eadcb19f58f4e6516ea34b2a0d8af65f2b3e446c0bc723912be9d09152640a8c,FY2021Q3; TD Asset Management Inc. (TDAM) Announces Support for the Task Force on Climate-
td_newsroom,news_json,2021-06-23_td-asset-management-inc-28tdam-29-announces-support-for-the-ta,data/raw/news/2021-06-23_td-asset-management-inc-28tdam-29-announces-support-for-the-ta.json,https://stories.td.com/ca/en/news/2021-06-23-td-asset-management-inc.-28tdam-29-announces-support-for-the-ta,2026-04-18T02:05:20+00:00,43.0,f56dd1199c0c80fc60375052fadc696f21857153a3efd025b15bc84eafe8690a,parsed headline + body
td_newsroom,news_html,2021-06-24_td-bank-group-announces-changes-to-senior-executive-team,data/raw/news/2021-06-24_td-bank-group-announces-changes-to-senior-executive-team.html,https://stories.td.com/ca/en/news/2021-06-24-td-bank-group-announces-changes-to-senior-executive-team,2026-04-18T02:05:21+00:00,,b415a251c20e25dc54580f08a002d3821ef8b6401d3a0b558dae2d8ddd6a5388,FY2021Q3; TD Bank Group Announces Changes to Senior Executive Team
td_newsroom,news_json,2021-06-24_td-bank-group-announces-changes-to-senior-executive-team,data/raw/news/2021-06-24_td-bank-group-announces-changes-to-senior-executive-team.json,https://stories.td.com/ca/en/news/2021-06-24-td-bank-group-announces-changes-to-senior-executive-team,2026-04-18T02:05:21+00:00,53.0,d95d0e9130b4e4609935dbb956d4804eb9967703ff40e60b59fb584d554d9e88,parsed headline + body
td_newsroom,news_html,2021-07-06_be-better-prepared-for-extreme-weather-with-new-digital-seve,data/raw/news/2021-07-06_be-better-prepared-for-extreme-weather-with-new-digital-seve.html,https://stories.td.com/ca/en/news/2021-07-06-be-better-prepared-for-extreme-weather-with-new-digital-seve,2026-04-18T02:05:21+00:00,,221daa2c7b3e421473fb57449788bd4e88cd9a75b06a7d330d0a463618334731,FY2021Q3; Be better prepared for extreme weather with new digital Severe Weather & Safety 
td_newsroom,news_json,2021-07-06_be-better-prepared-for-extreme-weather-with-new-digital-seve,data/raw/news/2021-07-06_be-better-prepared-for-extreme-weather-with-new-digital-seve.json,https://stories.td.com/ca/en/news/2021-07-06-be-better-prepared-for-extreme-weather-with-new-digital-seve,2026-04-18T02:05:21+00:00,27.0,7742be30e98df5a64e722cd88dec622010215810987dfca0c57510cda3c31915,parsed headline + body
td_newsroom,news_html,2021-07-06_td-bank-group-completes-acquisition-of-electronic-fixed-inco,data/raw/news/2021-07-06_td-bank-group-completes-acquisition-of-electronic-fixed-inco.html,https://stories.td.com/ca/en/news/2021-07-06-td-bank-group-completes-acquisition-of-electronic-fixed-inco,2026-04-18T02:05:22+00:00,,ce623d340aef1333edfa5c833293d3d8b91cced49275bcee8d626a2168ca2736,FY2021Q3; TD Bank Group completes acquisition of electronic fixed income trading business
td_newsroom,news_json,2021-07-06_td-bank-group-completes-acquisition-of-electronic-fixed-inco,data/raw/news/2021-07-06_td-bank-group-completes-acquisition-of-electronic-fixed-inco.json,https://stories.td.com/ca/en/news/2021-07-06-td-bank-group-completes-acquisition-of-electronic-fixed-inco,2026-04-18T02:05:22+00:00,33.0,44617bd748657fcf936414c973e05d98b9cf09913c170d6aa4d58fa0a7b13be2,parsed headline + body
td_newsroom,news_html,2021-07-12_helping-address-covid-19-learning-loss-3a-td-launches-4th-annu,data/raw/news/2021-07-12_helping-address-covid-19-learning-loss-3a-td-launches-4th-annu.html,https://stories.td.com/ca/en/news/2021-07-12-helping-address-covid-19-learning-loss-3a-td-launches-4th-annu,2026-04-18T02:05:23+00:00,,c0278dd1e2ebb3fe064b3fde5b8fad577df68ec06b1f056ced73ed9ae94186ed,FY2021Q3; Helping Address COVID-19 Learning Loss: TD launches 4th Annual TD Ready Challeng
td_newsroom,news_json,2021-07-12_helping-address-covid-19-learning-loss-3a-td-launches-4th-annu,data/raw/news/2021-07-12_helping-address-covid-19-learning-loss-3a-td-launches-4th-annu.json,https://stories.td.com/ca/en/news/2021-07-12-helping-address-covid-19-learning-loss-3a-td-launches-4th-annu,2026-04-18T02:05:23+00:00,27.0,6b75594f3dd359bf4cb17eda7c7eac8a08c5a6dbef13cd084640119bdc59fefa,parsed headline + body
td_newsroom,news_html,2021-07-14_td-securities-wins-27canada-27s-best-investment-bank-27-in-euromo,data/raw/news/2021-07-14_td-securities-wins-27canada-27s-best-investment-bank-27-in-euromo.html,https://stories.td.com/ca/en/news/2021-07-14-td-securities-wins-27canada-27s-best-investment-bank-27-in-euromo,2026-04-18T02:05:24+00:00,,e2c4fcbac7a8710a61fdc41af8765900c30d93b258987e0a74c5af94c0367e05,FY2021Q3; TD Securities wins 'Canada's Best Investment Bank' in Euromoney's Awards for Exc
td_newsroom,news_json,2021-07-14_td-securities-wins-27canada-27s-best-investment-bank-27-in-euromo,data/raw/news/2021-07-14_td-securities-wins-27canada-27s-best-investment-bank-27-in-euromo.json,https://stories.td.com/ca/en/news/2021-07-14-td-securities-wins-27canada-27s-best-investment-bank-27-in-euromo,2026-04-18T02:05:24+00:00,21.0,05bf4bc3332fc0e672c321c0d8f15a998506e6107b98aeb7516f928c02e1a94d,parsed headline + body
td_newsroom,news_html,2021-07-19_td-asset-management-inc-announces-td-etf-distributions,data/raw/news/2021-07-19_td-asset-management-inc-announces-td-etf-distributions.html,https://stories.td.com/ca/en/news/2021-07-19-td-asset-management-inc.-announces-td-etf-distributions,2026-04-18T02:05:24+00:00,,28027f3d05e19dc36d77bf5615270f070a337bfadb1ee254821176ec8d693b23,FY2021Q3; TD Asset Management Inc. Announces TD ETF Distributions
td_newsroom,news_json,2021-07-19_td-asset-management-inc-announces-td-etf-distributions,data/raw/news/2021-07-19_td-asset-management-inc-announces-td-etf-distributions.json,https://stories.td.com/ca/en/news/2021-07-19-td-asset-management-inc.-announces-td-etf-distributions,2026-04-18T02:05:24+00:00,119.0,ae884574e54aff6c4002cd78af9157791ab9cb5b6c0cc14da8e03b15e6e75877,parsed headline + body
td_newsroom,news_html,2021-07-19_td-bank-group-comments-on-expected-impact-of-the-charles-sch,data/raw/news/2021-07-19_td-bank-group-comments-on-expected-impact-of-the-charles-sch.html,https://stories.td.com/ca/en/news/2021-07-19-td-bank-group-comments-on-expected-impact-of-the-charles-sch,2026-04-18T02:05:25+00:00,,667d75589f8583dc1141a386f697930e27b4bcd5655e08469a00b4a9075a0707,FY2021Q3; TD Bank Group Comments on Expected Impact of the Charles Schwab Corporation's Se
td_newsroom,news_json,2021-07-19_td-bank-group-comments-on-expected-impact-of-the-charles-sch,data/raw/news/2021-07-19_td-bank-group-comments-on-expected-impact-of-the-charles-sch.json,https://stories.td.com/ca/en/news/2021-07-19-td-bank-group-comments-on-expected-impact-of-the-charles-sch,2026-04-18T02:05:25+00:00,27.0,909d51e32fc5d0f038a6a95d7e6a9f75363404c8b01da553f60e0cb79103aae9,parsed headline + body
td_newsroom,news_html,2021-07-21_protecting-lifestyle-and-legacy-with-td-insurance-private-cl,data/raw/news/2021-07-21_protecting-lifestyle-and-legacy-with-td-insurance-private-cl.html,https://stories.td.com/ca/en/news/2021-07-21-protecting-lifestyle-and-legacy-with-td-insurance-private-cl,2026-04-18T02:05:26+00:00,,b24209f996badeaf6cd82853b101521a7899a4971013aacb2c4657306f9560fa,FY2021Q3; Protecting Lifestyle and Legacy with TD Insurance Private Client Advice
td_newsroom,news_json,2021-07-21_protecting-lifestyle-and-legacy-with-td-insurance-private-cl,data/raw/news/2021-07-21_protecting-lifestyle-and-legacy-with-td-insurance-private-cl.json,https://stories.td.com/ca/en/news/2021-07-21-protecting-lifestyle-and-legacy-with-td-insurance-private-cl,2026-04-18T02:05:26+00:00,41.0,127fdcd4e810a0aa05372dbd2dd46e14bdd3626b9c3b2511aef492ee39bff42e,parsed headline + body
td_newsroom,news_html,2021-07-22_td-announces-nvcc-at1-limited-recourse-capital-notes-issue,data/raw/news/2021-07-22_td-announces-nvcc-at1-limited-recourse-capital-notes-issue.html,https://stories.td.com/ca/en/news/2021-07-22-td-announces-nvcc-at1-limited-recourse-capital-notes-issue,2026-04-18T02:05:27+00:00,,e168e486d7eb809837ab3a30d7e55e74f55b98024489666a504009423bf24504,FY2021Q3; TD Announces NVCC AT1 Limited Recourse Capital Notes Issue
td_newsroom,news_json,2021-07-22_td-announces-nvcc-at1-limited-recourse-capital-notes-issue,data/raw/news/2021-07-22_td-announces-nvcc-at1-limited-recourse-capital-notes-issue.json,https://stories.td.com/ca/en/news/2021-07-22-td-announces-nvcc-at1-limited-recourse-capital-notes-issue,2026-04-18T02:05:27+00:00,21.0,aec7140051333f98fe142f33690b3ca5363f9bc360ee851820f02b66b941891c,parsed headline + body
td_newsroom,news_html,2021-07-27_mobile-banking-reports-name-td-industry-leader-in-digital-cu,data/raw/news/2021-07-27_mobile-banking-reports-name-td-industry-leader-in-digital-cu.html,https://stories.td.com/ca/en/news/2021-07-27-mobile-banking-reports-name-td-industry-leader-in-digital-cu,2026-04-18T02:05:28+00:00,,9c88d5174f0b16926fea0527ce015b1fc40dfd4ad94657b3ef0bf9a2a7e18403,FY2021Q3; Mobile banking reports name TD industry leader in digital customer experiences
td_newsroom,news_json,2021-07-27_mobile-banking-reports-name-td-industry-leader-in-digital-cu,data/raw/news/2021-07-27_mobile-banking-reports-name-td-industry-leader-in-digital-cu.json,https://stories.td.com/ca/en/news/2021-07-27-mobile-banking-reports-name-td-industry-leader-in-digital-cu,2026-04-18T02:05:28+00:00,27.0,f16442e4ee9eddf9dc9ff99adca838cefbbee0a46dc04a6a2889257e4b479e76,parsed headline + body
td_newsroom,news_html,2021-07-29_canada-post-and-td-enter-strategic-alliance-to-expand-access,data/raw/news/2021-07-29_canada-post-and-td-enter-strategic-alliance-to-expand-access.html,https://stories.td.com/ca/en/news/2021-07-29-canada-post-and-td-enter-strategic-alliance-to-expand-access,2026-04-18T02:05:29+00:00,,714148a9a954a24dee966b2b336a645cff97bd01cf18931de24f4ba63613f1a6,FY2021Q3; Canada Post and TD enter strategic alliance to expand access to financial servic
td_newsroom,news_json,2021-07-29_canada-post-and-td-enter-strategic-alliance-to-expand-access,data/raw/news/2021-07-29_canada-post-and-td-enter-strategic-alliance-to-expand-access.json,https://stories.td.com/ca/en/news/2021-07-29-canada-post-and-td-enter-strategic-alliance-to-expand-access,2026-04-18T02:05:29+00:00,19.0,837e264c3f338c355e0afb85a651c3723fdeedde52b031736c40b825b4dc89dd,parsed headline + body
td_newsroom,news_html,2021-07-29_td-asset-management-inc-announces-risk-rating-changes-for-s,data/raw/news/2021-07-29_td-asset-management-inc-announces-risk-rating-changes-for-s.html,https://stories.td.com/ca/en/news/2021-07-29-td-asset-management-inc.-announces-risk-rating-changes-for-s,2026-04-18T02:05:29+00:00,,40ea984709432cbc3cf230b6a8ddffb89b0bdb639011a7875b883aafb281cf96,FY2021Q3; TD Asset Management Inc. announces risk rating changes for some TD Mutual Funds 
td_newsroom,news_json,2021-07-29_td-asset-management-inc-announces-risk-rating-changes-for-s,data/raw/news/2021-07-29_td-asset-management-inc-announces-risk-rating-changes-for-s.json,https://stories.td.com/ca/en/news/2021-07-29-td-asset-management-inc.-announces-risk-rating-changes-for-s,2026-04-18T02:05:29+00:00,55.0,2003ea33b71303b41fda3371635a90426a25a5c359060dd667b2833de13cf403,parsed headline + body
td_newsroom,news_html,2021-08-03_td-asset-management-inc-announces-two-new-notional-td-etf-d,data/raw/news/2021-08-03_td-asset-management-inc-announces-two-new-notional-td-etf-d.html,https://stories.td.com/ca/en/news/2021-08-03-td-asset-management-inc.-announces-two-new-notional-td-etf-d,2026-04-18T02:05:30+00:00,,87697cd98eec0ca63894d28b14ac2791f3b36a4ff03b7cdeb38423a76f4be715,FY2021Q4; TD Asset Management Inc. Announces Two New Notional TD ETF Distributions and a R
td_newsroom,news_json,2021-08-03_td-asset-management-inc-announces-two-new-notional-td-etf-d,data/raw/news/2021-08-03_td-asset-management-inc-announces-two-new-notional-td-etf-d.json,https://stories.td.com/ca/en/news/2021-08-03-td-asset-management-inc.-announces-two-new-notional-td-etf-d,2026-04-18T02:05:30+00:00,69.0,f2b4571651f1401f3162286460a5ceee6e0e4af68d733c88f5c1bc06c1e461ff,parsed headline + body
td_newsroom,news_html,2021-08-05_media-advisory-td-bank-group-to-release-third-quarter-fina,data/raw/news/2021-08-05_media-advisory-td-bank-group-to-release-third-quarter-fina.html,https://stories.td.com/ca/en/news/2021-08-05-media-advisory---td-bank-group-to-release-third-quarter-fina,2026-04-18T02:05:31+00:00,,889acbbaa170bb8bbdaa245ae640fea54f10e133f17aa30128b3ef11669ba458,FY2021Q4; Media Advisory - TD Bank Group to Release Third Quarter Financial Results
td_newsroom,news_json,2021-08-05_media-advisory-td-bank-group-to-release-third-quarter-fina,data/raw/news/2021-08-05_media-advisory-td-bank-group-to-release-third-quarter-fina.json,https://stories.td.com/ca/en/news/2021-08-05-media-advisory---td-bank-group-to-release-third-quarter-fina,2026-04-18T02:05:31+00:00,17.0,75cc26f2bf205d336fdf6299703d46be3ffa5a4d94f18e470a8109c9e1337980,parsed headline + body
td_newsroom,news_html,2021-08-11_td-asset-management-inc-announces-termination-of-td-corpora,data/raw/news/2021-08-11_td-asset-management-inc-announces-termination-of-td-corpora.html,https://stories.td.com/ca/en/news/2021-08-11-td-asset-management-inc.-announces-termination-of-td-corpora,2026-04-18T02:05:32+00:00,,31986de1a679d24d6139a610bf20bd8a69e11b859522ff830685b31c6557631a,FY2021Q4; TD Asset Management Inc. announces termination of TD Corporate Bond Plus Fund
td_newsroom,news_json,2021-08-11_td-asset-management-inc-announces-termination-of-td-corpora,data/raw/news/2021-08-11_td-asset-management-inc-announces-termination-of-td-corpora.json,https://stories.td.com/ca/en/news/2021-08-11-td-asset-management-inc.-announces-termination-of-td-corpora,2026-04-18T02:05:32+00:00,33.0,ac1542827cdfe847a92692d4b6b86292e8f0a7668b0822f7bac06be314574a4a,parsed headline + body
td_newsroom,news_html,2021-08-18_td-asset-management-inc-announces-td-etf-distributions,data/raw/news/2021-08-18_td-asset-management-inc-announces-td-etf-distributions.html,https://stories.td.com/ca/en/news/2021-08-18-td-asset-management-inc.-announces-td-etf-distributions,2026-04-18T02:05:33+00:00,,029524fea325fc3747aaf3e47696cf40c44e6ad321df06ce883f6a77fae9f515,FY2021Q4; TD Asset Management Inc. Announces TD ETF Distributions
td_newsroom,news_json,2021-08-18_td-asset-management-inc-announces-td-etf-distributions,data/raw/news/2021-08-18_td-asset-management-inc-announces-td-etf-distributions.json,https://stories.td.com/ca/en/news/2021-08-18-td-asset-management-inc.-announces-td-etf-distributions,2026-04-18T02:05:33+00:00,125.0,6451f2efa452e5840c61ab95bda4b0dc418a84123f02271dd280008cd06aecc7,parsed headline + body
td_newsroom,news_html,2021-08-24_2fr-e-p-e-a-t-media-advisory-td-bank-group-to-release-th,data/raw/news/2021-08-24_2fr-e-p-e-a-t-media-advisory-td-bank-group-to-release-th.html,https://stories.td.com/ca/en/news/2021-08-24--2fr-e-p-e-a-t----media-advisory---td-bank-group-to-release-th,2026-04-18T02:05:33+00:00,,d5b3734a6a6ab411d56e14bc6c7f0eab020845b1251975f89b3a73d4e129d5fe,FY2021Q4; /R E P E A T -- Media Advisory - TD Bank Group to Release Third Quarter Financia
td_newsroom,news_json,2021-08-24_2fr-e-p-e-a-t-media-advisory-td-bank-group-to-release-th,data/raw/news/2021-08-24_2fr-e-p-e-a-t-media-advisory-td-bank-group-to-release-th.json,https://stories.td.com/ca/en/news/2021-08-24--2fr-e-p-e-a-t----media-advisory---td-bank-group-to-release-th,2026-04-18T02:05:33+00:00,17.0,620259bd49c75b87542c6de41a0cec9811733c51be5413505487aeadfb65a80e,parsed headline + body
td_newsroom,news_html,2021-08-26_cherie-brant-appointed-to-board-of-directors-of-td-bank-grou,data/raw/news/2021-08-26_cherie-brant-appointed-to-board-of-directors-of-td-bank-grou.html,https://stories.td.com/ca/en/news/2021-08-26-cherie-brant-appointed-to-board-of-directors-of-td-bank-grou,2026-04-18T02:05:34+00:00,,64b4139499a9f2e1936485394637d8af0eca2f373efec08ae9bd7078f50ba005,FY2021Q4; Cherie Brant Appointed to Board of Directors of TD Bank Group
td_newsroom,news_json,2021-08-26_cherie-brant-appointed-to-board-of-directors-of-td-bank-grou,data/raw/news/2021-08-26_cherie-brant-appointed-to-board-of-directors-of-td-bank-grou.json,https://stories.td.com/ca/en/news/2021-08-26-cherie-brant-appointed-to-board-of-directors-of-td-bank-grou,2026-04-18T02:05:34+00:00,23.0,42508e62a54dfc2ec4c2c88b896b03349fe544e847c8999063c08a2141748ebe,parsed headline + body
td_newsroom,news_html,2021-08-26_td-bank-group-declares-dividends,data/raw/news/2021-08-26_td-bank-group-declares-dividends.html,https://stories.td.com/ca/en/news/2021-08-26-td-bank-group-declares-dividends,2026-04-18T02:05:35+00:00,,b5a37c308dcd3bb40cab02ffa3e150e9e55fce74fbebdce8d994bb7a15aa2c02,FY2021Q4; TD Bank Group Declares Dividends
td_newsroom,news_json,2021-08-26_td-bank-group-declares-dividends,data/raw/news/2021-08-26_td-bank-group-declares-dividends.json,https://stories.td.com/ca/en/news/2021-08-26-td-bank-group-declares-dividends,2026-04-18T02:05:35+00:00,45.0,7656aee7cb3b3b66dad9f47d469fd1d79503ab6279e7c7c7d8650c261462d5f4,parsed headline + body
td_newsroom,news_html,2021-08-26_td-bank-group-reports-third-quarter-2021-results,data/raw/news/2021-08-26_td-bank-group-reports-third-quarter-2021-results.html,https://stories.td.com/ca/en/news/2021-08-26-td-bank-group-reports-third-quarter-2021-results,2026-04-18T02:05:36+00:00,,85c4c43f1e60f0177f1e7257176d5a3d9e45bb6a0201661bc1c0ca3b117d6333,FY2021Q4; TD Bank Group Reports Third Quarter 2021 Results
td_newsroom,news_json,2021-08-26_td-bank-group-reports-third-quarter-2021-results,data/raw/news/2021-08-26_td-bank-group-reports-third-quarter-2021-results.json,https://stories.td.com/ca/en/news/2021-08-26-td-bank-group-reports-third-quarter-2021-results,2026-04-18T02:05:36+00:00,3233.0,9bac05bee093c1a144e50781871870fd8e88f5229e91dea275522b332f0a4cb2,parsed headline + body
td_newsroom,news_html,2021-08-27_media-advisory-td-bank-group-executive-to-present-at-the-s,data/raw/news/2021-08-27_media-advisory-td-bank-group-executive-to-present-at-the-s.html,https://stories.td.com/ca/en/news/2021-08-27-media-advisory---td-bank-group-executive-to-present-at-the-s,2026-04-18T02:05:37+00:00,,8f5b65b2011a58c2a5f6feacd6d48db1791800572cbc138317bc0551c7896d4f,FY2021Q4; Media Advisory - TD Bank Group Executive to Present at the Scotiabank Financials
td_newsroom,news_json,2021-08-27_media-advisory-td-bank-group-executive-to-present-at-the-s,data/raw/news/2021-08-27_media-advisory-td-bank-group-executive-to-present-at-the-s.json,https://stories.td.com/ca/en/news/2021-08-27-media-advisory---td-bank-group-executive-to-present-at-the-s,2026-04-18T02:05:37+00:00,9.0,7673adcd9a53f023fbb01014f42af27aa79c304a1a758a52c3bda16873604026,parsed headline + body
td_newsroom,news_html,2021-09-01_media-advisory-td-bank-group-executive-to-present-at-the-b,data/raw/news/2021-09-01_media-advisory-td-bank-group-executive-to-present-at-the-b.html,https://stories.td.com/ca/en/news/2021-09-01-media-advisory---td-bank-group-executive-to-present-at-the-b,2026-04-18T02:05:37+00:00,,f16e2f4ad5ebf487ce6240fa83f6669898ca03413b2d4847478caab58e664474,FY2021Q4; MEDIA ADVISORY - TD Bank Group Executive to Present at the Barclays Global Finan
td_newsroom,news_json,2021-09-01_media-advisory-td-bank-group-executive-to-present-at-the-b,data/raw/news/2021-09-01_media-advisory-td-bank-group-executive-to-present-at-the-b.json,https://stories.td.com/ca/en/news/2021-09-01-media-advisory---td-bank-group-executive-to-present-at-the-b,2026-04-18T02:05:37+00:00,7.0,3915cde6765355e4cc9366927152795de2e4ba24890703d800c400906f38c3a0,parsed headline + body
td_newsroom,news_html,2021-09-07_2fr-e-p-e-a-t-media-advisory-td-bank-group-executive-to,data/raw/news/2021-09-07_2fr-e-p-e-a-t-media-advisory-td-bank-group-executive-to.html,https://stories.td.com/ca/en/news/2021-09-07--2fr-e-p-e-a-t----media-advisory---td-bank-group-executive-to,2026-04-18T02:05:38+00:00,,4165e5c07ff49cefe4bd952feb4a9fad988a4b739a89be5ba119d9f947385d16,FY2021Q4; /R E P E A T -- Media Advisory - TD Bank Group Executive to Present at the Scoti
td_newsroom,news_json,2021-09-07_2fr-e-p-e-a-t-media-advisory-td-bank-group-executive-to,data/raw/news/2021-09-07_2fr-e-p-e-a-t-media-advisory-td-bank-group-executive-to.json,https://stories.td.com/ca/en/news/2021-09-07--2fr-e-p-e-a-t----media-advisory---td-bank-group-executive-to,2026-04-18T02:05:38+00:00,9.0,20c87a7eb282890db59b6f68341c6fc2725928353b780ccfaa0a03a60520526b,parsed headline + body
td_newsroom,news_html,2021-09-08_td-named-best-consumer-digital-bank-in-canada-by-global-fina,data/raw/news/2021-09-08_td-named-best-consumer-digital-bank-in-canada-by-global-fina.html,https://stories.td.com/ca/en/news/2021-09-08-td-named-best-consumer-digital-bank-in-canada-by-global-fina,2026-04-18T02:05:39+00:00,,1377b366d3cd4673904a9d799ea3f6e3e06a2290715053dcd01f84b5631b529a,FY2021Q4; TD Named Best Consumer Digital Bank in Canada by Global Finance
td_newsroom,news_json,2021-09-08_td-named-best-consumer-digital-bank-in-canada-by-global-fina,data/raw/news/2021-09-08_td-named-best-consumer-digital-bank-in-canada-by-global-fina.json,https://stories.td.com/ca/en/news/2021-09-08-td-named-best-consumer-digital-bank-in-canada-by-global-fina,2026-04-18T02:05:39+00:00,47.0,5811704b7cc1c6acdfa8eb016031880055af15082746c0c689792953feff7983,parsed headline + body
td_newsroom,news_html,2021-09-14_2fr-e-p-e-a-t-media-advisory-td-bank-group-executive-to,data/raw/news/2021-09-14_2fr-e-p-e-a-t-media-advisory-td-bank-group-executive-to.html,https://stories.td.com/ca/en/news/2021-09-14--2fr-e-p-e-a-t----media-advisory---td-bank-group-executive-to,2026-04-18T02:05:40+00:00,,90cc52a4c828df666e0238df4716d9721184207d9f05f637de8b9e8f5b4e6785,FY2021Q4; /R E P E A T -- MEDIA ADVISORY - TD Bank Group Executive to Present at the Barcl
td_newsroom,news_json,2021-09-14_2fr-e-p-e-a-t-media-advisory-td-bank-group-executive-to,data/raw/news/2021-09-14_2fr-e-p-e-a-t-media-advisory-td-bank-group-executive-to.json,https://stories.td.com/ca/en/news/2021-09-14--2fr-e-p-e-a-t----media-advisory---td-bank-group-executive-to,2026-04-18T02:05:40+00:00,7.0,047e2ea379df6dad3d98909be253f2d692f62e7cff49734e488b37491b3f1215,parsed headline + body
td_newsroom,news_html,2021-09-16_td-commits-2410m-in-the-continued-effort-to-combat-anti-black,data/raw/news/2021-09-16_td-commits-2410m-in-the-continued-effort-to-combat-anti-black.html,https://stories.td.com/ca/en/news/2021-09-16-td-commits-2410m-in-the-continued-effort-to-combat-anti-black,2026-04-18T02:05:41+00:00,,a5920d6dc85098d2003681e9c7860ce78e448b5f86013930be7d83bfca0517cf,FY2021Q4; TD commits $10M in the continued effort to combat anti-Black racism and systemic
td_newsroom,news_json,2021-09-16_td-commits-2410m-in-the-continued-effort-to-combat-anti-black,data/raw/news/2021-09-16_td-commits-2410m-in-the-continued-effort-to-combat-anti-black.json,https://stories.td.com/ca/en/news/2021-09-16-td-commits-2410m-in-the-continued-effort-to-combat-anti-black,2026-04-18T02:05:41+00:00,31.0,b6d22c4c64f5d60997db6d432266523df8cf9aeb35b16d104ac9e78541e5e659,parsed headline + body
td_newsroom,news_html,2021-09-17_td-asset-management-inc-announces-td-etf-distributions,data/raw/news/2021-09-17_td-asset-management-inc-announces-td-etf-distributions.html,https://stories.td.com/ca/en/news/2021-09-17-td-asset-management-inc.-announces-td-etf-distributions,2026-04-18T02:05:42+00:00,,612a40fb4fece3d114f98f4035aedbfcc0577dea23be76729e697bf29cebff81,FY2021Q4; TD Asset Management Inc. Announces TD ETF Distributions
td_newsroom,news_json,2021-09-17_td-asset-management-inc-announces-td-etf-distributions,data/raw/news/2021-09-17_td-asset-management-inc-announces-td-etf-distributions.json,https://stories.td.com/ca/en/news/2021-09-17-td-asset-management-inc.-announces-td-etf-distributions,2026-04-18T02:05:42+00:00,229.0,ea6f2a47eeab406d27e9caf3dd40639fd51831759b407ab2ab17cce87698ede7,parsed headline + body
td_newsroom,news_html,2021-09-21_td-bank-group-and-envestnet-7c-yodlee-enter-into-north-americ,data/raw/news/2021-09-21_td-bank-group-and-envestnet-7c-yodlee-enter-into-north-americ.html,https://stories.td.com/ca/en/news/2021-09-21-td-bank-group-and-envestnet-7c-yodlee-enter-into-north-americ,2026-04-18T02:05:42+00:00,,202ee4d6cdac83ef52beaa20748032ae51efd6dbac8ea725ceff9d9fe5e223dd,FY2021Q4; TD Bank Group and Envestnet | Yodlee Enter into North American Data Access Agree
td_newsroom,news_json,2021-09-21_td-bank-group-and-envestnet-7c-yodlee-enter-into-north-americ,data/raw/news/2021-09-21_td-bank-group-and-envestnet-7c-yodlee-enter-into-north-americ.json,https://stories.td.com/ca/en/news/2021-09-21-td-bank-group-and-envestnet-7c-yodlee-enter-into-north-americ,2026-04-18T02:05:42+00:00,23.0,b62866d610726d7a3b89d83f00c970c0d82bf88448870b0b68b3fdae1401af20,parsed headline + body
td_newsroom,news_html,2021-09-23_td-capital-trust-iv-announces-redemption-of-td-capital-trust,data/raw/news/2021-09-23_td-capital-trust-iv-announces-redemption-of-td-capital-trust.html,https://stories.td.com/ca/en/news/2021-09-23-td-capital-trust-iv-announces-redemption-of-td-capital-trust,2026-04-18T02:05:43+00:00,,48e2327a32b0dddb48d8c73c6ab1ceeadcdce234a913e3c095dcb1b7d3b168ed,FY2021Q4; TD Capital Trust IV Announces Redemption of TD Capital Trust IV Notes - Series 2
td_newsroom,news_json,2021-09-23_td-capital-trust-iv-announces-redemption-of-td-capital-trust,data/raw/news/2021-09-23_td-capital-trust-iv-announces-redemption-of-td-capital-trust.json,https://stories.td.com/ca/en/news/2021-09-23-td-capital-trust-iv-announces-redemption-of-td-capital-trust,2026-04-18T02:05:43+00:00,9.0,b2dda78252dfbb906e9a6693693e1cf18ba2f5ed945d49aa62e10cf55eeef129,parsed headline + body
td_newsroom,news_html,2021-09-23_with-do-it-yourself-investing-popularity-on-the-rise-2c-td-dir,data/raw/news/2021-09-23_with-do-it-yourself-investing-popularity-on-the-rise-2c-td-dir.html,https://stories.td.com/ca/en/news/2021-09-23-with-do-it-yourself-investing-popularity-on-the-rise-2c-td-dir,2026-04-18T02:05:44+00:00,,d3036eb6596ee60e9abeb338a423ae2e95bdfd386f4656f0ef3e3aba17793362,"FY2021Q4; With do-it-yourself investing popularity on the rise, TD Direct Investing launch"
td_newsroom,news_json,2021-09-23_with-do-it-yourself-investing-popularity-on-the-rise-2c-td-dir,data/raw/news/2021-09-23_with-do-it-yourself-investing-popularity-on-the-rise-2c-td-dir.json,https://stories.td.com/ca/en/news/2021-09-23-with-do-it-yourself-investing-popularity-on-the-rise-2c-td-dir,2026-04-18T02:05:44+00:00,51.0,f02677ee73fc313e3609b8e5921df832407822fec38b85b654b3665e2e131924,parsed headline + body
td_newsroom,news_html,2021-09-24_td-bank-group-announces-redemption-of-non-cumulative-5-year,data/raw/news/2021-09-24_td-bank-group-announces-redemption-of-non-cumulative-5-year.html,https://stories.td.com/ca/en/news/2021-09-24-td-bank-group-announces-redemption-of-non-cumulative-5-year,2026-04-18T02:05:45+00:00,,d94148bf8a15a64e930d6a3ae31cb2491f5e377fb07378cedfeb86bdb45e9296,FY2021Q4; TD Bank Group Announces Redemption of Non-Cumulative 5-Year Rate Reset Class A F
td_newsroom,news_json,2021-09-24_td-bank-group-announces-redemption-of-non-cumulative-5-year,data/raw/news/2021-09-24_td-bank-group-announces-redemption-of-non-cumulative-5-year.json,https://stories.td.com/ca/en/news/2021-09-24-td-bank-group-announces-redemption-of-non-cumulative-5-year,2026-04-18T02:05:45+00:00,11.0,d3bab68561dbaae58c830ee54b5968e38fcd685572e22fee83f13ed3fb205d3c,parsed headline + body
td_newsroom,news_html,2021-09-27_23tdthanksyou-3a-td-recognizes-customers-who-are-spreading-posi,data/raw/news/2021-09-27_23tdthanksyou-3a-td-recognizes-customers-who-are-spreading-posi.html,https://stories.td.com/ca/en/news/2021-09-27--23tdthanksyou-3a-td-recognizes-customers-who-are-spreading-posi,2026-04-18T02:05:45+00:00,,7043c95ab5ad7cbd135389218e7c95770365408637f3016cc1bad98d9eb38066,FY2021Q4; #TDThanksYou: TD recognizes customers who are spreading positivity across Canada
td_newsroom,news_json,2021-09-27_23tdthanksyou-3a-td-recognizes-customers-who-are-spreading-posi,data/raw/news/2021-09-27_23tdthanksyou-3a-td-recognizes-customers-who-are-spreading-posi.json,https://stories.td.com/ca/en/news/2021-09-27--23tdthanksyou-3a-td-recognizes-customers-who-are-spreading-posi,2026-04-18T02:05:45+00:00,25.0,08ff27466199eafab00628d225638de9cbd7f551c76e548f618ac362ffb789fa,parsed headline + body
td_newsroom,news_html,2021-10-13_td-and-the-canadian-association-of-black-lawyers-help-empowe,data/raw/news/2021-10-13_td-and-the-canadian-association-of-black-lawyers-help-empowe.html,https://stories.td.com/ca/en/news/2021-10-13-td-and-the-canadian-association-of-black-lawyers-help-empowe,2026-04-18T02:05:46+00:00,,3718ab943d2a0edc9e5a4fa61fe8068ff000616bc2d4151ad14f0bcb206cef04,FY2021Q4; TD and the Canadian Association of Black Lawyers help empower next generation of
td_newsroom,news_json,2021-10-13_td-and-the-canadian-association-of-black-lawyers-help-empowe,data/raw/news/2021-10-13_td-and-the-canadian-association-of-black-lawyers-help-empowe.json,https://stories.td.com/ca/en/news/2021-10-13-td-and-the-canadian-association-of-black-lawyers-help-empowe,2026-04-18T02:05:46+00:00,35.0,84df37e4681bd45a0e136afc38f217a9c3d36dfb6997c38a3b7069812f8da956,parsed headline + body
td_newsroom,news_html,2021-10-15_six-of-canada-27s-largest-banks-join-united-nations-convened-n,data/raw/news/2021-10-15_six-of-canada-27s-largest-banks-join-united-nations-convened-n.html,https://stories.td.com/ca/en/news/2021-10-15-six-of-canada-27s-largest-banks-join-united-nations-convened-n,2026-04-18T02:05:47+00:00,,4b5f93eeaba069225bef70e403e50f037be467319cdfac4806ab4f90f81b501b,FY2021Q4; Six of Canada's Largest Banks Join United-Nations-convened Net-Zero Banking Alli
td_newsroom,news_json,2021-10-15_six-of-canada-27s-largest-banks-join-united-nations-convened-n,data/raw/news/2021-10-15_six-of-canada-27s-largest-banks-join-united-nations-convened-n.json,https://stories.td.com/ca/en/news/2021-10-15-six-of-canada-27s-largest-banks-join-united-nations-convened-n,2026-04-18T02:05:47+00:00,23.0,800f97c5bf344dbe7c41e6163c23c84038d378d39e58e65fcd44b7653d170003,parsed headline + body
td_newsroom,news_html,2021-10-18_td-asset-management-inc-announces-td-etf-distributions,data/raw/news/2021-10-18_td-asset-management-inc-announces-td-etf-distributions.html,https://stories.td.com/ca/en/news/2021-10-18-td-asset-management-inc.-announces-td-etf-distributions,2026-04-18T02:05:48+00:00,,6be2bfd859871bd773cce79fe3dc5d086aa93244c71eb35c5bb3b2a1c49a25b1,FY2021Q4; TD Asset Management Inc. Announces TD ETF Distributions
td_newsroom,news_json,2021-10-18_td-asset-management-inc-announces-td-etf-distributions,data/raw/news/2021-10-18_td-asset-management-inc-announces-td-etf-distributions.json,https://stories.td.com/ca/en/news/2021-10-18-td-asset-management-inc.-announces-td-etf-distributions,2026-04-18T02:05:48+00:00,119.0,d48346eecd8f8a4d3e53e4d141a99493286ca9a152e72cd7e82b49500b05fff9,parsed headline + body
td_newsroom,news_html,2021-10-18_td-bank-group-comments-on-expected-impact-of-the-charles-sch,data/raw/news/2021-10-18_td-bank-group-comments-on-expected-impact-of-the-charles-sch.html,https://stories.td.com/ca/en/news/2021-10-18-td-bank-group-comments-on-expected-impact-of-the-charles-sch,2026-04-18T02:05:48+00:00,,33f8998a68ab74509f225161a73658f6e8ce6e6e115bdedb3f00e8d0b8ec5e8b,FY2021Q4; TD Bank Group Comments on Expected Impact of the Charles Schwab Corporation's Th
td_newsroom,news_json,2021-10-18_td-bank-group-comments-on-expected-impact-of-the-charles-sch,data/raw/news/2021-10-18_td-bank-group-comments-on-expected-impact-of-the-charles-sch.json,https://stories.td.com/ca/en/news/2021-10-18-td-bank-group-comments-on-expected-impact-of-the-charles-sch,2026-04-18T02:05:48+00:00,17.0,a75f00c861ce59df1eaceecb55cae2b6c81258ab4641f6608507a1ac5d41a5aa,parsed headline + body
td_newsroom,news_html,2021-10-19_1-in-3-canadian-parents-surveyed-aren-27t-confident-they-27re-se,data/raw/news/2021-10-19_1-in-3-canadian-parents-surveyed-aren-27t-confident-they-27re-se.html,https://stories.td.com/ca/en/news/2021-10-19-1-in-3-canadian-parents-surveyed-aren-27t-confident-they-27re-se,2026-04-18T02:05:49+00:00,,5833ce52920d5dee1f1fdb33c7a02839de6072186e781e8364dd575656eea664,FY2021Q4; 1-In-3 Canadian Parents Surveyed Aren't Confident They're Setting a Healthy Fina
td_newsroom,news_json,2021-10-19_1-in-3-canadian-parents-surveyed-aren-27t-confident-they-27re-se,data/raw/news/2021-10-19_1-in-3-canadian-parents-surveyed-aren-27t-confident-they-27re-se.json,https://stories.td.com/ca/en/news/2021-10-19-1-in-3-canadian-parents-surveyed-aren-27t-confident-they-27re-se,2026-04-18T02:05:49+00:00,45.0,b54469b71c860b0e518341560c2ec2e7eed2a50864b31697a454d33d7aea38f4,parsed headline + body
td_newsroom,news_html,2021-10-28_td-asset-management-inc-announces-risk-rating-change,data/raw/news/2021-10-28_td-asset-management-inc-announces-risk-rating-change.html,https://stories.td.com/ca/en/news/2021-10-28-td-asset-management-inc.-announces-risk-rating-change,2026-04-18T02:05:50+00:00,,42f33edd65b4655cfbb68c7de865addb1a3030b90fec64a9b3ae8216baeaf786,FY2021Q4; TD Asset Management Inc. Announces Risk Rating Change
td_newsroom,news_json,2021-10-28_td-asset-management-inc-announces-risk-rating-change,data/raw/news/2021-10-28_td-asset-management-inc-announces-risk-rating-change.json,https://stories.td.com/ca/en/news/2021-10-28-td-asset-management-inc.-announces-risk-rating-change,2026-04-18T02:05:50+00:00,19.0,e4ba8818312712cc1d6a201f839af9e100b2412abc1f35ab31cdd48ee3cefe44,parsed headline + body
td_newsroom,news_html,2021-10-28_td-bank-group-announces-changes-to-senior-executive-team,data/raw/news/2021-10-28_td-bank-group-announces-changes-to-senior-executive-team.html,https://stories.td.com/ca/en/news/2021-10-28-td-bank-group-announces-changes-to-senior-executive-team,2026-04-18T02:05:50+00:00,,aaa14765a778d46ebeded816badcb5c6fe49582eccb238bc267f205763a0da18,FY2021Q4; TD Bank Group Announces Changes to Senior Executive Team
td_newsroom,news_json,2021-10-28_td-bank-group-announces-changes-to-senior-executive-team,data/raw/news/2021-10-28_td-bank-group-announces-changes-to-senior-executive-team.json,https://stories.td.com/ca/en/news/2021-10-28-td-bank-group-announces-changes-to-senior-executive-team,2026-04-18T02:05:50+00:00,47.0,0f8d96d9c84a2feb6b84fc54d3d8e7dd02848ea2ac7b14d00d85fadccaac6eb4,parsed headline + body
td_newsroom,news_html,2021-11-09_td-recognized-for-leading-in-functionality-and-user-experien,data/raw/news/2021-11-09_td-recognized-for-leading-in-functionality-and-user-experien.html,https://stories.td.com/ca/en/news/2021-11-09-td-recognized-for-leading-in-functionality-and-user-experien,2026-04-18T02:05:51+00:00,,7d489e1499662db808997396ece82f2d4747bfc2387aae5fbd42a81579ff9edf,FY2022Q1; TD Recognized for Leading in Functionality and User Experience in Digital Experi
td_newsroom,news_json,2021-11-09_td-recognized-for-leading-in-functionality-and-user-experien,data/raw/news/2021-11-09_td-recognized-for-leading-in-functionality-and-user-experien.json,https://stories.td.com/ca/en/news/2021-11-09-td-recognized-for-leading-in-functionality-and-user-experien,2026-04-18T02:05:51+00:00,19.0,54cf97138afca9098991cc07cfe182769c034d8f6744fcb293401ba0c48d310d,parsed headline + body
td_newsroom,news_html,2021-11-10_media-advisory-td-bank-group-to-release-fourth-quarter-fin,data/raw/news/2021-11-10_media-advisory-td-bank-group-to-release-fourth-quarter-fin.html,https://stories.td.com/ca/en/news/2021-11-10-media-advisory---td-bank-group-to-release-fourth-quarter-fin,2026-04-18T02:05:52+00:00,,70fbb17d32e37765f91fa326cf1c6eb78de24d8bdfaf8529bcb08c7197f6d691,FY2022Q1; Media Advisory - TD Bank Group to Release Fourth Quarter Financial Results
td_newsroom,news_json,2021-11-10_media-advisory-td-bank-group-to-release-fourth-quarter-fin,data/raw/news/2021-11-10_media-advisory-td-bank-group-to-release-fourth-quarter-fin.json,https://stories.td.com/ca/en/news/2021-11-10-media-advisory---td-bank-group-to-release-fourth-quarter-fin,2026-04-18T02:05:52+00:00,17.0,7dfd90012d83b0dbf21c24f8ef675af3a48545817477138ab85627175296e34e,parsed headline + body
td_newsroom,news_html,2021-11-16_td-asset-management-inc-announces-td-etf-distributions,data/raw/news/2021-11-16_td-asset-management-inc-announces-td-etf-distributions.html,https://stories.td.com/ca/en/news/2021-11-16-td-asset-management-inc.-announces-td-etf-distributions,2026-04-18T02:05:52+00:00,,b380560f2f227dbe60627597d53b88c0cf6e07a8719d8ef8be3a13eb53291462,FY2022Q1; TD Asset Management Inc. Announces TD ETF Distributions
td_newsroom,news_json,2021-11-16_td-asset-management-inc-announces-td-etf-distributions,data/raw/news/2021-11-16_td-asset-management-inc-announces-td-etf-distributions.json,https://stories.td.com/ca/en/news/2021-11-16-td-asset-management-inc.-announces-td-etf-distributions,2026-04-18T02:05:52+00:00,119.0,2c52f6ab5a0462d11b24a3498df2812825b576fe1d2fd95f1a90b8e428bfa83c,parsed headline + body
td_newsroom,news_html,2021-11-17_td-asset-management-inc-announces-estimated-annual-reinvest,data/raw/news/2021-11-17_td-asset-management-inc-announces-estimated-annual-reinvest.html,https://stories.td.com/ca/en/news/2021-11-17-td-asset-management-inc.-announces-estimated-annual-reinvest,2026-04-18T02:05:53+00:00,,4bed1461164bd51b892bda3eb250ae2a9c52e0e18749e5e148dc5e1da42d4465,FY2022Q1; TD Asset Management Inc. Announces Estimated Annual Reinvested Distributions for
td_newsroom,news_json,2021-11-17_td-asset-management-inc-announces-estimated-annual-reinvest,data/raw/news/2021-11-17_td-asset-management-inc-announces-estimated-annual-reinvest.json,https://stories.td.com/ca/en/news/2021-11-17-td-asset-management-inc.-announces-estimated-annual-reinvest,2026-04-18T02:05:53+00:00,237.0,8bb5ef2d95442e0371085a236ec59976ade62f7a3bd1f6cf1435c294c1742619,parsed headline + body
td_newsroom,news_html,2021-11-18_td-bank-group-ranked-among-most-sustainable-companies-accord,data/raw/news/2021-11-18_td-bank-group-ranked-among-most-sustainable-companies-accord.html,https://stories.td.com/ca/en/news/2021-11-18-td-bank-group-ranked-among-most-sustainable-companies-accord,2026-04-18T02:05:54+00:00,,d2223b3e51f9921398102a4a1d1621af76a5f580f04ec3ab54b2deebba94ff7c,FY2022Q1; TD Bank Group ranked among most sustainable companies according to the Dow Jones
td_newsroom,news_json,2021-11-18_td-bank-group-ranked-among-most-sustainable-companies-accord,data/raw/news/2021-11-18_td-bank-group-ranked-among-most-sustainable-companies-accord.json,https://stories.td.com/ca/en/news/2021-11-18-td-bank-group-ranked-among-most-sustainable-companies-accord,2026-04-18T02:05:54+00:00,23.0,261475102d1f986594fa3e35a316d27faea1c4f3d7b4c6b8541a01fc6c07e370,parsed headline + body
td_newsroom,news_html,2021-11-18_td-asset-management-inc-funds-recognized-in-four-categories,data/raw/news/2021-11-18_td-asset-management-inc-funds-recognized-in-four-categories.html,https://stories.td.com/ca/en/news/2021-11-18-td-asset-management-inc.-funds-recognized-in-four-categories,2026-04-18T02:05:55+00:00,,2180742f1da722e2bd08191ec1e1c977a9d6592d102ee6eb91ef87fc8f7bf077,FY2022Q1; TD Asset Management Inc. Funds Recognized in Four Categories at the 2021 Refinit
td_newsroom,news_json,2021-11-18_td-asset-management-inc-funds-recognized-in-four-categories,data/raw/news/2021-11-18_td-asset-management-inc-funds-recognized-in-four-categories.json,https://stories.td.com/ca/en/news/2021-11-18-td-asset-management-inc.-funds-recognized-in-four-categories,2026-04-18T02:05:55+00:00,75.0,c56bc18d11d66609e7060fb6e4c77637f1fb0f5df28f6682ee3f1c2fb0aad550,parsed headline + body
td_newsroom,news_html,2021-11-29_td-named-best-consumer-digital-bank-in-north-america,data/raw/news/2021-11-29_td-named-best-consumer-digital-bank-in-north-america.html,https://stories.td.com/ca/en/news/2021-11-29-td-named-best-consumer-digital-bank-in-north-america,2026-04-18T02:05:55+00:00,,f243774bad5da4f54f92032d3ab1af43ba2e97743ca9f567f4f314595af50edc,FY2022Q1; TD Named Best Consumer Digital Bank in North America
td_newsroom,news_json,2021-11-29_td-named-best-consumer-digital-bank-in-north-america,data/raw/news/2021-11-29_td-named-best-consumer-digital-bank-in-north-america.json,https://stories.td.com/ca/en/news/2021-11-29-td-named-best-consumer-digital-bank-in-north-america,2026-04-18T02:05:55+00:00,37.0,a999434d21754bdf6f3956627d62e267e4d68bd6e64593c4fb44b8cfefb2580e,parsed headline + body
td_newsroom,news_html,2021-11-30_2fr-e-p-e-at-media-advisory-td-bank-group-to-release-fourt,data/raw/news/2021-11-30_2fr-e-p-e-at-media-advisory-td-bank-group-to-release-fourt.html,https://stories.td.com/ca/en/news/2021-11-30--2fr-e-p-e-at--media-advisory---td-bank-group-to-release-fourt,2026-04-18T02:05:56+00:00,,7d6a98407a4678262c71a1a7b8c9086c3ef4b7e649a13af3f4fdd6f8a59e8b97,FY2022Q1; /R E P E AT -Media Advisory - TD Bank Group to Release Fourth Quarter Financial 
td_newsroom,news_json,2021-11-30_2fr-e-p-e-at-media-advisory-td-bank-group-to-release-fourt,data/raw/news/2021-11-30_2fr-e-p-e-at-media-advisory-td-bank-group-to-release-fourt.json,https://stories.td.com/ca/en/news/2021-11-30--2fr-e-p-e-at--media-advisory---td-bank-group-to-release-fourt,2026-04-18T02:05:56+00:00,17.0,7081de868ffd6d06ffc2b65fca4132a7b6f072b18c289ef7df7a51c2d98f052c,parsed headline + body
td_newsroom,news_html,2021-11-30_td-asset-management-launches-three-new-exchange-traded-funds,data/raw/news/2021-11-30_td-asset-management-launches-three-new-exchange-traded-funds.html,https://stories.td.com/ca/en/news/2021-11-30-td-asset-management-launches-three-new-exchange-traded-funds,2026-04-18T02:05:57+00:00,,3965fa374ff5ccae98822fa2acecc24297aa9a2e1483de1fe5f0b19a12361e64,FY2022Q1; TD Asset Management launches three new Exchange-Traded Funds to help clients inv
td_newsroom,news_json,2021-11-30_td-asset-management-launches-three-new-exchange-traded-funds,data/raw/news/2021-11-30_td-asset-management-launches-three-new-exchange-traded-funds.json,https://stories.td.com/ca/en/news/2021-11-30-td-asset-management-launches-three-new-exchange-traded-funds,2026-04-18T02:05:57+00:00,65.0,6e72f3ec19ba9886818a70574d9db83637329089bd52718a070e38314602dbad,parsed headline + body
td_newsroom,news_html,2021-11-30_td-announces-its-commitment-to-supporting-newcomer-2c-settleme,data/raw/news/2021-11-30_td-announces-its-commitment-to-supporting-newcomer-2c-settleme.html,https://stories.td.com/ca/en/news/2021-11-30-td-announces-its-commitment-to-supporting-newcomer-2c-settleme,2026-04-18T02:05:58+00:00,,098858733ca694fd42f55ee927f22f2ce64b1aa56b6fd24657c8b66cf18c029e,"FY2022Q1; TD announces its commitment to supporting newcomer, settlement and refugee progr"
td_newsroom,news_json,2021-11-30_td-announces-its-commitment-to-supporting-newcomer-2c-settleme,data/raw/news/2021-11-30_td-announces-its-commitment-to-supporting-newcomer-2c-settleme.json,https://stories.td.com/ca/en/news/2021-11-30-td-announces-its-commitment-to-supporting-newcomer-2c-settleme,2026-04-18T02:05:58+00:00,35.0,780ac715f6b6f5c232b6ceb8a483d2184fe5db843c6c3122eed8f69105dc664b,parsed headline + body
td_newsroom,news_html,2021-12-02_td-bank-group-announces-intention-to-repurchase-for-cancella,data/raw/news/2021-12-02_td-bank-group-announces-intention-to-repurchase-for-cancella.html,https://stories.td.com/ca/en/news/2021-12-02-td-bank-group-announces-intention-to-repurchase-for-cancella,2026-04-18T02:05:59+00:00,,d0ea03c3f66dc12bb8d400b2f26fe60702a3a516dc23f14f201ea39f4f4eb563,FY2022Q1; TD Bank Group Announces Intention to Repurchase for Cancellation up to 50 Millio
td_newsroom,news_json,2021-12-02_td-bank-group-announces-intention-to-repurchase-for-cancella,data/raw/news/2021-12-02_td-bank-group-announces-intention-to-repurchase-for-cancella.json,https://stories.td.com/ca/en/news/2021-12-02-td-bank-group-announces-intention-to-repurchase-for-cancella,2026-04-18T02:05:59+00:00,19.0,7b9925d0d60e193922e5a3c20240606dc5639f8ad0fa838976f873cbdebac760,parsed headline + body
td_newsroom,news_html,2021-12-02_td-bank-group-declares-dividends,data/raw/news/2021-12-02_td-bank-group-declares-dividends.html,https://stories.td.com/ca/en/news/2021-12-02-td-bank-group-declares-dividends,2026-04-18T02:05:59+00:00,,9d7cad8084fb016a1f60231d2e4b2c4b5fdb0c58e045a537a7a3ce97be15c1db,FY2022Q1; TD Bank Group Declares Dividends
td_newsroom,news_json,2021-12-02_td-bank-group-declares-dividends,data/raw/news/2021-12-02_td-bank-group-declares-dividends.json,https://stories.td.com/ca/en/news/2021-12-02-td-bank-group-declares-dividends,2026-04-18T02:05:59+00:00,43.0,64a997f941520ae37fcd121275189c56672c94df29b11c9b5a7ef7e40570a4f8,parsed headline + body
td_newsroom,news_html,2021-12-02_td-bank-group-reports-fourth-quarter-and-fiscal-2021-results,data/raw/news/2021-12-02_td-bank-group-reports-fourth-quarter-and-fiscal-2021-results.html,https://stories.td.com/ca/en/news/2021-12-02-td-bank-group-reports-fourth-quarter-and-fiscal-2021-results,2026-04-18T02:06:00+00:00,,fc8fa88948db264931cc71db3ee2c25af6df55468c9b8168481e438826fcc228,FY2022Q1; TD Bank Group Reports Fourth Quarter and Fiscal 2021 Results
td_newsroom,news_json,2021-12-02_td-bank-group-reports-fourth-quarter-and-fiscal-2021-results,data/raw/news/2021-12-02_td-bank-group-reports-fourth-quarter-and-fiscal-2021-results.json,https://stories.td.com/ca/en/news/2021-12-02-td-bank-group-reports-fourth-quarter-and-fiscal-2021-results,2026-04-18T02:06:00+00:00,6307.0,e5ff10ef04e8b3b8e997791c5d2f0b5c3328e3f9d1c3b04df3f082f6f6b9080c,parsed headline + body
td_newsroom,news_html,2021-12-03_a-world-of-opportunity-3a-td-asset-management-inc-launches-tw,data/raw/news/2021-12-03_a-world-of-opportunity-3a-td-asset-management-inc-launches-tw.html,https://stories.td.com/ca/en/news/2021-12-03-a-world-of-opportunity-3a-td-asset-management-inc.-launches-tw,2026-04-18T02:06:01+00:00,,f29f069b67f15d0b5316bbd8b1edd5e998f054f621dd35a264664e84c5595aa6,FY2022Q1; A World of Opportunity: TD Asset Management Inc. Launches Two New Global Equity 
td_newsroom,news_json,2021-12-03_a-world-of-opportunity-3a-td-asset-management-inc-launches-tw,data/raw/news/2021-12-03_a-world-of-opportunity-3a-td-asset-management-inc-launches-tw.json,https://stories.td.com/ca/en/news/2021-12-03-a-world-of-opportunity-3a-td-asset-management-inc.-launches-tw,2026-04-18T02:06:01+00:00,27.0,37b6336e25628e1c27a1e670c7f732d333678c9f73e358d433810cc7622cd48d,parsed headline + body
td_newsroom,news_html,2021-12-06_joint-statement-by-canadian-banks-and-life-insurance-compani,data/raw/news/2021-12-06_joint-statement-by-canadian-banks-and-life-insurance-compani.html,https://stories.td.com/ca/en/news/2021-12-06-joint-statement-by-canadian-banks-and-life-insurance-compani,2026-04-18T02:06:02+00:00,,04b7e69cef73dff37ca43c6c54cb502dc7da02acfa535f68dc0cdcdf825e1443,FY2022Q1; Joint Statement by Canadian Banks and Life Insurance Companies Regarding Annual 
td_newsroom,news_json,2021-12-06_joint-statement-by-canadian-banks-and-life-insurance-compani,data/raw/news/2021-12-06_joint-statement-by-canadian-banks-and-life-insurance-compani.json,https://stories.td.com/ca/en/news/2021-12-06-joint-statement-by-canadian-banks-and-life-insurance-compani,2026-04-18T02:06:02+00:00,195.0,bc74c2d298358a8e69ab5f6c63baabe0c02c1027f696a82e867e4ebed8eefba0,parsed headline + body
td_newsroom,news_html,2021-12-08_td-empowers-customers-with-new-intuitive-mobile-app-experien,data/raw/news/2021-12-08_td-empowers-customers-with-new-intuitive-mobile-app-experien.html,https://stories.td.com/ca/en/news/2021-12-08-td-empowers-customers-with-new-intuitive-mobile-app-experien,2026-04-18T02:06:03+00:00,,894d1336f287befd7985813e8adc8856323da635c9c90cac884d64aef5e47f80,FY2022Q1; TD empowers customers with new intuitive mobile app experiences
td_newsroom,news_json,2021-12-08_td-empowers-customers-with-new-intuitive-mobile-app-experien,data/raw/news/2021-12-08_td-empowers-customers-with-new-intuitive-mobile-app-experien.json,https://stories.td.com/ca/en/news/2021-12-08-td-empowers-customers-with-new-intuitive-mobile-app-experien,2026-04-18T02:06:03+00:00,35.0,a835a5746da1cde9436c7a96354c3d2a19e73c13f01bcde82722e01cbbe91d42,parsed headline + body
td_newsroom,news_html,2021-12-13_td-bank-group-engages-diversity-firms-to-actively-lead-a-us-24,data/raw/news/2021-12-13_td-bank-group-engages-diversity-firms-to-actively-lead-a-us-24.html,https://stories.td.com/ca/en/news/2021-12-13-td-bank-group-engages-diversity-firms-to-actively-lead-a-us-24,2026-04-18T02:06:03+00:00,,6ba79f45632e394432b004ef1d04b6eeda843568b8231216a9b5d1b8a7b9ded7,FY2022Q1; TD Bank Group Engages Diversity Firms to Actively Lead a US$500 Million Green Bo
td_newsroom,news_json,2021-12-13_td-bank-group-engages-diversity-firms-to-actively-lead-a-us-24,data/raw/news/2021-12-13_td-bank-group-engages-diversity-firms-to-actively-lead-a-us-24.json,https://stories.td.com/ca/en/news/2021-12-13-td-bank-group-engages-diversity-firms-to-actively-lead-a-us-24,2026-04-18T02:06:03+00:00,39.0,70a3f1bf03607f91d935e37982adeff8b5ff321ad363c3e9dc1dfd77706747ed,parsed headline + body
td_newsroom,news_html,2021-12-22_td-asset-management-inc-announces-final-annual-reinvested-d,data/raw/news/2021-12-22_td-asset-management-inc-announces-final-annual-reinvested-d.html,https://stories.td.com/ca/en/news/2021-12-22-td-asset-management-inc.-announces-final-annual-reinvested-d,2026-04-18T02:06:04+00:00,,8e08c32c067e498e801f3f156306be8eb0f571aa6b73a68a6d120a00e49dc5c0,FY2022Q1; TD Asset Management Inc. Announces Final Annual Reinvested Distributions for cer
td_newsroom,news_json,2021-12-22_td-asset-management-inc-announces-final-annual-reinvested-d,data/raw/news/2021-12-22_td-asset-management-inc-announces-final-annual-reinvested-d.json,https://stories.td.com/ca/en/news/2021-12-22-td-asset-management-inc.-announces-final-annual-reinvested-d,2026-04-18T02:06:04+00:00,195.0,a70e71dc7ee20aa4b14fb073556a27cbb8aebe7cebe1626d9d3283daf37c3d04,parsed headline + body
td_newsroom,news_html,2021-12-22_td-asset-management-inc-announces-td-etf-distributions,data/raw/news/2021-12-22_td-asset-management-inc-announces-td-etf-distributions.html,https://stories.td.com/ca/en/news/2021-12-22-td-asset-management-inc.-announces-td-etf-distributions,2026-04-18T02:06:04+00:00,,e733495521f2540bb9636e7ffc0fda6b6f73a6aa4e39090f43629be45a65d451,FY2022Q1; TD Asset Management Inc. Announces TD ETF Distributions
td_newsroom,news_json,2021-12-22_td-asset-management-inc-announces-td-etf-distributions,data/raw/news/2021-12-22_td-asset-management-inc-announces-td-etf-distributions.json,https://stories.td.com/ca/en/news/2021-12-22-td-asset-management-inc.-announces-td-etf-distributions,2026-04-18T02:06:04+00:00,239.0,68baf4437c45a75014a83922432435ddddcc65777f61ae130802ae7c1a2546b5,parsed headline + body
td_newsroom,news_html,2021-12-28_media-advisory-td-bank-group-executive-to-present-at-the-r,data/raw/news/2021-12-28_media-advisory-td-bank-group-executive-to-present-at-the-r.html,https://stories.td.com/ca/en/news/2021-12-28-media-advisory---td-bank-group-executive-to-present-at-the-r,2026-04-18T02:06:05+00:00,,44c437e6adc19216ba28bae4de9f78180e028a36613a05ab99f9ee4e00a5e17d,FY2022Q1; MEDIA ADVISORY - TD Bank Group Executive to Present at the RBC Capital Markets B
td_newsroom,news_json,2021-12-28_media-advisory-td-bank-group-executive-to-present-at-the-r,data/raw/news/2021-12-28_media-advisory-td-bank-group-executive-to-present-at-the-r.json,https://stories.td.com/ca/en/news/2021-12-28-media-advisory---td-bank-group-executive-to-present-at-the-r,2026-04-18T02:06:05+00:00,7.0,88d74fc7c6b5951b54815a3736bb0431fa3ddc96291ceb6b39793201c0cdd2f3,parsed headline + body
td_newsroom,news_html,2022-01-07_the-toronto-dominion-bank-receives-regulatory-approval-for-n,data/raw/news/2022-01-07_the-toronto-dominion-bank-receives-regulatory-approval-for-n.html,https://stories.td.com/ca/en/news/2022-01-07-the-toronto-dominion-bank-receives-regulatory-approval-for-n,2026-04-18T02:06:06+00:00,,8f67e4651d590ba7688030ccb1094660f03e257edb32281c4f337f35b8b6c1d2,FY2022Q1; The Toronto-Dominion Bank Receives Regulatory Approval for Normal Course Issuer 
td_newsroom,news_json,2022-01-07_the-toronto-dominion-bank-receives-regulatory-approval-for-n,data/raw/news/2022-01-07_the-toronto-dominion-bank-receives-regulatory-approval-for-n.json,https://stories.td.com/ca/en/news/2022-01-07-the-toronto-dominion-bank-receives-regulatory-approval-for-n,2026-04-18T02:06:06+00:00,27.0,0d164779e0fb8b797a68ca72ace06c9cde0701d5bf88d75ae38a4b905c3081ad,parsed headline + body
td_newsroom,news_html,2022-01-11_canadian-renters-at-risk-of-expensive-repair-or-replacement,data/raw/news/2022-01-11_canadian-renters-at-risk-of-expensive-repair-or-replacement.html,https://stories.td.com/ca/en/news/2022-01-11-canadian-renters-at-risk-of-expensive-repair-or-replacement,2026-04-18T02:06:07+00:00,,5be4be14b5d0254d338de27df42f62a042b9465815dc0cf50ed6457630b7bf8d,FY2022Q1; Canadian renters at risk of expensive repair or replacement costs of important p
td_newsroom,news_json,2022-01-11_canadian-renters-at-risk-of-expensive-repair-or-replacement,data/raw/news/2022-01-11_canadian-renters-at-risk-of-expensive-repair-or-replacement.json,https://stories.td.com/ca/en/news/2022-01-11-canadian-renters-at-risk-of-expensive-repair-or-replacement,2026-04-18T02:06:07+00:00,49.0,0c23c9004a5013ec75f4663b2a5b5130c93b3283f5ea48c73d1c2085581d4023,parsed headline + body
td_newsroom,news_html,2022-01-12_td-asset-management-inc-announces-final-annual-reinvested-d,data/raw/news/2022-01-12_td-asset-management-inc-announces-final-annual-reinvested-d.html,https://stories.td.com/ca/en/news/2022-01-12-td-asset-management-inc.-announces-final-annual-reinvested-d,2026-04-18T02:06:07+00:00,,3218b2a6b422c3d138b66813bec44c90189984bc105a9b9370655dfb6e82972c,FY2022Q1; TD Asset Management Inc. Announces Final Annual Reinvested Distributions for TD 
td_newsroom,news_json,2022-01-12_td-asset-management-inc-announces-final-annual-reinvested-d,data/raw/news/2022-01-12_td-asset-management-inc-announces-final-annual-reinvested-d.json,https://stories.td.com/ca/en/news/2022-01-12-td-asset-management-inc.-announces-final-annual-reinvested-d,2026-04-18T02:06:07+00:00,109.0,7bca8622a7d0c2522fbe4cdd21e1c8c2da3f7c2752f2106d294cf8a7f18be706,parsed headline + body
td_newsroom,news_html,2022-01-17_investing-simplified-3a-td-launches-new-mobile-app-td-easy-tra,data/raw/news/2022-01-17_investing-simplified-3a-td-launches-new-mobile-app-td-easy-tra.html,https://stories.td.com/ca/en/news/2022-01-17-investing-simplified-3a-td-launches-new-mobile-app-td-easy-tra,2026-04-18T02:06:08+00:00,,15c67bf16579c4b0bfe22d659821e29bea7fc2865e5706e358e7a4c5518d9818,FY2022Q1; Investing simplified: TD launches new mobile app TD Easy Trade
td_newsroom,news_json,2022-01-17_investing-simplified-3a-td-launches-new-mobile-app-td-easy-tra,data/raw/news/2022-01-17_investing-simplified-3a-td-launches-new-mobile-app-td-easy-tra.json,https://stories.td.com/ca/en/news/2022-01-17-investing-simplified-3a-td-launches-new-mobile-app-td-easy-tra,2026-04-18T02:06:08+00:00,75.0,78f6a0e7ccc91ff182e25eba1dd505450b9f033283466676b455bbd39e080031,parsed headline + body
td_newsroom,news_html,2022-01-18_td-asset-management-inc-announces-td-etf-distributions,data/raw/news/2022-01-18_td-asset-management-inc-announces-td-etf-distributions.html,https://stories.td.com/ca/en/news/2022-01-18-td-asset-management-inc.-announces-td-etf-distributions,2026-04-18T02:06:09+00:00,,e10dbd4e3dcd7ddb6f145c0568817481d9cfe55c98618df0664a02faeba7ebfd,FY2022Q1; TD Asset Management Inc. Announces TD ETF Distributions
td_newsroom,news_json,2022-01-18_td-asset-management-inc-announces-td-etf-distributions,data/raw/news/2022-01-18_td-asset-management-inc-announces-td-etf-distributions.json,https://stories.td.com/ca/en/news/2022-01-18-td-asset-management-inc.-announces-td-etf-distributions,2026-04-18T02:06:09+00:00,119.0,ae216b8c3d4d43f187d4e4741fc7f36a7978ed082bb8cd1078f79b10c6f36f14,parsed headline + body
td_newsroom,news_html,2022-01-19_td-bank-group-comments-on-expected-impact-of-the-charles-sch,data/raw/news/2022-01-19_td-bank-group-comments-on-expected-impact-of-the-charles-sch.html,https://stories.td.com/ca/en/news/2022-01-19-td-bank-group-comments-on-expected-impact-of-the-charles-sch,2026-04-18T02:06:10+00:00,,41607dc625a594f02b038d7b4ae0c078b12f3158f22b3156ebceab56ce22bb26,FY2022Q1; TD Bank Group Comments on Expected Impact of the Charles Schwab Corporation's Fo
td_newsroom,news_json,2022-01-19_td-bank-group-comments-on-expected-impact-of-the-charles-sch,data/raw/news/2022-01-19_td-bank-group-comments-on-expected-impact-of-the-charles-sch.json,https://stories.td.com/ca/en/news/2022-01-19-td-bank-group-comments-on-expected-impact-of-the-charles-sch,2026-04-18T02:06:10+00:00,19.0,1d4e9cc9762440b1693805d3750ed3911fdb4d7f50154988fc64d298edc2651c,parsed headline + body
td_newsroom,news_html,2022-01-20_td-asset-management-inc-announces-final-annual-reinvested-d,data/raw/news/2022-01-20_td-asset-management-inc-announces-final-annual-reinvested-d.html,https://stories.td.com/ca/en/news/2022-01-20-td-asset-management-inc.-announces-final-annual-reinvested-d,2026-04-18T02:06:10+00:00,,43d8e11c69f39bc755c3268fc546152dbe6cdeb796480069c5404321247bc909,FY2022Q1; TD Asset Management Inc. Announces Final Annual Reinvested Distribution for TD G
td_newsroom,news_json,2022-01-20_td-asset-management-inc-announces-final-annual-reinvested-d,data/raw/news/2022-01-20_td-asset-management-inc-announces-final-annual-reinvested-d.json,https://stories.td.com/ca/en/news/2022-01-20-td-asset-management-inc.-announces-final-annual-reinvested-d,2026-04-18T02:06:10+00:00,35.0,e8b30c26a6a0059db49ed40ed2edb0c9a7f7280f4f4f92cbf1b6ddd2aae79058,parsed headline + body
td_newsroom,news_html,2022-01-25_the-okanagan-sikh-temple-and-cultural-society-receives-2440-2c0,data/raw/news/2022-01-25_the-okanagan-sikh-temple-and-cultural-society-receives-2440-2c0.html,https://stories.td.com/ca/en/news/2022-01-25-the-okanagan-sikh-temple-and-cultural-society-receives-2440-2c0,2026-04-18T02:06:11+00:00,,07f72ffb2af23b13214fc750ecc957ebe797bd32baf4fbd20e0cc86055488680,"FY2022Q1; The Okanagan Sikh Temple and Cultural Society receives $40,000 TD donation to la"
td_newsroom,news_json,2022-01-25_the-okanagan-sikh-temple-and-cultural-society-receives-2440-2c0,data/raw/news/2022-01-25_the-okanagan-sikh-temple-and-cultural-society-receives-2440-2c0.json,https://stories.td.com/ca/en/news/2022-01-25-the-okanagan-sikh-temple-and-cultural-society-receives-2440-2c0,2026-04-18T02:06:11+00:00,29.0,28a958ae0fbcd9d3eadd98a0af9700ddfcbc77d3825b8cce31ca05b2a74aa3c6,parsed headline + body
td_newsroom,news_html,2022-01-26_td-to-hire-over-2-2c000-technology-roles-in-2022-to-power-the,data/raw/news/2022-01-26_td-to-hire-over-2-2c000-technology-roles-in-2022-to-power-the.html,https://stories.td.com/ca/en/news/2022-01-26-td-to-hire-over-2-2c000-technology-roles-in-2022-to-power-the,2026-04-18T02:06:12+00:00,,e8fd561bd69a2606b1dcad09e563047ff96a3cb3d811e5f3ca5c33a3c13fcf91,"FY2022Q1; TD to hire over 2,000 technology roles in 2022 to power the Bank's future-focuse"
td_newsroom,news_json,2022-01-26_td-to-hire-over-2-2c000-technology-roles-in-2022-to-power-the,data/raw/news/2022-01-26_td-to-hire-over-2-2c000-technology-roles-in-2022-to-power-the.json,https://stories.td.com/ca/en/news/2022-01-26-td-to-hire-over-2-2c000-technology-roles-in-2022-to-power-the,2026-04-18T02:06:12+00:00,43.0,29642aec8bd1146be2d7cc610cd5d6a1d3c727cc69ad8315c54fd07892472e51,parsed headline + body
td_newsroom,news_html,2022-01-26_td-awards-2410-million-to-organizations-tackling-pandemic-rel,data/raw/news/2022-01-26_td-awards-2410-million-to-organizations-tackling-pandemic-rel.html,https://stories.td.com/ca/en/news/2022-01-26-td-awards-2410-million-to-organizations-tackling-pandemic-rel,2026-04-18T02:06:12+00:00,,bb7902d4742f23f853962f265498b4f6a95603c395bb4516fe0a42496ad64a6b,FY2022Q1; TD awards $10 million to organizations tackling pandemic-related learning loss
td_newsroom,news_json,2022-01-26_td-awards-2410-million-to-organizations-tackling-pandemic-rel,data/raw/news/2022-01-26_td-awards-2410-million-to-organizations-tackling-pandemic-rel.json,https://stories.td.com/ca/en/news/2022-01-26-td-awards-2410-million-to-organizations-tackling-pandemic-rel,2026-04-18T02:06:12+00:00,71.0,b966cf77e240528e444199858ec9b1cf16d89f9fb66435781d86b4c78a33c8fa,parsed headline + body
td_newsroom,news_html,2022-01-26_td-helps-build-future-innovation-in-cleantech-2c-healthtech-2c-a,data/raw/news/2022-01-26_td-helps-build-future-innovation-in-cleantech-2c-healthtech-2c-a.html,https://stories.td.com/ca/en/news/2022-01-26-td-helps-build-future-innovation-in-cleantech-2c-healthtech-2c-a,2026-04-18T02:06:13+00:00,,3668e1d1cc3c5ac1ed3662bfea999fd33a9f832cccd11d61df09ac487e4780b2,"FY2022Q1; TD helps build future innovation in Cleantech, Healthtech, and ESG through new p"
td_newsroom,news_json,2022-01-26_td-helps-build-future-innovation-in-cleantech-2c-healthtech-2c-a,data/raw/news/2022-01-26_td-helps-build-future-innovation-in-cleantech-2c-healthtech-2c-a.json,https://stories.td.com/ca/en/news/2022-01-26-td-helps-build-future-innovation-in-cleantech-2c-healthtech-2c-a,2026-04-18T02:06:13+00:00,33.0,f207efe5b9c03abfc136c15a2473ece6d4bbc7fb12ffea8b8625161aa6dacfcd,parsed headline + body
td_newsroom,news_html,2022-01-26_as-fraudsters-become-more-sophisticated-2c-td-insurance-expand,data/raw/news/2022-01-26_as-fraudsters-become-more-sophisticated-2c-td-insurance-expand.html,https://stories.td.com/ca/en/news/2022-01-26-as-fraudsters-become-more-sophisticated-2c-td-insurance-expand,2026-04-18T02:06:14+00:00,,748d8728dbd41c8d4df87f51b8a80f15a9ca544c0c5ac0efa277469e34e03b19,"FY2022Q1; As fraudsters become more sophisticated, TD Insurance expands artificial intelli"
td_newsroom,news_json,2022-01-26_as-fraudsters-become-more-sophisticated-2c-td-insurance-expand,data/raw/news/2022-01-26_as-fraudsters-become-more-sophisticated-2c-td-insurance-expand.json,https://stories.td.com/ca/en/news/2022-01-26-as-fraudsters-become-more-sophisticated-2c-td-insurance-expand,2026-04-18T02:06:14+00:00,31.0,dbe034e71e13f7b4a8d339d91f8d9a319578d8a8579d21adf6b702a82e5676af,parsed headline + body
td_newsroom,news_html,2022-01-26_data-platform-modernization-delivering-richer-insights-and-p,data/raw/news/2022-01-26_data-platform-modernization-delivering-richer-insights-and-p.html,https://stories.td.com/ca/en/news/2022-01-26-data-platform-modernization-delivering-richer-insights-and-p,2026-04-18T02:06:14+00:00,,feb49dfd8aa9d9b86a54c599521f0739032552b2ec1818d6d772e297574e8e24,FY2022Q1; Data platform modernization delivering richer insights and powering dynamic digi
td_newsroom,news_json,2022-01-26_data-platform-modernization-delivering-richer-insights-and-p,data/raw/news/2022-01-26_data-platform-modernization-delivering-richer-insights-and-p.json,https://stories.td.com/ca/en/news/2022-01-26-data-platform-modernization-delivering-richer-insights-and-p,2026-04-18T02:06:14+00:00,25.0,f28fbba5e2985cfa2f22deabf50b4ea7ec769986926c49f728b120cceea8bb0d,parsed headline + body
td_newsroom,news_html,2022-01-26_td-creates-new-platform-to-drive-equity-lens-on-innovation,data/raw/news/2022-01-26_td-creates-new-platform-to-drive-equity-lens-on-innovation.html,https://stories.td.com/ca/en/news/2022-01-26-td-creates-new-platform-to-drive-equity-lens-on-innovation,2026-04-18T02:06:15+00:00,,8926b8435930b2653f38449b5564ad246b416c9ab4c5dc963ac7fd7f79304e0d,FY2022Q1; TD creates new platform to drive equity lens on innovation
td_newsroom,news_json,2022-01-26_td-creates-new-platform-to-drive-equity-lens-on-innovation,data/raw/news/2022-01-26_td-creates-new-platform-to-drive-equity-lens-on-innovation.json,https://stories.td.com/ca/en/news/2022-01-26-td-creates-new-platform-to-drive-equity-lens-on-innovation,2026-04-18T02:06:15+00:00,23.0,3be9a771745ac112cdd3aff4985b471eccaaa121491c1aef3d2bfdc6776bcb47,parsed headline + body
td_newsroom,news_html,2022-01-26_td-builds-on-commitment-to-advance-ai-with-early-renewal-of,data/raw/news/2022-01-26_td-builds-on-commitment-to-advance-ai-with-early-renewal-of.html,https://stories.td.com/ca/en/news/2022-01-26-td-builds-on-commitment-to-advance-ai-with-early-renewal-of,2026-04-18T02:06:16+00:00,,a9f012f6b62ab24d641089b99fdd62833cb35ce5fbe90cd5cc9a8dea41ab62f2,FY2022Q1; TD builds on commitment to advance AI with early renewal of Vector Institute spo
td_newsroom,news_json,2022-01-26_td-builds-on-commitment-to-advance-ai-with-early-renewal-of,data/raw/news/2022-01-26_td-builds-on-commitment-to-advance-ai-with-early-renewal-of.json,https://stories.td.com/ca/en/news/2022-01-26-td-builds-on-commitment-to-advance-ai-with-early-renewal-of,2026-04-18T02:06:16+00:00,27.0,359cb5264fe24b57e780ffda591728dd601eadfa132b15b489e34ddf99f3cb18,parsed headline + body
td_newsroom,news_html,2022-01-27_several-mutual-funds-managed-by-td-asset-management-inc-rec,data/raw/news/2022-01-27_several-mutual-funds-managed-by-td-asset-management-inc-rec.html,https://stories.td.com/ca/en/news/2022-01-27-several-mutual-funds-managed-by-td-asset-management-inc.-rec,2026-04-18T02:06:17+00:00,,c27ecdb105e6ab3b3581c1b72dc57bb64c934bbfe13cbada91bfd21c3b043c7d,FY2022Q1; Several mutual funds managed by TD Asset Management Inc. recognized in four cate
td_newsroom,news_json,2022-01-27_several-mutual-funds-managed-by-td-asset-management-inc-rec,data/raw/news/2022-01-27_several-mutual-funds-managed-by-td-asset-management-inc-rec.json,https://stories.td.com/ca/en/news/2022-01-27-several-mutual-funds-managed-by-td-asset-management-inc.-rec,2026-04-18T02:06:17+00:00,115.0,3a6dc7891b9a5c4095232921e0120294638d8452d2ef617b77e85e148bb604f7,parsed headline + body
td_newsroom,news_html,2022-01-27_td-included-in-bloomberg-gender-equality-index-for-sixth-con,data/raw/news/2022-01-27_td-included-in-bloomberg-gender-equality-index-for-sixth-con.html,https://stories.td.com/ca/en/news/2022-01-27-td-included-in-bloomberg-gender-equality-index-for-sixth-con,2026-04-18T02:06:17+00:00,,0ee099a63d480225968b941428f3239da1eed5845f29eeb783c10e47776e0f41,FY2022Q1; TD Included in Bloomberg Gender-Equality Index for Sixth Consecutive Year; Bank 
td_newsroom,news_json,2022-01-27_td-included-in-bloomberg-gender-equality-index-for-sixth-con,data/raw/news/2022-01-27_td-included-in-bloomberg-gender-equality-index-for-sixth-con.json,https://stories.td.com/ca/en/news/2022-01-27-td-included-in-bloomberg-gender-equality-index-for-sixth-con,2026-04-18T02:06:17+00:00,47.0,e6fb43c21b7beb0b72fbdb0b73ea8e295fd1df6d0870bd99bcc15b4b63cc0c05,parsed headline + body
td_newsroom,news_html,2022-02-03_need-a-source-3a-what-canadians-need-to-know-this-rrsp-season,data/raw/news/2022-02-03_need-a-source-3a-what-canadians-need-to-know-this-rrsp-season.html,https://stories.td.com/ca/en/news/2022-02-03-need-a-source-3a-what-canadians-need-to-know-this-rrsp-season,2026-04-18T02:06:18+00:00,,1632315f8da0d80e06681da7508d054cfff65baf2d5fd7477da588695d5f5f10,FY2022Q2; Need-a-source: What Canadians need to know this RRSP season
td_newsroom,news_json,2022-02-03_need-a-source-3a-what-canadians-need-to-know-this-rrsp-season,data/raw/news/2022-02-03_need-a-source-3a-what-canadians-need-to-know-this-rrsp-season.json,https://stories.td.com/ca/en/news/2022-02-03-need-a-source-3a-what-canadians-need-to-know-this-rrsp-season,2026-04-18T02:06:18+00:00,23.0,68fa7465a1741aabf7513e40d2c046afc285296df12e17c8f35f204096f9e86c,parsed headline + body
td_newsroom,news_html,2022-02-09_better-off-after-breaking-up-3f-those-unlucky-in-love-feeling,data/raw/news/2022-02-09_better-off-after-breaking-up-3f-those-unlucky-in-love-feeling.html,https://stories.td.com/ca/en/news/2022-02-09-better-off-after-breaking-up-3f-those-unlucky-in-love-feeling,2026-04-18T02:06:19+00:00,,07037e49c1178cd2ca6415b7efe7211d837192c5c96fef044f324589401fa9d5,FY2022Q2; Better Off after Breaking up? Those unlucky in love feeling hopeful about a brig
td_newsroom,news_json,2022-02-09_better-off-after-breaking-up-3f-those-unlucky-in-love-feeling,data/raw/news/2022-02-09_better-off-after-breaking-up-3f-those-unlucky-in-love-feeling.json,https://stories.td.com/ca/en/news/2022-02-09-better-off-after-breaking-up-3f-those-unlucky-in-love-feeling,2026-04-18T02:06:19+00:00,73.0,7a25fc781c18f508baf3cbea5659421cee31aa17ec1f06f34c11adc8d17bcea9,parsed headline + body
td_newsroom,news_html,2022-02-10_media-advisory-td-bank-group-to-release-first-quarter-fina,data/raw/news/2022-02-10_media-advisory-td-bank-group-to-release-first-quarter-fina.html,https://stories.td.com/ca/en/news/2022-02-10-media-advisory---td-bank-group-to-release-first-quarter-fina,2026-04-18T02:06:19+00:00,,70b7f4cd7959d0b6dd5c6828a55e12c939719f4bcdb868b8fdde36e36a14ccca,FY2022Q2; Media Advisory - TD Bank Group to release first quarter financial results
td_newsroom,news_json,2022-02-10_media-advisory-td-bank-group-to-release-first-quarter-fina,data/raw/news/2022-02-10_media-advisory-td-bank-group-to-release-first-quarter-fina.json,https://stories.td.com/ca/en/news/2022-02-10-media-advisory---td-bank-group-to-release-first-quarter-fina,2026-04-18T02:06:19+00:00,15.0,5c77488709a74570237c898fae0176eeb1823c4725a0555a53ba474fc3004197,parsed headline + body
td_newsroom,news_html,2022-02-10_td-recognized-as-the-top-ranked-north-american-bank-in-the-2,data/raw/news/2022-02-10_td-recognized-as-the-top-ranked-north-american-bank-in-the-2.html,https://stories.td.com/ca/en/news/2022-02-10-td-recognized-as-the-top-ranked-north-american-bank-in-the-2,2026-04-18T02:06:20+00:00,,6221dc0734c58a56918321ca315a2b853f751b39826eabc7c51e8434084305ac,FY2022Q2; TD recognized as the top ranked North American Bank in the 2022 S&P Global Susta
td_newsroom,news_json,2022-02-10_td-recognized-as-the-top-ranked-north-american-bank-in-the-2,data/raw/news/2022-02-10_td-recognized-as-the-top-ranked-north-american-bank-in-the-2.json,https://stories.td.com/ca/en/news/2022-02-10-td-recognized-as-the-top-ranked-north-american-bank-in-the-2,2026-04-18T02:06:20+00:00,23.0,752b0b40cb45b8427f8b2e6469db2268af1f1c04d14fd4bf90bb176a6f8f80f0,parsed headline + body
td_newsroom,news_html,2022-02-11_td-wins-2022-big-innovation-awards-for-new-digital-capabilit,data/raw/news/2022-02-11_td-wins-2022-big-innovation-awards-for-new-digital-capabilit.html,https://stories.td.com/ca/en/news/2022-02-11-td-wins-2022-big-innovation-awards-for-new-digital-capabilit,2026-04-18T02:06:21+00:00,,6589094c4e1d9b6a607e3b5eb6c11cc4b5ab29cb9034f5772114762a6dfc11ab,FY2022Q2; TD wins 2022 BIG Innovation Awards for new digital capabilities and customer inn
td_newsroom,news_json,2022-02-11_td-wins-2022-big-innovation-awards-for-new-digital-capabilit,data/raw/news/2022-02-11_td-wins-2022-big-innovation-awards-for-new-digital-capabilit.json,https://stories.td.com/ca/en/news/2022-02-11-td-wins-2022-big-innovation-awards-for-new-digital-capabilit,2026-04-18T02:06:21+00:00,29.0,b192b6d244cc1d0c8992a885f9ea01f57f1f1f4c6b97fcd97111ec70980e9cd4,parsed headline + body
td_newsroom,news_html,2022-02-14_td-asset-management-inc-announces-td-etf-distributions,data/raw/news/2022-02-14_td-asset-management-inc-announces-td-etf-distributions.html,https://stories.td.com/ca/en/news/2022-02-14-td-asset-management-inc.-announces-td-etf-distributions,2026-04-18T02:06:21+00:00,,63dfc9f6b27a89ee2763c716ea026cf7d300956bee7b1fa946f8e66edb91c88f,FY2022Q2; TD Asset Management Inc. Announces TD ETF Distributions
td_newsroom,news_json,2022-02-14_td-asset-management-inc-announces-td-etf-distributions,data/raw/news/2022-02-14_td-asset-management-inc-announces-td-etf-distributions.json,https://stories.td.com/ca/en/news/2022-02-14-td-asset-management-inc.-announces-td-etf-distributions,2026-04-18T02:06:21+00:00,119.0,7f78b48c99ee91d390195ec810793304d4d583b3e03f1b1034a0122d683cd4ab,parsed headline + body
td_newsroom,news_html,2022-02-17_media-advisory-td-bank-group-executive-to-present-at-the-r,data/raw/news/2022-02-17_media-advisory-td-bank-group-executive-to-present-at-the-r.html,https://stories.td.com/ca/en/news/2022-02-17-media-advisory---td-bank-group-executive-to-present-at-the-r,2026-04-18T02:06:22+00:00,,820d90d7f9814987b1152cad52ce4b51015a43335e428bd0a8010bf71d6afc8f,FY2022Q2; MEDIA ADVISORY - TD Bank Group Executive to Present at the RBC Global Financial 
td_newsroom,news_json,2022-02-17_media-advisory-td-bank-group-executive-to-present-at-the-r,data/raw/news/2022-02-17_media-advisory-td-bank-group-executive-to-present-at-the-r.json,https://stories.td.com/ca/en/news/2022-02-17-media-advisory---td-bank-group-executive-to-present-at-the-r,2026-04-18T02:06:22+00:00,7.0,2fa79ff2e2aab8c82845c3fc3d466e700187456d8f68a1367181f0dad377050e,parsed headline + body
td_newsroom,news_html,2022-02-22_td-adds-everyday-value-to-cardholders-with-new-instacart-off,data/raw/news/2022-02-22_td-adds-everyday-value-to-cardholders-with-new-instacart-off.html,https://stories.td.com/ca/en/news/2022-02-22-td-adds-everyday-value-to-cardholders-with-new-instacart-off,2026-04-18T02:06:23+00:00,,e6de64814791dc3f072c43f7dfe280fad09e8834b7651d0286446ad58ad4c9c8,FY2022Q2; TD Adds Everyday Value To Cardholders With New Instacart Offer
td_newsroom,news_json,2022-02-22_td-adds-everyday-value-to-cardholders-with-new-instacart-off,data/raw/news/2022-02-22_td-adds-everyday-value-to-cardholders-with-new-instacart-off.json,https://stories.td.com/ca/en/news/2022-02-22-td-adds-everyday-value-to-cardholders-with-new-instacart-off,2026-04-18T02:06:23+00:00,25.0,d7f439e77bb3724879d9d93d248beb565b966623600e40d051689e9dc165c7d2,parsed headline + body
td_newsroom,news_html,2022-02-28_the-toronto-dominion-bank-announces-automatic-termination-of,data/raw/news/2022-02-28_the-toronto-dominion-bank-announces-automatic-termination-of.html,https://stories.td.com/ca/en/news/2022-02-28-the-toronto-dominion-bank-announces-automatic-termination-of,2026-04-18T02:06:24+00:00,,877902ad21be4db794d925e5bf8457f900d77e71299413224359b264a87ad116,FY2022Q2; The Toronto-Dominion Bank Announces Automatic Termination of Automatic Share Pur
td_newsroom,news_json,2022-02-28_the-toronto-dominion-bank-announces-automatic-termination-of,data/raw/news/2022-02-28_the-toronto-dominion-bank-announces-automatic-termination-of.json,https://stories.td.com/ca/en/news/2022-02-28-the-toronto-dominion-bank-announces-automatic-termination-of,2026-04-18T02:06:24+00:00,23.0,11ecc853242c87c0451b74eb348868b8891ef1a7cf21f2bd726091a4d473b111,parsed headline + body
td_newsroom,news_html,2022-02-28_td-to-expand-in-the-southeastern-u-s-with-acquisition-of-fi,data/raw/news/2022-02-28_td-to-expand-in-the-southeastern-u-s-with-acquisition-of-fi.html,https://stories.td.com/ca/en/news/2022-02-28-td-to-expand-in-the-southeastern-u.s.-with-acquisition-of-fi,2026-04-18T02:06:24+00:00,,4e4e5bf72317cecd921469a1b4d11393d8cd967df6cca9f39f08b562144601e2,FY2022Q2; TD to Expand in the Southeastern U.S. with Acquisition of First Horizon
td_newsroom,news_json,2022-02-28_td-to-expand-in-the-southeastern-u-s-with-acquisition-of-fi,data/raw/news/2022-02-28_td-to-expand-in-the-southeastern-u-s-with-acquisition-of-fi.json,https://stories.td.com/ca/en/news/2022-02-28-td-to-expand-in-the-southeastern-u.s.-with-acquisition-of-fi,2026-04-18T02:06:24+00:00,131.0,9f1a13603f5264129dc06fa6d9c4909607808849e67c5e4a78813ca9d39faf9d,parsed headline + body
td_newsroom,news_html,2022-03-01_2fr-e-p-e-a-t-media-advisory-td-bank-group-to-release-fi,data/raw/news/2022-03-01_2fr-e-p-e-a-t-media-advisory-td-bank-group-to-release-fi.html,https://stories.td.com/ca/en/news/2022-03-01--2fr-e-p-e-a-t----media-advisory---td-bank-group-to-release-fi,2026-04-18T02:06:25+00:00,,5cc26294ca08c2247ec0a71d225f9d2642da89900975e5b243e55d7c93ecf4a4,FY2022Q2; /R E P E A T -- Media Advisory - TD Bank Group to release first quarter financia
td_newsroom,news_json,2022-03-01_2fr-e-p-e-a-t-media-advisory-td-bank-group-to-release-fi,data/raw/news/2022-03-01_2fr-e-p-e-a-t-media-advisory-td-bank-group-to-release-fi.json,https://stories.td.com/ca/en/news/2022-03-01--2fr-e-p-e-a-t----media-advisory---td-bank-group-to-release-fi,2026-04-18T02:06:25+00:00,15.0,5141c937c47277ef728d27b823b697e1b67cbbaffa550ad79e9f8b2602742cd9,parsed headline + body
td_newsroom,news_html,2022-03-01_td-announces-new-collaboration-with-starbucks-canada-to-unlo,data/raw/news/2022-03-01_td-announces-new-collaboration-with-starbucks-canada-to-unlo.html,https://stories.td.com/ca/en/news/2022-03-01-td-announces-new-collaboration-with-starbucks-canada-to-unlo,2026-04-18T02:06:26+00:00,,ce00035f257f0b8ca2410739ee28796bfc4b2f6115b8471e1ea63498eba93d47,FY2022Q2; TD announces new collaboration with Starbucks Canada to unlock more rewards and 
td_newsroom,news_json,2022-03-01_td-announces-new-collaboration-with-starbucks-canada-to-unlo,data/raw/news/2022-03-01_td-announces-new-collaboration-with-starbucks-canada-to-unlo.json,https://stories.td.com/ca/en/news/2022-03-01-td-announces-new-collaboration-with-starbucks-canada-to-unlo,2026-04-18T02:06:26+00:00,33.0,4a03ee5d735d52deb18b9113c1ce9f2a6bf959b697a0d06f36055bdceea0c36d,parsed headline + body
td_newsroom,news_html,2022-03-02_td-canada-trust-announces-change-to-prime-rate,data/raw/news/2022-03-02_td-canada-trust-announces-change-to-prime-rate.html,https://stories.td.com/ca/en/news/2022-03-02-td-canada-trust-announces-change-to-prime-rate,2026-04-18T02:06:27+00:00,,366603a7ed43d6bb207d2c028d392b2c099ae326f52e68d675355239084e2701,FY2022Q2; TD Canada Trust announces change to prime rate
td_newsroom,news_json,2022-03-02_td-canada-trust-announces-change-to-prime-rate,data/raw/news/2022-03-02_td-canada-trust-announces-change-to-prime-rate.json,https://stories.td.com/ca/en/news/2022-03-02-td-canada-trust-announces-change-to-prime-rate,2026-04-18T02:06:27+00:00,9.0,489266e2d6cb3dc83006b14c57853f5bc4d514764c91a59082db093915aba570,parsed headline + body
td_newsroom,news_html,2022-03-03_td-bank-group-declares-dividends,data/raw/news/2022-03-03_td-bank-group-declares-dividends.html,https://stories.td.com/ca/en/news/2022-03-03-td-bank-group-declares-dividends,2026-04-18T02:06:30+00:00,,b02a9771698692568513e217c923fde29fe6fce0b9f8a22b33771176b87ca02b,FY2022Q2; TD BANK GROUP DECLARES DIVIDENDS
td_newsroom,news_json,2022-03-03_td-bank-group-declares-dividends,data/raw/news/2022-03-03_td-bank-group-declares-dividends.json,https://stories.td.com/ca/en/news/2022-03-03-td-bank-group-declares-dividends,2026-04-18T02:06:30+00:00,43.0,a9594cbe696d1ad7d72fb5855a24289f791117f083d09028edabda3efc518594,parsed headline + body
td_newsroom,news_html,2022-03-03_td-bank-group-reports-first-quarter-2022-results,data/raw/news/2022-03-03_td-bank-group-reports-first-quarter-2022-results.html,https://stories.td.com/ca/en/news/2022-03-03-td-bank-group-reports-first-quarter-2022-results,2026-04-18T02:06:31+00:00,,3209d5ab675f2d002b4cf77789d4d165e08126cc93be6ac46e88e2adad9005f9,FY2022Q2; TD Bank Group Reports First Quarter 2022 Results
td_newsroom,news_json,2022-03-03_td-bank-group-reports-first-quarter-2022-results,data/raw/news/2022-03-03_td-bank-group-reports-first-quarter-2022-results.json,https://stories.td.com/ca/en/news/2022-03-03-td-bank-group-reports-first-quarter-2022-results,2026-04-18T02:06:31+00:00,2091.0,588bc87ea8d61e6ea69196c66fbbc86fae092a06cfdad7c48c2274db01e77aeb,parsed headline + body
td_newsroom,news_html,2022-03-07_2fr-e-p-e-a-t-media-advisory-td-bank-group-executive-to,data/raw/news/2022-03-07_2fr-e-p-e-a-t-media-advisory-td-bank-group-executive-to.html,https://stories.td.com/ca/en/news/2022-03-07--2fr-e-p-e-a-t----media-advisory---td-bank-group-executive-to,2026-04-18T02:06:32+00:00,,b2577e321f75d423719dc1ed07df02b98deb2caad7d720c5a3c96ae16e5e92eb,FY2022Q2; /R E P E A T -- MEDIA ADVISORY - TD Bank Group Executive to Present at the RBC G
td_newsroom,news_json,2022-03-07_2fr-e-p-e-a-t-media-advisory-td-bank-group-executive-to,data/raw/news/2022-03-07_2fr-e-p-e-a-t-media-advisory-td-bank-group-executive-to.json,https://stories.td.com/ca/en/news/2022-03-07--2fr-e-p-e-a-t----media-advisory---td-bank-group-executive-to,2026-04-18T02:06:32+00:00,9.0,2d769617ec781bd0c5295e7f2fbd92ee3f1cde1d30b7dc874f994ec7c7f5ef24,parsed headline + body
td_newsroom,news_html,2022-03-07_td-bank-group-management-proxy-circular-now-available,data/raw/news/2022-03-07_td-bank-group-management-proxy-circular-now-available.html,https://stories.td.com/ca/en/news/2022-03-07-td-bank-group-management-proxy-circular-now-available,2026-04-18T02:06:33+00:00,,9923db781b9cae8be57a4e6354a2d81ec81920dff0e7499c68bfc105b61aca5f,FY2022Q2; TD Bank Group Management Proxy Circular Now Available
td_newsroom,news_json,2022-03-07_td-bank-group-management-proxy-circular-now-available,data/raw/news/2022-03-07_td-bank-group-management-proxy-circular-now-available.json,https://stories.td.com/ca/en/news/2022-03-07-td-bank-group-management-proxy-circular-now-available,2026-04-18T02:06:33+00:00,17.0,a9fde5f24accac4632a18661c9011c956298bc3685bba61dcb87450d21e68c55,parsed headline + body
td_newsroom,news_html,2022-03-07_to-hinder-swindlers-2c-td-fraud-expert-says-awareness-is-key-a,data/raw/news/2022-03-07_to-hinder-swindlers-2c-td-fraud-expert-says-awareness-is-key-a.html,https://stories.td.com/ca/en/news/2022-03-07-to-hinder-swindlers-2c-td-fraud-expert-says-awareness-is-key-a,2026-04-18T02:06:33+00:00,,95b9e27fcef9b8e68a176372d2cbe7d969676980c3e2d6e68b6c227265ccd5e4,"FY2022Q2; To hinder swindlers, TD fraud expert says awareness is key as Canadians report b"
td_newsroom,news_json,2022-03-07_to-hinder-swindlers-2c-td-fraud-expert-says-awareness-is-key-a,data/raw/news/2022-03-07_to-hinder-swindlers-2c-td-fraud-expert-says-awareness-is-key-a.json,https://stories.td.com/ca/en/news/2022-03-07-to-hinder-swindlers-2c-td-fraud-expert-says-awareness-is-key-a,2026-04-18T02:06:33+00:00,45.0,2403817151073124a18c714cd2b3fba7161b457b8dba8c4da4c2826c652a19a2,parsed headline + body
td_newsroom,news_html,2022-03-09_td-sets-2030-interim-financed-emissions-targets-for-high-emi,data/raw/news/2022-03-09_td-sets-2030-interim-financed-emissions-targets-for-high-emi.html,https://stories.td.com/ca/en/news/2022-03-09-td-sets-2030-interim-financed-emissions-targets-for-high-emi,2026-04-18T02:06:34+00:00,,0a8df8431f64fb1c85fd8441596d77486337b23a591dec4eb5c60166e3eee2d5,FY2022Q2; TD sets 2030 interim financed emissions targets for high-emitting sectors: Energ
td_newsroom,news_json,2022-03-09_td-sets-2030-interim-financed-emissions-targets-for-high-emi,data/raw/news/2022-03-09_td-sets-2030-interim-financed-emissions-targets-for-high-emi.json,https://stories.td.com/ca/en/news/2022-03-09-td-sets-2030-interim-financed-emissions-targets-for-high-emi,2026-04-18T02:06:34+00:00,49.0,c5492fcb2ef0736221392821f9d366c129d611ec93968762b8f5d3b89f17426a,parsed headline + body
td_newsroom,news_html,2022-03-10_media-advisory-td-bank-group-executive-to-present-at-the-n,data/raw/news/2022-03-10_media-advisory-td-bank-group-executive-to-present-at-the-n.html,https://stories.td.com/ca/en/news/2022-03-10-media-advisory---td-bank-group-executive-to-present-at-the-n,2026-04-18T02:06:35+00:00,,3519e5d4d2710bf1a62824e632dff1dc87bfce67876d5ffe3804ff232bc73743,FY2022Q2; MEDIA ADVISORY - TD Bank Group Executive to Present at the National Bank Financi
td_newsroom,news_json,2022-03-10_media-advisory-td-bank-group-executive-to-present-at-the-n,data/raw/news/2022-03-10_media-advisory-td-bank-group-executive-to-present-at-the-n.json,https://stories.td.com/ca/en/news/2022-03-10-media-advisory---td-bank-group-executive-to-present-at-the-n,2026-04-18T02:06:35+00:00,7.0,7790953f1ab3e6a430e974048b7123a84d84cc86edac1c59f17b84cf8f55664e,parsed headline + body
td_newsroom,news_html,2022-03-17_td-wins-celent-2022-model-bank-award-for-customer-engagement,data/raw/news/2022-03-17_td-wins-celent-2022-model-bank-award-for-customer-engagement.html,https://stories.td.com/ca/en/news/2022-03-17-td-wins-celent-2022-model-bank-award-for-customer-engagement,2026-04-18T02:06:35+00:00,,f2fe2dc8f5c2572ee7f16f936e41f727a45adecb011efad1cb3a7f4018fb5e1a,FY2022Q2; TD wins Celent 2022 Model Bank award for Customer Engagement
td_newsroom,news_json,2022-03-17_td-wins-celent-2022-model-bank-award-for-customer-engagement,data/raw/news/2022-03-17_td-wins-celent-2022-model-bank-award-for-customer-engagement.json,https://stories.td.com/ca/en/news/2022-03-17-td-wins-celent-2022-model-bank-award-for-customer-engagement,2026-04-18T02:06:35+00:00,33.0,6cd85ff8923963520effc44bcdcd9612bb7afff95281ca2abb435df434d1ef81,parsed headline + body
td_newsroom,news_html,2022-03-18_td-asset-management-inc-announces-td-etf-distributions,data/raw/news/2022-03-18_td-asset-management-inc-announces-td-etf-distributions.html,https://stories.td.com/ca/en/news/2022-03-18-td-asset-management-inc.-announces-td-etf-distributions,2026-04-18T02:06:36+00:00,,8716349f305d07d418035a1d81e691b4cd762255b0556a87fa436e03eea91a8f,FY2022Q2; TD Asset Management Inc. Announces TD ETF Distributions
td_newsroom,news_json,2022-03-18_td-asset-management-inc-announces-td-etf-distributions,data/raw/news/2022-03-18_td-asset-management-inc-announces-td-etf-distributions.json,https://stories.td.com/ca/en/news/2022-03-18-td-asset-management-inc.-announces-td-etf-distributions,2026-04-18T02:06:36+00:00,275.0,e7549539c17753291fc3c8c0484dbecf93e79a6f6d9ec3f90310fdd2a0d9b53e,parsed headline + body
td_newsroom,news_html,2022-03-18_2fr-e-p-e-a-t-media-advisory-td-bank-group-executive-to,data/raw/news/2022-03-18_2fr-e-p-e-a-t-media-advisory-td-bank-group-executive-to.html,https://stories.td.com/ca/en/news/2022-03-18--2fr-e-p-e-a-t----media-advisory---td-bank-group-executive-to,2026-04-18T02:06:37+00:00,,6df7900b80ed3eddc4eac374b5ee11514b7644f644e15e651c657a9c6791ad1d,FY2022Q2; /R E P E A T -- MEDIA ADVISORY - TD Bank Group Executive to Present at the Natio
td_newsroom,news_json,2022-03-18_2fr-e-p-e-a-t-media-advisory-td-bank-group-executive-to,data/raw/news/2022-03-18_2fr-e-p-e-a-t-media-advisory-td-bank-group-executive-to.json,https://stories.td.com/ca/en/news/2022-03-18--2fr-e-p-e-a-t----media-advisory---td-bank-group-executive-to,2026-04-18T02:06:37+00:00,7.0,a7b370f6e57ff907ee645b6fdc9e476d54f8aa1cebed70f8bbc17eff206d49a5,parsed headline + body
td_newsroom,news_html,2022-03-23_td-securities-co-structures-first-ever-green-bond-issuance-f,data/raw/news/2022-03-23_td-securities-co-structures-first-ever-green-bond-issuance-f.html,https://stories.td.com/ca/en/news/2022-03-23-td-securities-co-structures-first-ever-green-bond-issuance-f,2026-04-18T02:06:37+00:00,,9ba9de1388ed9d20363b4e840ca6d910d97c34c11169319366143b27ff5043fc,FY2022Q2; TD Securities Co-Structures First-Ever Green Bond Issuance for Government of Can
td_newsroom,news_json,2022-03-23_td-securities-co-structures-first-ever-green-bond-issuance-f,data/raw/news/2022-03-23_td-securities-co-structures-first-ever-green-bond-issuance-f.json,https://stories.td.com/ca/en/news/2022-03-23-td-securities-co-structures-first-ever-green-bond-issuance-f,2026-04-18T02:06:37+00:00,29.0,fab5425a044245ed5c6d007a230d7a18cce6086c037bbe1f2ca29ab5c4811c90,parsed headline + body
td_newsroom,news_html,2022-03-25_td-bank-group-announces-institutional-nvcc-preferred-share-i,data/raw/news/2022-03-25_td-bank-group-announces-institutional-nvcc-preferred-share-i.html,https://stories.td.com/ca/en/news/2022-03-25-td-bank-group-announces-institutional-nvcc-preferred-share-i,2026-04-18T02:06:38+00:00,,2f2ec738eea51a6f74272f90f6fa6d62d88cdec283d8914acbfd7c6085733794,FY2022Q2; TD Bank Group Announces Institutional NVCC Preferred Share Issue
td_newsroom,news_json,2022-03-25_td-bank-group-announces-institutional-nvcc-preferred-share-i,data/raw/news/2022-03-25_td-bank-group-announces-institutional-nvcc-preferred-share-i.json,https://stories.td.com/ca/en/news/2022-03-25-td-bank-group-announces-institutional-nvcc-preferred-share-i,2026-04-18T02:06:38+00:00,23.0,6e998c3cb01b4c3c355c8985452b600365d16345eab57f58ef3ed547bd1bac70,parsed headline + body
td_newsroom,news_html,2022-03-25_td-increases-donation-to-241-million-in-support-of-resettleme,data/raw/news/2022-03-25_td-increases-donation-to-241-million-in-support-of-resettleme.html,https://stories.td.com/ca/en/news/2022-03-25-td-increases-donation-to-241-million-in-support-of-resettleme,2026-04-18T02:06:39+00:00,,810f2dc9c2a3392c193fc5752a8f680e7336b4fe7609e16d216596a100c360b1,FY2022Q2; TD increases donation to $1 million in support of resettlement efforts and human
td_newsroom,news_json,2022-03-25_td-increases-donation-to-241-million-in-support-of-resettleme,data/raw/news/2022-03-25_td-increases-donation-to-241-million-in-support-of-resettleme.json,https://stories.td.com/ca/en/news/2022-03-25-td-increases-donation-to-241-million-in-support-of-resettleme,2026-04-18T02:06:39+00:00,27.0,d921d119e60a89ca5b76cfc3ad272f77e3933530c56ae5532bab3ca4bde74288,parsed headline + body
td_newsroom,news_html,2022-03-28_td-asset-management-inc-announces-td-etf-unit-consolidation,data/raw/news/2022-03-28_td-asset-management-inc-announces-td-etf-unit-consolidation.html,https://stories.td.com/ca/en/news/2022-03-28-td-asset-management-inc.-announces-td-etf-unit-consolidation,2026-04-18T02:06:39+00:00,,75fee3a5ca4c842c0d387f9de92670d907a78d275a9b3b7e96f1ebd2bc8aaa5e,FY2022Q2; TD Asset Management Inc. Announces TD ETF Unit Consolidations
td_newsroom,news_json,2022-03-28_td-asset-management-inc-announces-td-etf-unit-consolidation,data/raw/news/2022-03-28_td-asset-management-inc-announces-td-etf-unit-consolidation.json,https://stories.td.com/ca/en/news/2022-03-28-td-asset-management-inc.-announces-td-etf-unit-consolidation,2026-04-18T02:06:39+00:00,25.0,6d2819577d0adf0824233db1f4b673fb94d8d0e5dc47947cdff14ebe558fee2d,parsed headline + body
td_newsroom,news_html,2022-03-31_td-bank-group-to-offer-both-virtual-and-in-person-participat,data/raw/news/2022-03-31_td-bank-group-to-offer-both-virtual-and-in-person-participat.html,https://stories.td.com/ca/en/news/2022-03-31-td-bank-group-to-offer-both-virtual-and-in-person-participat,2026-04-18T02:06:40+00:00,,eadc1644821c3a8eb12c66ac3540eee58b75de69f9a822c048283ff6e819e6ef,FY2022Q2; TD Bank Group to offer both virtual and in-person participation for annual meeti
td_newsroom,news_json,2022-03-31_td-bank-group-to-offer-both-virtual-and-in-person-participat,data/raw/news/2022-03-31_td-bank-group-to-offer-both-virtual-and-in-person-participat.json,https://stories.td.com/ca/en/news/2022-03-31-td-bank-group-to-offer-both-virtual-and-in-person-participat,2026-04-18T02:06:40+00:00,39.0,fcc043abd0d849417dbb58f28e04929cfeafb82896d5eabac948559725d664d7,parsed headline + body
td_newsroom,news_html,2022-04-05_td-asset-management-inc-launches-new-usd-units-of-certain-t,data/raw/news/2022-04-05_td-asset-management-inc-launches-new-usd-units-of-certain-t.html,https://stories.td.com/ca/en/news/2022-04-05-td-asset-management-inc.-launches-new-usd-units-of-certain-t,2026-04-18T02:06:41+00:00,,a772a4b75beb274b484981d508c367c50960d6535348c4d5315e597b40087390,FY2022Q2; TD Asset Management Inc. launches new USD units of certain TD Exchange-Traded Fu
td_newsroom,news_json,2022-04-05_td-asset-management-inc-launches-new-usd-units-of-certain-t,data/raw/news/2022-04-05_td-asset-management-inc-launches-new-usd-units-of-certain-t.json,https://stories.td.com/ca/en/news/2022-04-05-td-asset-management-inc.-launches-new-usd-units-of-certain-t,2026-04-18T02:06:41+00:00,53.0,190fce16036e5816f22e4544be45a8271067f3edaafd7ae6ca7b10996fd3f77a,parsed headline + body
td_newsroom,news_html,2022-04-13_td-canada-trust-announces-change-to-prime-rate,data/raw/news/2022-04-13_td-canada-trust-announces-change-to-prime-rate.html,https://stories.td.com/ca/en/news/2022-04-13-td-canada-trust-announces-change-to-prime-rate,2026-04-18T02:06:41+00:00,,8a624c06f9cf8bc16189900a6e742a97a680c03af19c272b60d7993919e0abc9,FY2022Q2; TD Canada Trust announces change to prime rate
td_newsroom,news_json,2022-04-13_td-canada-trust-announces-change-to-prime-rate,data/raw/news/2022-04-13_td-canada-trust-announces-change-to-prime-rate.json,https://stories.td.com/ca/en/news/2022-04-13-td-canada-trust-announces-change-to-prime-rate,2026-04-18T02:06:41+00:00,7.0,320b346dd5661bb8ec8d169753e44d71b3cc5c18cc0cdf6b2879605d3195c8e6,parsed headline + body
td_newsroom,news_html,2022-04-14_td-bank-group-announces-election-of-directors,data/raw/news/2022-04-14_td-bank-group-announces-election-of-directors.html,https://stories.td.com/ca/en/news/2022-04-14-td-bank-group-announces-election-of-directors,2026-04-18T02:06:42+00:00,,2c0874898abdb25a09bb59fa0e4acbf701b2d862a2a6dad30d85449a091ca9e9,FY2022Q2; TD Bank Group Announces Election of Directors
td_newsroom,news_json,2022-04-14_td-bank-group-announces-election-of-directors,data/raw/news/2022-04-14_td-bank-group-announces-election-of-directors.json,https://stories.td.com/ca/en/news/2022-04-14-td-bank-group-announces-election-of-directors,2026-04-18T02:06:42+00:00,153.0,bdc4a6ff7e8791d076e08e3725e9ebe191f205215a96742f333786b6f10471de,parsed headline + body
td_newsroom,news_html,2022-04-18_td-asset-management-inc-announces-td-etf-distributions,data/raw/news/2022-04-18_td-asset-management-inc-announces-td-etf-distributions.html,https://stories.td.com/ca/en/news/2022-04-18-td-asset-management-inc.-announces-td-etf-distributions,2026-04-18T02:06:43+00:00,,79f37307c435b4e50eb68f2c28566a7c77ebe8c1c94a707b0f1b4da6f9bba2d6,FY2022Q2; TD Asset Management Inc. Announces TD ETF Distributions
td_newsroom,news_json,2022-04-18_td-asset-management-inc-announces-td-etf-distributions,data/raw/news/2022-04-18_td-asset-management-inc-announces-td-etf-distributions.json,https://stories.td.com/ca/en/news/2022-04-18-td-asset-management-inc.-announces-td-etf-distributions,2026-04-18T02:06:43+00:00,131.0,9ee437e7be8f294e9c4633a8e4f1436f4a8082dc31cf46658023adeaa6784598,parsed headline + body
td_newsroom,news_html,2022-04-19_td-bank-group-comments-on-expected-impact-of-the-charles-sch,data/raw/news/2022-04-19_td-bank-group-comments-on-expected-impact-of-the-charles-sch.html,https://stories.td.com/ca/en/news/2022-04-19-td-bank-group-comments-on-expected-impact-of-the-charles-sch,2026-04-18T02:06:44+00:00,,92abb36d6d5454de651ef5fe1f6856ea54824b114a3579c75c8e07f89e82c429,FY2022Q2; TD Bank Group Comments on Expected Impact of the Charles Schwab Corporation's Fi
td_newsroom,news_json,2022-04-19_td-bank-group-comments-on-expected-impact-of-the-charles-sch,data/raw/news/2022-04-19_td-bank-group-comments-on-expected-impact-of-the-charles-sch.json,https://stories.td.com/ca/en/news/2022-04-19-td-bank-group-comments-on-expected-impact-of-the-charles-sch,2026-04-18T02:06:44+00:00,9.0,58402c9601daadb63af723b2e3f13459cc3875122e4bb9fd23361eefdb6e2774,parsed headline + body
td_newsroom,news_html,2022-04-20_as-inflation-ticks-higher-2c-younger-canadians-worry-about-the,data/raw/news/2022-04-20_as-inflation-ticks-higher-2c-younger-canadians-worry-about-the.html,https://stories.td.com/ca/en/news/2022-04-20-as-inflation-ticks-higher-2c-younger-canadians-worry-about-the,2026-04-18T02:06:45+00:00,,b1b70a394fd9c53e5c74f775aeae91c612ea00908bbf58bffbe960ae8117c4d6,"FY2022Q2; As inflation ticks higher, younger Canadians worry about the cost of living: TD "
td_newsroom,news_json,2022-04-20_as-inflation-ticks-higher-2c-younger-canadians-worry-about-the,data/raw/news/2022-04-20_as-inflation-ticks-higher-2c-younger-canadians-worry-about-the.json,https://stories.td.com/ca/en/news/2022-04-20-as-inflation-ticks-higher-2c-younger-canadians-worry-about-the,2026-04-18T02:06:46+00:00,33.0,bf511ed9c041f1e88dc617a54c0d71f453e8adebd75971cfd9b887f327d7489c,parsed headline + body
td_newsroom,news_html,2022-04-21_tdam-investment-funds-earn-top-tier-grades-from-corporate-kn,data/raw/news/2022-04-21_tdam-investment-funds-earn-top-tier-grades-from-corporate-kn.html,https://stories.td.com/ca/en/news/2022-04-21-tdam-investment-funds-earn-top-tier-grades-from-corporate-kn,2026-04-18T02:06:47+00:00,,c3efa89fc724a5d4b8cec59681967902f9b6bb44c1b3c6130febfe75e3308d1b,FY2022Q2; TDAM investment funds earn top tier grades from Corporate Knights' annual Respon
td_newsroom,news_json,2022-04-21_tdam-investment-funds-earn-top-tier-grades-from-corporate-kn,data/raw/news/2022-04-21_tdam-investment-funds-earn-top-tier-grades-from-corporate-kn.json,https://stories.td.com/ca/en/news/2022-04-21-tdam-investment-funds-earn-top-tier-grades-from-corporate-kn,2026-04-18T02:06:47+00:00,55.0,74a2aa9f719b1baad9d9cd8b7a0c18351aa1cca283a9c3a33c57023bd343d79d,parsed headline + body
td_newsroom,news_html,2022-04-21_td-recognized-by-business-intelligence-group-for-excellence,data/raw/news/2022-04-21_td-recognized-by-business-intelligence-group-for-excellence.html,https://stories.td.com/ca/en/news/2022-04-21-td-recognized-by-business-intelligence-group-for-excellence,2026-04-18T02:06:48+00:00,,ac846f7f913074b8a9002b42b826cf7b8ba29fdd8eea5e8ede8a4c20a495af6b,FY2022Q2; TD Recognized by Business Intelligence Group for Excellence in AI Innovation for
td_newsroom,news_json,2022-04-21_td-recognized-by-business-intelligence-group-for-excellence,data/raw/news/2022-04-21_td-recognized-by-business-intelligence-group-for-excellence.json,https://stories.td.com/ca/en/news/2022-04-21-td-recognized-by-business-intelligence-group-for-excellence,2026-04-18T02:06:48+00:00,19.0,95f9c7fb74e14ba58148633b89c1f90a8a04e0984b8dcb1d018285037022f5e6,parsed headline + body
td_newsroom,news_html,2022-04-25_health-ai-startup-signal-1-announces-collaboration-with-unit,data/raw/news/2022-04-25_health-ai-startup-signal-1-announces-collaboration-with-unit.html,https://stories.td.com/ca/en/news/2022-04-25-health-ai-startup-signal-1-announces-collaboration-with-unit,2026-04-18T02:06:48+00:00,,c67000339a896f5bfb8e25d799fe0c2d78188baa301d277d2e148f693aeca930,FY2022Q2; Health AI startup Signal 1 announces collaboration with Unity Health Toronto and
td_newsroom,news_json,2022-04-25_health-ai-startup-signal-1-announces-collaboration-with-unit,data/raw/news/2022-04-25_health-ai-startup-signal-1-announces-collaboration-with-unit.json,https://stories.td.com/ca/en/news/2022-04-25-health-ai-startup-signal-1-announces-collaboration-with-unit,2026-04-18T02:06:48+00:00,33.0,0874ee5603fbd93e96b2ecac3210eec27acfdd3be5b24501f66724743a5f178b,parsed headline + body
td_newsroom,news_html,2022-04-26_td-bank-group-creates-south-florida-tech-hub-to-accelerate-d,data/raw/news/2022-04-26_td-bank-group-creates-south-florida-tech-hub-to-accelerate-d.html,https://stories.td.com/ca/en/news/2022-04-26-td-bank-group-creates-south-florida-tech-hub-to-accelerate-d,2026-04-18T02:06:49+00:00,,fff9144c7c9625acb46a74a16ef14c47310c11233bd600c0368b986806adab2b,FY2022Q2; TD Bank Group creates South Florida tech hub to accelerate digital transformatio
td_newsroom,news_json,2022-04-26_td-bank-group-creates-south-florida-tech-hub-to-accelerate-d,data/raw/news/2022-04-26_td-bank-group-creates-south-florida-tech-hub-to-accelerate-d.json,https://stories.td.com/ca/en/news/2022-04-26-td-bank-group-creates-south-florida-tech-hub-to-accelerate-d,2026-04-18T02:06:49+00:00,45.0,89765f52da0fd143f63d6f814f040d8f3c35b9587e04bd02dace6a2124064181,parsed headline + body
td_newsroom,news_html,2022-05-05_media-advisory-td-bank-group-to-release-second-quarter-fin,data/raw/news/2022-05-05_media-advisory-td-bank-group-to-release-second-quarter-fin.html,https://stories.td.com/ca/en/news/2022-05-05-media-advisory---td-bank-group-to-release-second-quarter-fin,2026-04-18T02:06:50+00:00,,c3827a5fa3b0fb2d298929a413311e7dcd81820dbefaa63a90d98eaf3f8edc0a,FY2022Q3; Media Advisory - TD Bank Group to release second quarter financial results
td_newsroom,news_json,2022-05-05_media-advisory-td-bank-group-to-release-second-quarter-fin,data/raw/news/2022-05-05_media-advisory-td-bank-group-to-release-second-quarter-fin.json,https://stories.td.com/ca/en/news/2022-05-05-media-advisory---td-bank-group-to-release-second-quarter-fin,2026-04-18T02:06:50+00:00,15.0,e3c912f60f37f6986804fd12a3ebc8d696f65cc3f4a3f636ad9f1247742e6f53,parsed headline + body
td_newsroom,news_html,2022-05-16_td-asset-management-inc-announces-td-etf-distributions,data/raw/news/2022-05-16_td-asset-management-inc-announces-td-etf-distributions.html,https://stories.td.com/ca/en/news/2022-05-16-td-asset-management-inc.-announces-td-etf-distributions,2026-04-18T02:06:51+00:00,,f7fe6551a63f1f80a368ad457ce100c726d2186bf719bd9df6baf4add0a23101,FY2022Q3; TD Asset Management Inc. Announces TD ETF Distributions
td_newsroom,news_json,2022-05-16_td-asset-management-inc-announces-td-etf-distributions,data/raw/news/2022-05-16_td-asset-management-inc-announces-td-etf-distributions.json,https://stories.td.com/ca/en/news/2022-05-16-td-asset-management-inc.-announces-td-etf-distributions,2026-04-18T02:06:51+00:00,131.0,67a86cec2c9ac31b6cdbdaad14e8d6552409d4d0655ffb4f61bd5190747a85fe,parsed headline + body
td_newsroom,news_html,2022-05-24_2fr-e-p-e-a-t-media-advisory-td-bank-group-to-release-se,data/raw/news/2022-05-24_2fr-e-p-e-a-t-media-advisory-td-bank-group-to-release-se.html,https://stories.td.com/ca/en/news/2022-05-24--2fr-e-p-e-a-t----media-advisory---td-bank-group-to-release-se,2026-04-18T02:06:51+00:00,,13105feab1fc54cfd1b7bd5b8453e7f6a1b4c195555e81a968e1a3b54a4971b2,FY2022Q3; /R E P E A T -- Media Advisory - TD Bank Group to release second quarter financi
td_newsroom,news_json,2022-05-24_2fr-e-p-e-a-t-media-advisory-td-bank-group-to-release-se,data/raw/news/2022-05-24_2fr-e-p-e-a-t-media-advisory-td-bank-group-to-release-se.json,https://stories.td.com/ca/en/news/2022-05-24--2fr-e-p-e-a-t----media-advisory---td-bank-group-to-release-se,2026-04-18T02:06:51+00:00,15.0,493a9409bdecb478099f7c19987f5649ec914fb20e3e2776f87f6b5bd0fae6cd,parsed headline + body
td_newsroom,news_html,2022-05-26_td-bank-group-declares-dividends,data/raw/news/2022-05-26_td-bank-group-declares-dividends.html,https://stories.td.com/ca/en/news/2022-05-26-td-bank-group-declares-dividends,2026-04-18T02:06:52+00:00,,bcb8d6480c251a408b17cbc9c3cf09426d394804c7aa6f860b045a0f49e83fb4,FY2022Q3; TD BANK GROUP DECLARES DIVIDENDS
td_newsroom,news_json,2022-05-26_td-bank-group-declares-dividends,data/raw/news/2022-05-26_td-bank-group-declares-dividends.json,https://stories.td.com/ca/en/news/2022-05-26-td-bank-group-declares-dividends,2026-04-18T02:06:52+00:00,41.0,665818f2368f8c00c2de9b9323a18406f0e300872cbaca8592ed5d7203ab7841,parsed headline + body
td_newsroom,news_html,2022-05-26_td-bank-group-reports-second-quarter-2022-results,data/raw/news/2022-05-26_td-bank-group-reports-second-quarter-2022-results.html,https://stories.td.com/ca/en/news/2022-05-26-td-bank-group-reports-second-quarter-2022-results,2026-04-18T02:06:53+00:00,,a987cdb6632badeb381eddb2f826e9f3508a98a59fac73b787145ba9a5f0cf35,FY2022Q3; TD Bank Group Reports Second Quarter 2022 Results
td_newsroom,news_json,2022-05-26_td-bank-group-reports-second-quarter-2022-results,data/raw/news/2022-05-26_td-bank-group-reports-second-quarter-2022-results.json,https://stories.td.com/ca/en/news/2022-05-26-td-bank-group-reports-second-quarter-2022-results,2026-04-18T02:06:53+00:00,3359.0,f89ec523ee0f76ba6368204713455187cd68f88670324aa61f6bcc37c24d924a,parsed headline + body
td_newsroom,news_html,2022-06-01_td-canada-trust-announces-change-to-td-prime-rate,data/raw/news/2022-06-01_td-canada-trust-announces-change-to-td-prime-rate.html,https://stories.td.com/ca/en/news/2022-06-01-td-canada-trust-announces-change-to-td-prime-rate,2026-04-18T02:06:54+00:00,,55f19d6e482ae08b8b25b8ad36d1c5d834bb3627fefc77cdc65f81380949c05f,FY2022Q3; TD Canada Trust announces change to TD Prime Rate
td_newsroom,news_json,2022-06-01_td-canada-trust-announces-change-to-td-prime-rate,data/raw/news/2022-06-01_td-canada-trust-announces-change-to-td-prime-rate.json,https://stories.td.com/ca/en/news/2022-06-01-td-canada-trust-announces-change-to-td-prime-rate,2026-04-18T02:06:54+00:00,9.0,9e8978fea7bdb64d54646956c8140cfe717dace02940f2e1dca061156ccde99d,parsed headline + body
td_newsroom,news_html,2022-06-09_td-and-wellspring-launch-new-virtual-centre-for-cancer-suppo,data/raw/news/2022-06-09_td-and-wellspring-launch-new-virtual-centre-for-cancer-suppo.html,https://stories.td.com/ca/en/news/2022-06-09-td-and-wellspring-launch-new-virtual-centre-for-cancer-suppo,2026-04-18T02:06:55+00:00,,f9919a4dc673c1146fbda8200473e2c25e54bb4d6809f6c4c4a4fe9d13937fe4,FY2022Q3; TD and Wellspring launch new Virtual Centre for Cancer Support
td_newsroom,news_json,2022-06-09_td-and-wellspring-launch-new-virtual-centre-for-cancer-suppo,data/raw/news/2022-06-09_td-and-wellspring-launch-new-virtual-centre-for-cancer-suppo.json,https://stories.td.com/ca/en/news/2022-06-09-td-and-wellspring-launch-new-virtual-centre-for-cancer-suppo,2026-04-18T02:06:55+00:00,27.0,47c108266c01bb5718c13136c03ee0345144e423a911603debdc13c4116b6e34,parsed headline + body
td_newsroom,news_html,2022-06-14_td-gives-credit-cardholders-a-new-way-to-pay-for-their-purch,data/raw/news/2022-06-14_td-gives-credit-cardholders-a-new-way-to-pay-for-their-purch.html,https://stories.td.com/ca/en/news/2022-06-14-td-gives-credit-cardholders-a-new-way-to-pay-for-their-purch,2026-04-18T02:06:55+00:00,,324b38c87fd8213210af736a1fa76856edd94b92b5d270bda0c490554c6bf726,FY2022Q3; TD gives credit cardholders a new way to pay for their purchases with the launch
td_newsroom,news_json,2022-06-14_td-gives-credit-cardholders-a-new-way-to-pay-for-their-purch,data/raw/news/2022-06-14_td-gives-credit-cardholders-a-new-way-to-pay-for-their-purch.json,https://stories.td.com/ca/en/news/2022-06-14-td-gives-credit-cardholders-a-new-way-to-pay-for-their-purch,2026-04-18T02:06:55+00:00,17.0,9552415c22312365eeb4a9cd802270782fc65476b8a7a5072cbe68d503864253,parsed headline + body
td_newsroom,news_html,2022-06-15_td-direct-investing-launches-moneytalk-live,data/raw/news/2022-06-15_td-direct-investing-launches-moneytalk-live.html,https://stories.td.com/ca/en/news/2022-06-15-td-direct-investing-launches-moneytalk-live,2026-04-18T02:06:56+00:00,,626f637356a6f3b9849898a70fc60700baff2d3b5dc64eb16767d07d47a16c18,FY2022Q3; TD Direct Investing Launches MoneyTalk Live
td_newsroom,news_json,2022-06-15_td-direct-investing-launches-moneytalk-live,data/raw/news/2022-06-15_td-direct-investing-launches-moneytalk-live.json,https://stories.td.com/ca/en/news/2022-06-15-td-direct-investing-launches-moneytalk-live,2026-04-18T02:06:56+00:00,19.0,80a52935bf4635e4bccd0422145cb1aa858440f88e898ebfeebb7c663a6237eb,parsed headline + body
td_newsroom,news_html,2022-06-17_td-asset-management-inc-announces-td-etf-distributions,data/raw/news/2022-06-17_td-asset-management-inc-announces-td-etf-distributions.html,https://stories.td.com/ca/en/news/2022-06-17-td-asset-management-inc.-announces-td-etf-distributions,2026-04-18T02:06:57+00:00,,e17e1c113764484d020fe95e7d0f4f4cd1736d84ef8b0981dc983a4bece79208,FY2022Q3; TD Asset Management Inc. Announces TD ETF Distributions
td_newsroom,news_json,2022-06-17_td-asset-management-inc-announces-td-etf-distributions,data/raw/news/2022-06-17_td-asset-management-inc-announces-td-etf-distributions.json,https://stories.td.com/ca/en/news/2022-06-17-td-asset-management-inc.-announces-td-etf-distributions,2026-04-18T02:06:57+00:00,303.0,ba58e4ff73ae394ff6ea4a1213446f900664e7d6362db42b978a907491a2a581,parsed headline + body
td_newsroom,news_html,2022-06-20_td-lab-launches-equity-resource-hub-with-open-source-access,data/raw/news/2022-06-20_td-lab-launches-equity-resource-hub-with-open-source-access.html,https://stories.td.com/ca/en/news/2022-06-20-td-lab-launches-equity-resource-hub-with-open-source-access,2026-04-18T02:06:57+00:00,,48745120cd8827ab431c5a7d174527f663e3c7890bdcd3a281f7415622b644f4,FY2022Q3; TD Lab launches Equity Resource Hub with open-source access to help drive inclus
td_newsroom,news_json,2022-06-20_td-lab-launches-equity-resource-hub-with-open-source-access,data/raw/news/2022-06-20_td-lab-launches-equity-resource-hub-with-open-source-access.json,https://stories.td.com/ca/en/news/2022-06-20-td-lab-launches-equity-resource-hub-with-open-source-access,2026-04-18T02:06:57+00:00,39.0,74a5541d000429e070d7bbe31ae73e03809329b2cc6cf8618816e6097eb5fa70,parsed headline + body
td_newsroom,news_html,2022-06-21_td-bank-group-announces-new-appointment-to-board-of-director,data/raw/news/2022-06-21_td-bank-group-announces-new-appointment-to-board-of-director.html,https://stories.td.com/ca/en/news/2022-06-21-td-bank-group-announces-new-appointment-to-board-of-director,2026-04-18T02:06:58+00:00,,63d0939324d7b47b5181db5ac774bb7ca79a2a0098b127e71a6508d54b7def77,FY2022Q3; TD Bank Group Announces New Appointment to Board of Directors
td_newsroom,news_json,2022-06-21_td-bank-group-announces-new-appointment-to-board-of-director,data/raw/news/2022-06-21_td-bank-group-announces-new-appointment-to-board-of-director.json,https://stories.td.com/ca/en/news/2022-06-21-td-bank-group-announces-new-appointment-to-board-of-director,2026-04-18T02:06:58+00:00,19.0,9617cad3198ee58234947ddcf4475b970e48b4ca456774e847240f1c3800f4c2,parsed headline + body
td_newsroom,news_html,2022-06-22_media-advisory-interview-and-photo-opportunity-3a-black-prof,data/raw/news/2022-06-22_media-advisory-interview-and-photo-opportunity-3a-black-prof.html,https://stories.td.com/ca/en/news/2022-06-22-media-advisory---interview-and-photo-opportunity-3a-black-prof,2026-04-18T02:06:59+00:00,,e97d4759e29fc76ebbb77115f39956f0b4ae348d93eb1c83de1db54f12b095c3,FY2022Q3; Media Advisory - Interview and Photo Opportunity: Black Professionals in Technol
td_newsroom,news_json,2022-06-22_media-advisory-interview-and-photo-opportunity-3a-black-prof,data/raw/news/2022-06-22_media-advisory-interview-and-photo-opportunity-3a-black-prof.json,https://stories.td.com/ca/en/news/2022-06-22-media-advisory---interview-and-photo-opportunity-3a-black-prof,2026-04-18T02:06:59+00:00,33.0,11352c8172685dc3dd0ae70b983e9e13065746d435fb1fde7336fea20df6da7b,parsed headline + body
td_newsroom,news_html,2022-06-23_black-professionals-in-tech-network-inc-and-td-launch-bootc,data/raw/news/2022-06-23_black-professionals-in-tech-network-inc-and-td-launch-bootc.html,https://stories.td.com/ca/en/news/2022-06-23-black-professionals-in-tech-network-inc.-and-td-launch-bootc,2026-04-18T02:06:59+00:00,,fb609d3a3ba1bbd75f682ec98419646fc173abfa42d8c422b17a48a3c15a7eba,FY2022Q3; Black Professionals in Tech Network Inc. and TD launch bootcamp to help create n
td_newsroom,news_json,2022-06-23_black-professionals-in-tech-network-inc-and-td-launch-bootc,data/raw/news/2022-06-23_black-professionals-in-tech-network-inc-and-td-launch-bootc.json,https://stories.td.com/ca/en/news/2022-06-23-black-professionals-in-tech-network-inc.-and-td-launch-bootc,2026-04-18T02:06:59+00:00,27.0,431aa875e904cf4a014667550da9fa611fb7f47a5299572f1853fb5c11757fc1,parsed headline + body
td_newsroom,news_html,2022-06-28_td-recognized-as-market-leader-in-digital-customer-engagemen,data/raw/news/2022-06-28_td-recognized-as-market-leader-in-digital-customer-engagemen.html,https://stories.td.com/ca/en/news/2022-06-28-td-recognized-as-market-leader-in-digital-customer-engagemen,2026-04-18T02:07:00+00:00,,0976a858ccff11996778d9d42dca3a58e55e5011d07fbac140b678477098b56c,FY2022Q3; TD Recognized as Market Leader in Digital Customer Engagement by Industry Bankin
td_newsroom,news_json,2022-06-28_td-recognized-as-market-leader-in-digital-customer-engagemen,data/raw/news/2022-06-28_td-recognized-as-market-leader-in-digital-customer-engagemen.json,https://stories.td.com/ca/en/news/2022-06-28-td-recognized-as-market-leader-in-digital-customer-engagemen,2026-04-18T02:07:00+00:00,49.0,cbc19703b786c8f81dea9e22edd08cf0989fb2d4d70e1d25fef5fda3f5a2c705,parsed headline + body
td_newsroom,news_html,2022-06-29_td-real-estate-survey-reveals-38-25-of-canadians-are-confused,data/raw/news/2022-06-29_td-real-estate-survey-reveals-38-25-of-canadians-are-confused.html,https://stories.td.com/ca/en/news/2022-06-29-td-real-estate-survey-reveals-38-25-of-canadians-are-confused,2026-04-18T02:07:01+00:00,,ab43e9116f29b609e8c6dc170369c204ce5b67aa574f7ac0712d7fac16d126ce,FY2022Q3; TD Real Estate Survey reveals 38% of Canadians are confused about what rising in
td_newsroom,news_json,2022-06-29_td-real-estate-survey-reveals-38-25-of-canadians-are-confused,data/raw/news/2022-06-29_td-real-estate-survey-reveals-38-25-of-canadians-are-confused.json,https://stories.td.com/ca/en/news/2022-06-29-td-real-estate-survey-reveals-38-25-of-canadians-are-confused,2026-04-18T02:07:01+00:00,43.0,47e4a9e1f3c06725c123dcd13284d37340ecce62d639bf88ad63dcd3ad765592,parsed headline + body
td_newsroom,news_html,2022-06-30_td-launches-the-5th-td-ready-challenge-focused-on-equity-bas,data/raw/news/2022-06-30_td-launches-the-5th-td-ready-challenge-focused-on-equity-bas.html,https://stories.td.com/ca/en/news/2022-06-30-td-launches-the-5th-td-ready-challenge-focused-on-equity-bas,2026-04-18T02:07:02+00:00,,557f065f567f779094627ca258aa7072a5fa8d584f14135690452680f464c271,FY2022Q3; TD launches the 5th TD Ready Challenge focused on equity-based solutions for cli
td_newsroom,news_json,2022-06-30_td-launches-the-5th-td-ready-challenge-focused-on-equity-bas,data/raw/news/2022-06-30_td-launches-the-5th-td-ready-challenge-focused-on-equity-bas.json,https://stories.td.com/ca/en/news/2022-06-30-td-launches-the-5th-td-ready-challenge-focused-on-equity-bas,2026-04-18T02:07:02+00:00,35.0,ecf2ffcee4d5b54fc970be47800bd3e9fabf64918c8dd88997b43a8b71ce2e60,parsed headline + body
td_newsroom,news_html,2022-07-13_td-canada-trust-announces-change-to-td-prime-rate,data/raw/news/2022-07-13_td-canada-trust-announces-change-to-td-prime-rate.html,https://stories.td.com/ca/en/news/2022-07-13-td-canada-trust-announces-change-to-td-prime-rate,2026-04-18T02:07:02+00:00,,b935e36a95a3362d0839cf2556413e467f947abfb3e8ea76f9308b40b89646a5,FY2022Q3; TD Canada Trust announces change to TD Prime Rate
td_newsroom,news_json,2022-07-13_td-canada-trust-announces-change-to-td-prime-rate,data/raw/news/2022-07-13_td-canada-trust-announces-change-to-td-prime-rate.json,https://stories.td.com/ca/en/news/2022-07-13-td-canada-trust-announces-change-to-td-prime-rate,2026-04-18T02:07:02+00:00,7.0,fe48edcf6becba1f5e0fc54834afb76365da6c35655728d91315d1b3cfdcb8e8,parsed headline + body
td_newsroom,news_html,2022-07-18_td-bank-group-announces-institutional-nvcc-preferred-share-i,data/raw/news/2022-07-18_td-bank-group-announces-institutional-nvcc-preferred-share-i.html,https://stories.td.com/ca/en/news/2022-07-18-td-bank-group-announces-institutional-nvcc-preferred-share-i,2026-04-18T02:07:03+00:00,,80e0908c364d68532d62784012aca7da43833b8b166bb960f8d0aa4693baf582,FY2022Q3; TD Bank Group Announces Institutional NVCC Preferred Share Issue
td_newsroom,news_json,2022-07-18_td-bank-group-announces-institutional-nvcc-preferred-share-i,data/raw/news/2022-07-18_td-bank-group-announces-institutional-nvcc-preferred-share-i.json,https://stories.td.com/ca/en/news/2022-07-18-td-bank-group-announces-institutional-nvcc-preferred-share-i,2026-04-18T02:07:03+00:00,21.0,39db8211303091ca8675983b597e3fb40a79d9a9219094749379412d5a847af4,parsed headline + body
td_newsroom,news_html,2022-07-18_td-asset-management-inc-announces-td-etf-distributions,data/raw/news/2022-07-18_td-asset-management-inc-announces-td-etf-distributions.html,https://stories.td.com/ca/en/news/2022-07-18-td-asset-management-inc.-announces-td-etf-distributions,2026-04-18T02:07:03+00:00,,3e0de957f9e50256e6812a46bc248a33f5acb768b5a076a8775d7e5dba220166,FY2022Q3; TD Asset Management Inc. Announces TD ETF Distributions
td_newsroom,news_json,2022-07-18_td-asset-management-inc-announces-td-etf-distributions,data/raw/news/2022-07-18_td-asset-management-inc-announces-td-etf-distributions.json,https://stories.td.com/ca/en/news/2022-07-18-td-asset-management-inc.-announces-td-etf-distributions,2026-04-18T02:07:03+00:00,131.0,23e0b4b9aa7103918ce50c327e30d8c2cfd86af53f7eae790a300691065f0f14,parsed headline + body
td_newsroom,news_html,2022-07-19_td-bank-group-comments-on-expected-impact-of-the-charles-sch,data/raw/news/2022-07-19_td-bank-group-comments-on-expected-impact-of-the-charles-sch.html,https://stories.td.com/ca/en/news/2022-07-19-td-bank-group-comments-on-expected-impact-of-the-charles-sch,2026-04-18T02:07:04+00:00,,36f50ac6d7c2a7ee170cc016dbb31b89ce5a19b96c8eb65546edabd5a8a2ff0b,FY2022Q3; TD Bank Group Comments on Expected Impact of the Charles Schwab Corporation's Se
td_newsroom,news_json,2022-07-19_td-bank-group-comments-on-expected-impact-of-the-charles-sch,data/raw/news/2022-07-19_td-bank-group-comments-on-expected-impact-of-the-charles-sch.json,https://stories.td.com/ca/en/news/2022-07-19-td-bank-group-comments-on-expected-impact-of-the-charles-sch,2026-04-18T02:07:04+00:00,19.0,ca07a002cbd8c22ae00c1a623124109d736880bf5959828b2185792ed18accfc,parsed headline + body
td_newsroom,news_html,2022-07-28_td-asset-management-inc-announces-reductions-to-management,data/raw/news/2022-07-28_td-asset-management-inc-announces-reductions-to-management.html,https://stories.td.com/ca/en/news/2022-07-28-td-asset-management-inc.-announces-reductions-to-management,2026-04-18T02:07:05+00:00,,f11388b9b5cf633453b9345afde8cf36dd915f4880391042f7fda09d830c80c1,FY2022Q3; TD Asset Management Inc. announces reductions to management and administration f
td_newsroom,news_json,2022-07-28_td-asset-management-inc-announces-reductions-to-management,data/raw/news/2022-07-28_td-asset-management-inc-announces-reductions-to-management.json,https://stories.td.com/ca/en/news/2022-07-28-td-asset-management-inc.-announces-reductions-to-management,2026-04-18T02:07:05+00:00,1733.0,217c08b0a6f8c2154cc514c77119cd33702794bf92a9276544d58b3d6ba2fd34,parsed headline + body
td_newsroom,news_html,2022-07-28_td-asset-management-inc-announces-risk-rating-change-to-the,data/raw/news/2022-07-28_td-asset-management-inc-announces-risk-rating-change-to-the.html,https://stories.td.com/ca/en/news/2022-07-28-td-asset-management-inc.-announces-risk-rating-change-to-the,2026-04-18T02:07:06+00:00,,60e19cea76bfa02445ada84d184c665c6b75f22309b770b57c0189af4e2a8643,FY2022Q3; TD Asset Management Inc. announces risk rating change to the TD China Income & G
td_newsroom,news_json,2022-07-28_td-asset-management-inc-announces-risk-rating-change-to-the,data/raw/news/2022-07-28_td-asset-management-inc-announces-risk-rating-change-to-the.json,https://stories.td.com/ca/en/news/2022-07-28-td-asset-management-inc.-announces-risk-rating-change-to-the,2026-04-18T02:07:06+00:00,17.0,0dce6f866036cb6d89f447bc84fb79f1999468568e4cf8500f545fbd61520d61,parsed headline + body
td_newsroom,news_html,2022-08-01_td-sells-28-2c400-2c000-shares-of-schwab-common-stock,data/raw/news/2022-08-01_td-sells-28-2c400-2c000-shares-of-schwab-common-stock.html,https://stories.td.com/ca/en/news/2022-08-01-td-sells-28-2c400-2c000-shares-of-schwab-common-stock,2026-04-18T02:07:07+00:00,,6931fb8001c6fc49cf455c1c04809a43300a9380942ff9765eaa80e155306e3c,"FY2022Q4; TD Sells 28,400,000 Shares of Schwab Common Stock"
td_newsroom,news_json,2022-08-01_td-sells-28-2c400-2c000-shares-of-schwab-common-stock,data/raw/news/2022-08-01_td-sells-28-2c400-2c000-shares-of-schwab-common-stock.json,https://stories.td.com/ca/en/news/2022-08-01-td-sells-28-2c400-2c000-shares-of-schwab-common-stock,2026-04-18T02:07:07+00:00,13.0,b3a8ea51e0296d532dc3afc8f2332027eb244e19a5e65107f50c6910b6bcadff,parsed headline + body
td_newsroom,news_html,2022-08-02_td-to-expand-its-u-s-investment-banking-business-and-capabi,data/raw/news/2022-08-02_td-to-expand-its-u-s-investment-banking-business-and-capabi.html,https://stories.td.com/ca/en/news/2022-08-02-td-to-expand-its-u.s.-investment-banking-business-and-capabi,2026-04-18T02:07:08+00:00,,d022cee703d2bcc608479da807d309fdb21f7cf4c516876638f49fb85f042186,FY2022Q4; TD to Expand its U.S. Investment Banking Business and Capabilities with Acquisit
td_newsroom,news_json,2022-08-02_td-to-expand-its-u-s-investment-banking-business-and-capabi,data/raw/news/2022-08-02_td-to-expand-its-u-s-investment-banking-business-and-capabi.json,https://stories.td.com/ca/en/news/2022-08-02-td-to-expand-its-u.s.-investment-banking-business-and-capabi,2026-04-18T02:07:08+00:00,67.0,71561780fca82be715e3fdc9b592c5b6de2b500301dfde0abd059b828983cc7e,parsed headline + body
td_newsroom,news_html,2022-08-04_media-advisory-td-bank-group-to-release-third-quarter-fina,data/raw/news/2022-08-04_media-advisory-td-bank-group-to-release-third-quarter-fina.html,https://stories.td.com/ca/en/news/2022-08-04-media-advisory---td-bank-group-to-release-third-quarter-fina,2026-04-18T02:07:08+00:00,,861ce514e49529f4a50aa31ca2255e1c8d4fd32bfac09cc14740ddce5aaf53c3,FY2022Q4; Media Advisory - TD Bank Group to release third quarter financial results
td_newsroom,news_json,2022-08-04_media-advisory-td-bank-group-to-release-third-quarter-fina,data/raw/news/2022-08-04_media-advisory-td-bank-group-to-release-third-quarter-fina.json,https://stories.td.com/ca/en/news/2022-08-04-media-advisory---td-bank-group-to-release-third-quarter-fina,2026-04-18T02:07:08+00:00,15.0,e7dc198704f1d75cca96696d148b37aae62185163eb57cbfcdc7c7f490143922,parsed headline + body
td_newsroom,news_html,2022-08-05_an-industry-first-3a-td-makes-it-easier-for-customers-to-purch,data/raw/news/2022-08-05_an-industry-first-3a-td-makes-it-easier-for-customers-to-purch.html,https://stories.td.com/ca/en/news/2022-08-05-an-industry-first-3a-td-makes-it-easier-for-customers-to-purch,2026-04-18T02:07:09+00:00,,13897b1155dd4414356ed8ff1be528b455ba949542d143992483f2fe99ab4865,FY2022Q4; An industry first: TD makes it easier for customers to purchase public transit p
td_newsroom,news_json,2022-08-05_an-industry-first-3a-td-makes-it-easier-for-customers-to-purch,data/raw/news/2022-08-05_an-industry-first-3a-td-makes-it-easier-for-customers-to-purch.json,https://stories.td.com/ca/en/news/2022-08-05-an-industry-first-3a-td-makes-it-easier-for-customers-to-purch,2026-04-18T02:07:09+00:00,19.0,d0d96c75bc7a30e7d3e35b0b59bc902d191dffcb8eb0cd55ef0e278a094feba2,parsed headline + body
td_newsroom,news_html,2022-08-18_td-asset-management-inc-announces-td-etf-distributions,data/raw/news/2022-08-18_td-asset-management-inc-announces-td-etf-distributions.html,https://stories.td.com/ca/en/news/2022-08-18-td-asset-management-inc.-announces-td-etf-distributions,2026-04-18T02:07:10+00:00,,ebca9727276aefa9b3213df09697ec3aa12347d323de81273b41718ca5f65f89,FY2022Q4; TD Asset Management Inc. Announces TD ETF Distributions
td_newsroom,news_json,2022-08-18_td-asset-management-inc-announces-td-etf-distributions,data/raw/news/2022-08-18_td-asset-management-inc-announces-td-etf-distributions.json,https://stories.td.com/ca/en/news/2022-08-18-td-asset-management-inc.-announces-td-etf-distributions,2026-04-18T02:07:10+00:00,131.0,9072b010290c93d6aa9ccb3f038a0a9fc59178c6f1f034962b62ad73de5f9da2,parsed headline + body
td_newsroom,news_html,2022-08-23_2fr-e-p-e-a-t-media-advisory-td-bank-group-to-release-th,data/raw/news/2022-08-23_2fr-e-p-e-a-t-media-advisory-td-bank-group-to-release-th.html,https://stories.td.com/ca/en/news/2022-08-23--2fr-e-p-e-a-t----media-advisory---td-bank-group-to-release-th,2026-04-18T02:07:11+00:00,,44b3eea7a7c58a6acd387eb14e56998db11225920d91f0584381941c2a3b1aa4,FY2022Q4; /R E P E A T -- Media Advisory - TD Bank Group to release third quarter financia
td_newsroom,news_json,2022-08-23_2fr-e-p-e-a-t-media-advisory-td-bank-group-to-release-th,data/raw/news/2022-08-23_2fr-e-p-e-a-t-media-advisory-td-bank-group-to-release-th.json,https://stories.td.com/ca/en/news/2022-08-23--2fr-e-p-e-a-t----media-advisory---td-bank-group-to-release-th,2026-04-18T02:07:11+00:00,15.0,6327e532204f4fa5798e7b533f4c3526492ff233176257ebfd970474690c151f,parsed headline + body
td_newsroom,news_html,2022-08-24_td-bank-group-announces-new-appointments-to-board-of-directo,data/raw/news/2022-08-24_td-bank-group-announces-new-appointments-to-board-of-directo.html,https://stories.td.com/ca/en/news/2022-08-24-td-bank-group-announces-new-appointments-to-board-of-directo,2026-04-18T02:07:11+00:00,,68eac360b9469140a533cc40923ed6aaf8822c0e21185c55e146373e378608ae,FY2022Q4; TD Bank Group Announces New Appointments to Board of Directors
td_newsroom,news_json,2022-08-24_td-bank-group-announces-new-appointments-to-board-of-directo,data/raw/news/2022-08-24_td-bank-group-announces-new-appointments-to-board-of-directo.json,https://stories.td.com/ca/en/news/2022-08-24-td-bank-group-announces-new-appointments-to-board-of-directo,2026-04-18T02:07:11+00:00,27.0,239d5da7fb32b9e664d826634cfce04387464bcb72d870674b116ae44bb2765b,parsed headline + body
td_newsroom,news_html,2022-08-24_td-asset-management-inc-announces-notional-td-etf-distribut,data/raw/news/2022-08-24_td-asset-management-inc-announces-notional-td-etf-distribut.html,https://stories.td.com/ca/en/news/2022-08-24-td-asset-management-inc.-announces-notional-td-etf-distribut,2026-04-18T02:07:12+00:00,,c1d30b495e01ee2b152dbab844d8fbcbfd3cdba74aa28f262d599991539c34f7,FY2022Q4; TD Asset Management Inc. Announces Notional TD ETF Distribution
td_newsroom,news_json,2022-08-24_td-asset-management-inc-announces-notional-td-etf-distribut,data/raw/news/2022-08-24_td-asset-management-inc-announces-notional-td-etf-distribut.json,https://stories.td.com/ca/en/news/2022-08-24-td-asset-management-inc.-announces-notional-td-etf-distribut,2026-04-18T02:07:12+00:00,39.0,6ea835582b7dd797a2675a40375532cdbb7666db2ab1e2f95f1cfed63a4fb6de,parsed headline + body
td_newsroom,news_html,2022-08-25_td-bank-group-declares-dividends,data/raw/news/2022-08-25_td-bank-group-declares-dividends.html,https://stories.td.com/ca/en/news/2022-08-25-td-bank-group-declares-dividends,2026-04-18T02:07:13+00:00,,9a13e28dbc62ce09f6f0448536a5b0030fd77d599715b6f332f4e87c838195fe,FY2022Q4; TD BANK GROUP DECLARES DIVIDENDS
td_newsroom,news_json,2022-08-25_td-bank-group-declares-dividends,data/raw/news/2022-08-25_td-bank-group-declares-dividends.json,https://stories.td.com/ca/en/news/2022-08-25-td-bank-group-declares-dividends,2026-04-18T02:07:13+00:00,45.0,8390063acb33d226d2bbfcce7b89e47cd39eb8433385645e8027fba1f1caa4d9,parsed headline + body
td_newsroom,news_html,2022-08-25_td-bank-group-reports-third-quarter-2022-results,data/raw/news/2022-08-25_td-bank-group-reports-third-quarter-2022-results.html,https://stories.td.com/ca/en/news/2022-08-25-td-bank-group-reports-third-quarter-2022-results,2026-04-18T02:07:14+00:00,,16311c807c2287742af08689428e26aa480560404665c994d7627f35b815f4fc,FY2022Q4; TD Bank Group Reports Third Quarter 2022 Results
td_newsroom,news_json,2022-08-25_td-bank-group-reports-third-quarter-2022-results,data/raw/news/2022-08-25_td-bank-group-reports-third-quarter-2022-results.json,https://stories.td.com/ca/en/news/2022-08-25-td-bank-group-reports-third-quarter-2022-results,2026-04-18T02:07:14+00:00,3469.0,a7e99182fbcff5cd65dc711789c8e1504e908ae26b626424b162d4f4c628443e,parsed headline + body
td_newsroom,news_html,2022-08-29_media-advisory-td-bank-group-executive-to-present-at-the-b,data/raw/news/2022-08-29_media-advisory-td-bank-group-executive-to-present-at-the-b.html,https://stories.td.com/ca/en/news/2022-08-29-media-advisory---td-bank-group-executive-to-present-at-the-b,2026-04-18T02:07:14+00:00,,cda368af137405c8cf4cacf6c5f3a81451a9f8a8cbbb5342ad8169837199f3f6,FY2022Q4; MEDIA ADVISORY - TD Bank Group Executive to Present at the Barclays Global Finan
td_newsroom,news_json,2022-08-29_media-advisory-td-bank-group-executive-to-present-at-the-b,data/raw/news/2022-08-29_media-advisory-td-bank-group-executive-to-present-at-the-b.json,https://stories.td.com/ca/en/news/2022-08-29-media-advisory---td-bank-group-executive-to-present-at-the-b,2026-04-18T02:07:14+00:00,7.0,5e5b231de0073e46506cea451765310848dd669c6207231857b9d41b63f8f867,parsed headline + body
td_newsroom,news_html,2022-08-29_media-advisory-td-bank-group-executive-to-present-at-the-s,data/raw/news/2022-08-29_media-advisory-td-bank-group-executive-to-present-at-the-s.html,https://stories.td.com/ca/en/news/2022-08-29-media-advisory---td-bank-group-executive-to-present-at-the-s,2026-04-18T02:07:15+00:00,,07281c634a079fc1800252eb37403e661cdf8237e3029dfc10ca91ea4308d06c,FY2022Q4; MEDIA ADVISORY - TD Bank Group Executive to Present at the Scotiabank Financials
td_newsroom,news_json,2022-08-29_media-advisory-td-bank-group-executive-to-present-at-the-s,data/raw/news/2022-08-29_media-advisory-td-bank-group-executive-to-present-at-the-s.json,https://stories.td.com/ca/en/news/2022-08-29-media-advisory---td-bank-group-executive-to-present-at-the-s,2026-04-18T02:07:15+00:00,7.0,f0c6ba3e2fb84fd9421db47fe0d3bb4be380e1a7486fdd166a0dd75e2a6744cb,parsed headline + body
td_newsroom,news_html,2022-08-30_td-asset-management-launches-new-etf-focused-on-the-growing,data/raw/news/2022-08-30_td-asset-management-launches-new-etf-focused-on-the-growing.html,https://stories.td.com/ca/en/news/2022-08-30-td-asset-management-launches-new-etf-focused-on-the-growing,2026-04-18T02:07:16+00:00,,4761cbf2ef909c9cfe7caecd2493d2f6c40f9d24d763d52c4fcf8cbbb538dd8d,FY2022Q4; TD Asset Management launches new ETF focused on the growing global carbon credit
td_newsroom,news_json,2022-08-30_td-asset-management-launches-new-etf-focused-on-the-growing,data/raw/news/2022-08-30_td-asset-management-launches-new-etf-focused-on-the-growing.json,https://stories.td.com/ca/en/news/2022-08-30-td-asset-management-launches-new-etf-focused-on-the-growing,2026-04-18T02:07:16+00:00,33.0,b86779d005a1a32b01f5d50ef7d84a0a87be41be35fb3a407fcee2cc03b14650,parsed headline + body
td_newsroom,news_html,2022-09-06_td-announces-non-viability-contingent-capital-at1-limited-re,data/raw/news/2022-09-06_td-announces-non-viability-contingent-capital-at1-limited-re.html,https://stories.td.com/ca/en/news/2022-09-06-td-announces-non-viability-contingent-capital-at1-limited-re,2026-04-18T02:07:16+00:00,,126a495ca8fdc70d387a6581e2a6410f10aa9e1b63ace353dd0485cdc49ede88,FY2022Q4; TD Announces Non-Viability Contingent Capital AT1 Limited Recourse Capital Notes
td_newsroom,news_json,2022-09-06_td-announces-non-viability-contingent-capital-at1-limited-re,data/raw/news/2022-09-06_td-announces-non-viability-contingent-capital-at1-limited-re.json,https://stories.td.com/ca/en/news/2022-09-06-td-announces-non-viability-contingent-capital-at1-limited-re,2026-04-18T02:07:16+00:00,19.0,0c957012a9c7316eadc4463e536dd73172ba93e3118b17aec3e7bd5321018a37,parsed headline + body
td_newsroom,news_html,2022-09-06_2fr-e-p-e-a-t-media-advisory-td-bank-group-executive-to,data/raw/news/2022-09-06_2fr-e-p-e-a-t-media-advisory-td-bank-group-executive-to.html,https://stories.td.com/ca/en/news/2022-09-06--2fr-e-p-e-a-t----media-advisory---td-bank-group-executive-to,2026-04-18T02:07:17+00:00,,2e78e7a7df79ea0edc331a7cee4ea933cb5f0ae709867564307b3397ec11aa43,FY2022Q4; /R E P E A T -- MEDIA ADVISORY - TD Bank Group Executive to Present at the Scoti
td_newsroom,news_json,2022-09-06_2fr-e-p-e-a-t-media-advisory-td-bank-group-executive-to,data/raw/news/2022-09-06_2fr-e-p-e-a-t-media-advisory-td-bank-group-executive-to.json,https://stories.td.com/ca/en/news/2022-09-06--2fr-e-p-e-a-t----media-advisory---td-bank-group-executive-to,2026-04-18T02:07:17+00:00,7.0,d7f4e5d129c8f0fd5ffe3a5ad1e2e61874b5bea54b0d6b6075ffc51f6b1e631c,parsed headline + body
td_newsroom,news_html,2022-09-07_td-canada-trust-announces-change-to-td-prime-rate,data/raw/news/2022-09-07_td-canada-trust-announces-change-to-td-prime-rate.html,https://stories.td.com/ca/en/news/2022-09-07-td-canada-trust-announces-change-to-td-prime-rate,2026-04-18T02:07:18+00:00,,7005a63d5ef8b71295fcd98a21c8ffc503b4ae6a9db96e810befe8092f6d71fd,FY2022Q4; TD Canada Trust announces change to TD Prime Rate
td_newsroom,news_json,2022-09-07_td-canada-trust-announces-change-to-td-prime-rate,data/raw/news/2022-09-07_td-canada-trust-announces-change-to-td-prime-rate.json,https://stories.td.com/ca/en/news/2022-09-07-td-canada-trust-announces-change-to-td-prime-rate,2026-04-18T02:07:18+00:00,7.0,a2412119f5aab5cd0b3ec3ea18a4b087b434bb35f8677230c9199246956c681c,parsed headline + body
td_newsroom,news_html,2022-09-12_2fr-e-p-e-a-t-media-advisory-td-bank-group-executive-to,data/raw/news/2022-09-12_2fr-e-p-e-a-t-media-advisory-td-bank-group-executive-to.html,https://stories.td.com/ca/en/news/2022-09-12--2fr-e-p-e-a-t----media-advisory---td-bank-group-executive-to,2026-04-18T02:07:19+00:00,,3ee7fa3cd2788761f0ce4eeae1c59e2233eac87792f1ffe2ab706841acc918d4,FY2022Q4; /R E P E A T -- MEDIA ADVISORY - TD Bank Group Executive to Present at the Barcl
td_newsroom,news_json,2022-09-12_2fr-e-p-e-a-t-media-advisory-td-bank-group-executive-to,data/raw/news/2022-09-12_2fr-e-p-e-a-t-media-advisory-td-bank-group-executive-to.json,https://stories.td.com/ca/en/news/2022-09-12--2fr-e-p-e-a-t----media-advisory---td-bank-group-executive-to,2026-04-18T02:07:19+00:00,7.0,4a82aec872d068592e0ae813351848dc0b41e7ff7442e21cf1f2b3f73c1d459b,parsed headline + body
td_newsroom,news_html,2022-09-19_td-asset-management-inc-announces-td-etf-distributions,data/raw/news/2022-09-19_td-asset-management-inc-announces-td-etf-distributions.html,https://stories.td.com/ca/en/news/2022-09-19-td-asset-management-inc.-announces-td-etf-distributions,2026-04-18T02:07:19+00:00,,73daae6675da07ff2bc335bcbf3c27448c9989b0c7e374e4fd1185e32fe6fa20,FY2022Q4; TD Asset Management Inc. Announces TD ETF Distributions
td_newsroom,news_json,2022-09-19_td-asset-management-inc-announces-td-etf-distributions,data/raw/news/2022-09-19_td-asset-management-inc-announces-td-etf-distributions.json,https://stories.td.com/ca/en/news/2022-09-19-td-asset-management-inc.-announces-td-etf-distributions,2026-04-18T02:07:19+00:00,307.0,a373b139c598bf40febb251f152fec43a520182ac44dab0e7e8f73bb03c7b005,parsed headline + body
td_newsroom,news_html,2022-09-21_td-securities-invests-in-canada-27s-largest-ever-private-conse,data/raw/news/2022-09-21_td-securities-invests-in-canada-27s-largest-ever-private-conse.html,https://stories.td.com/ca/en/news/2022-09-21-td-securities-invests-in-canada-27s-largest-ever-private-conse,2026-04-18T02:07:20+00:00,,cbcdf0d581600c3957626bd76ac47b8c198772bb9d1edb1ada0108360afb504d,"FY2022Q4; TD Securities invests in Canada's largest ever private conservation project, ann"
td_newsroom,news_json,2022-09-21_td-securities-invests-in-canada-27s-largest-ever-private-conse,data/raw/news/2022-09-21_td-securities-invests-in-canada-27s-largest-ever-private-conse.json,https://stories.td.com/ca/en/news/2022-09-21-td-securities-invests-in-canada-27s-largest-ever-private-conse,2026-04-18T02:07:20+00:00,49.0,35290d85cf30fa3367a969647daedf1268bbdc3326b3880fdfa8e897541ad432,parsed headline + body
td_newsroom,news_html,2022-09-25_td-donates-24250-2c000-to-support-hurricane-fiona-relief-effort,data/raw/news/2022-09-25_td-donates-24250-2c000-to-support-hurricane-fiona-relief-effort.html,https://stories.td.com/ca/en/news/2022-09-25-td-donates-24250-2c000-to-support-hurricane-fiona-relief-effort,2026-04-18T02:07:21+00:00,,ffb0c5ed550cafbccfd76dd39359f35eaeb8137c3f56819f472769131f27db93,"FY2022Q4; TD DONATES $250,000 TO SUPPORT HURRICANE FIONA RELIEF EFFORTS"
td_newsroom,news_json,2022-09-25_td-donates-24250-2c000-to-support-hurricane-fiona-relief-effort,data/raw/news/2022-09-25_td-donates-24250-2c000-to-support-hurricane-fiona-relief-effort.json,https://stories.td.com/ca/en/news/2022-09-25-td-donates-24250-2c000-to-support-hurricane-fiona-relief-effort,2026-04-18T02:07:21+00:00,13.0,96564343a0a5871b756b3df541f2ddda0bbb21ea556b05fd4be478dae6d5a586,parsed headline + body
td_newsroom,news_html,2022-10-03_td-announces-conversion-privilege-of-non-cumulative-5-year-r,data/raw/news/2022-10-03_td-announces-conversion-privilege-of-non-cumulative-5-year-r.html,https://stories.td.com/ca/en/news/2022-10-03-td-announces-conversion-privilege-of-non-cumulative-5-year-r,2026-04-18T02:07:21+00:00,,4ec1f6da8c594f2b1b65774d47d92b36b47767a957586158c72b2ce1d5725285,FY2022Q4; TD Announces Conversion Privilege of Non-Cumulative 5-Year Rate Reset Preferred 
td_newsroom,news_json,2022-10-03_td-announces-conversion-privilege-of-non-cumulative-5-year-r,data/raw/news/2022-10-03_td-announces-conversion-privilege-of-non-cumulative-5-year-r.json,https://stories.td.com/ca/en/news/2022-10-03-td-announces-conversion-privilege-of-non-cumulative-5-year-r,2026-04-18T02:07:21+00:00,13.0,6908180bdcd2f5fd60ccc659ae19c98d1fa1004852ff64702eb771905a85db64,parsed headline + body
td_newsroom,news_html,2022-10-06_td-announces-non-viability-contingent-capital-at1-limited-re,data/raw/news/2022-10-06_td-announces-non-viability-contingent-capital-at1-limited-re.html,https://stories.td.com/ca/en/news/2022-10-06-td-announces-non-viability-contingent-capital-at1-limited-re,2026-04-18T02:07:22+00:00,,72fc13db0a1ed10892074d37a408ddf8d53fc0ea421204a06e365834853d0a87,FY2022Q4; TD Announces Non-Viability Contingent Capital AT1 Limited Recourse Capital Notes
td_newsroom,news_json,2022-10-06_td-announces-non-viability-contingent-capital-at1-limited-re,data/raw/news/2022-10-06_td-announces-non-viability-contingent-capital-at1-limited-re.json,https://stories.td.com/ca/en/news/2022-10-06-td-announces-non-viability-contingent-capital-at1-limited-re,2026-04-18T02:07:22+00:00,21.0,f6699cd4e3a5d2a8c99a25a562e7c9460c5982c13afff6d6af2d09b07820b00e,parsed headline + body
td_newsroom,news_html,2022-10-12_canada-post-and-td-delivers-simple-and-affordable-loans-for,data/raw/news/2022-10-12_canada-post-and-td-delivers-simple-and-affordable-loans-for.html,https://stories.td.com/ca/en/news/2022-10-12-canada-post-and-td-delivers-simple-and-affordable-loans-for,2026-04-18T02:07:23+00:00,,16df76f7fff27080e4d624106fef5d519e5310959816c486a005cf586a92863b,FY2022Q4; Canada Post and TD delivers simple and affordable loans for more Canadians
td_newsroom,news_json,2022-10-12_canada-post-and-td-delivers-simple-and-affordable-loans-for,data/raw/news/2022-10-12_canada-post-and-td-delivers-simple-and-affordable-loans-for.json,https://stories.td.com/ca/en/news/2022-10-12-canada-post-and-td-delivers-simple-and-affordable-loans-for,2026-04-18T02:07:23+00:00,21.0,cca385122e933ad55ba816634382d778f885d71bed0ce52fb96048902c480c48,parsed headline + body
td_newsroom,news_html,2022-10-17_td-greystone-infrastructure-fund-completes-investment-in-sea,data/raw/news/2022-10-17_td-greystone-infrastructure-fund-completes-investment-in-sea.html,https://stories.td.com/ca/en/news/2022-10-17-td-greystone-infrastructure-fund-completes-investment-in-sea,2026-04-18T02:07:23+00:00,,8986698d05de3bd6b0785038a0bb9df0ff0f600c0569ea7cf2200601ed0d599f,FY2022Q4; TD Greystone Infrastructure Fund Completes Investment in Sea Port Infrastructure
td_newsroom,news_json,2022-10-17_td-greystone-infrastructure-fund-completes-investment-in-sea,data/raw/news/2022-10-17_td-greystone-infrastructure-fund-completes-investment-in-sea.json,https://stories.td.com/ca/en/news/2022-10-17-td-greystone-infrastructure-fund-completes-investment-in-sea,2026-04-18T02:07:23+00:00,33.0,ef79187572d9d402737fc78db3b93a7256a4dc030974347a9f4af337e14db34a,parsed headline + body
td_newsroom,news_html,2022-10-17_td-named-best-consumer-digital-bank-in-north-america-for-sec,data/raw/news/2022-10-17_td-named-best-consumer-digital-bank-in-north-america-for-sec.html,https://stories.td.com/ca/en/news/2022-10-17-td-named-best-consumer-digital-bank-in-north-america-for-sec,2026-04-18T02:07:24+00:00,,cea602f3d244c7a66af8b6bdd8523733351ff56497e9e348b59518912e88b27e,FY2022Q4; TD Named Best Consumer Digital Bank in North America for Second Consecutive Year
td_newsroom,news_json,2022-10-17_td-named-best-consumer-digital-bank-in-north-america-for-sec,data/raw/news/2022-10-17_td-named-best-consumer-digital-bank-in-north-america-for-sec.json,https://stories.td.com/ca/en/news/2022-10-17-td-named-best-consumer-digital-bank-in-north-america-for-sec,2026-04-18T02:07:24+00:00,27.0,956c5bed35b94024c236ce310acc43b1a8be653b2ed0f885f17bfe45f7ffb0c9,parsed headline + body
td_newsroom,news_html,2022-10-18_td-asset-management-inc-announces-td-etf-distributions,data/raw/news/2022-10-18_td-asset-management-inc-announces-td-etf-distributions.html,https://stories.td.com/ca/en/news/2022-10-18-td-asset-management-inc.-announces-td-etf-distributions,2026-04-18T02:07:25+00:00,,1e0d060e2e4ecfec6d6b0e564668213869c796b4e8f8222dd46e2d0e2142e0c4,FY2022Q4; TD Asset Management Inc. Announces TD ETF Distributions
td_newsroom,news_json,2022-10-18_td-asset-management-inc-announces-td-etf-distributions,data/raw/news/2022-10-18_td-asset-management-inc-announces-td-etf-distributions.json,https://stories.td.com/ca/en/news/2022-10-18-td-asset-management-inc.-announces-td-etf-distributions,2026-04-18T02:07:25+00:00,131.0,e78bbd296cb727c7566fba7b2f49dbdb6c18111b3e59b9198c35733b01ac0b16,parsed headline + body
td_newsroom,news_html,2022-10-18_td-bank-group-comments-on-expected-impact-of-the-charles-sch,data/raw/news/2022-10-18_td-bank-group-comments-on-expected-impact-of-the-charles-sch.html,https://stories.td.com/ca/en/news/2022-10-18-td-bank-group-comments-on-expected-impact-of-the-charles-sch,2026-04-18T02:07:25+00:00,,4ed159272b8b53227f0dfab6c4e760d8445c3c97d6e76e323a07933412582836,FY2022Q4; TD Bank Group Comments on Expected Impact of the Charles Schwab Corporation's Th
td_newsroom,news_json,2022-10-18_td-bank-group-comments-on-expected-impact-of-the-charles-sch,data/raw/news/2022-10-18_td-bank-group-comments-on-expected-impact-of-the-charles-sch.json,https://stories.td.com/ca/en/news/2022-10-18-td-bank-group-comments-on-expected-impact-of-the-charles-sch,2026-04-18T02:07:25+00:00,19.0,70777f6c9f1bad66d24c54f2be1554019ad9d91e6d287081f98fd602fe24778b,parsed headline + body
td_newsroom,news_html,2022-10-19_td-announces-results-of-conversion-privilege-of-non-cumulati,data/raw/news/2022-10-19_td-announces-results-of-conversion-privilege-of-non-cumulati.html,https://stories.td.com/ca/en/news/2022-10-19-td-announces-results-of-conversion-privilege-of-non-cumulati,2026-04-18T02:07:26+00:00,,16897e849f04134f3c2db53254c3db4fe3e2c44271cb01a8bddad84f4d82c6c2,FY2022Q4; TD Announces Results of Conversion Privilege of Non-Cumulative 5-Year Rate Reset
td_newsroom,news_json,2022-10-19_td-announces-results-of-conversion-privilege-of-non-cumulati,data/raw/news/2022-10-19_td-announces-results-of-conversion-privilege-of-non-cumulati.json,https://stories.td.com/ca/en/news/2022-10-19-td-announces-results-of-conversion-privilege-of-non-cumulati,2026-04-18T02:07:26+00:00,11.0,d8f33ecee1268d658b29d9ba9cd70a6deac9c2839250eddafd3e318c2a13f369,parsed headline + body
td_newsroom,news_html,2022-10-26_td-canada-trust-announces-change-to-td-prime-rate,data/raw/news/2022-10-26_td-canada-trust-announces-change-to-td-prime-rate.html,https://stories.td.com/ca/en/news/2022-10-26-td-canada-trust-announces-change-to-td-prime-rate,2026-04-18T02:07:27+00:00,,5bfe5d1e4794b749c421bdc629355acef9747942c371357372baae5270504419,FY2022Q4; TD Canada Trust announces change to TD Prime Rate
td_newsroom,news_json,2022-10-26_td-canada-trust-announces-change-to-td-prime-rate,data/raw/news/2022-10-26_td-canada-trust-announces-change-to-td-prime-rate.json,https://stories.td.com/ca/en/news/2022-10-26-td-canada-trust-announces-change-to-td-prime-rate,2026-04-18T02:07:27+00:00,7.0,699beb5d0763705b55ce98ad678485f06ddf6b4dd64b629c427e3759452cc1aa,parsed headline + body
td_newsroom,news_html,2022-10-26_td-asset-management-inc-announces-reductions-to-management,data/raw/news/2022-10-26_td-asset-management-inc-announces-reductions-to-management.html,https://stories.td.com/ca/en/news/2022-10-26-td-asset-management-inc.-announces-reductions-to-management,2026-04-18T02:07:27+00:00,,5682ff296edbe214837a51b73a14369f0ffd83ad1f05878416d02aad018d1d34,FY2022Q4; TD Asset Management Inc. announces reductions to management fees for select TD M
td_newsroom,news_json,2022-10-26_td-asset-management-inc-announces-reductions-to-management,data/raw/news/2022-10-26_td-asset-management-inc-announces-reductions-to-management.json,https://stories.td.com/ca/en/news/2022-10-26-td-asset-management-inc.-announces-reductions-to-management,2026-04-18T02:07:27+00:00,147.0,74fc5fcdc18770ce2a3d6ad3bffd327eee05e58fb776e5ede59ffd76f43975cb,parsed headline + body
td_newsroom,news_html,2022-10-27_black-opportunity-fund-announces-inclusive-lending-program-f,data/raw/news/2022-10-27_black-opportunity-fund-announces-inclusive-lending-program-f.html,https://stories.td.com/ca/en/news/2022-10-27-black-opportunity-fund-announces-inclusive-lending-program-f,2026-04-18T02:07:28+00:00,,d08b9aa6d8349aa338bec6f5f42152ff5386a48ff67886be194c9cf28e5ac30a,FY2022Q4; Black Opportunity Fund Announces Inclusive Lending Program for Black Entrepreneu
td_newsroom,news_json,2022-10-27_black-opportunity-fund-announces-inclusive-lending-program-f,data/raw/news/2022-10-27_black-opportunity-fund-announces-inclusive-lending-program-f.json,https://stories.td.com/ca/en/news/2022-10-27-black-opportunity-fund-announces-inclusive-lending-program-f,2026-04-18T02:07:28+00:00,25.0,8aa6dfae0c2e2afcea70dc95f68b748fc265a04cf159aa66f4f1a97dbcfe235f,parsed headline + body
td_newsroom,news_html,2022-10-28_td-establishes-a-wealth-management-and-insurance-reporting-s,data/raw/news/2022-10-28_td-establishes-a-wealth-management-and-insurance-reporting-s.html,https://stories.td.com/ca/en/news/2022-10-28-td-establishes-a-wealth-management-and-insurance-reporting-s,2026-04-18T02:07:29+00:00,,260b11cf09e1a6e37eaf71681742efcca45f24af89bdf714b744b609bfd1fe6b,FY2022Q4; TD ESTABLISHES A WEALTH MANAGEMENT AND INSURANCE REPORTING SEGMENT
td_newsroom,news_json,2022-10-28_td-establishes-a-wealth-management-and-insurance-reporting-s,data/raw/news/2022-10-28_td-establishes-a-wealth-management-and-insurance-reporting-s.json,https://stories.td.com/ca/en/news/2022-10-28-td-establishes-a-wealth-management-and-insurance-reporting-s,2026-04-18T02:07:29+00:00,1569.0,704c894d16de5735d73442bb2f110dc1479ea3c4b48f7c68d1b0c7110ab2dd9b,parsed headline + body
td_newsroom,news_html,2022-10-28_td-asset-management-inc-announces-risk-rating-change-to-the,data/raw/news/2022-10-28_td-asset-management-inc-announces-risk-rating-change-to-the.html,https://stories.td.com/ca/en/news/2022-10-28-td-asset-management-inc.-announces-risk-rating-change-to-the,2026-04-18T02:07:29+00:00,,591e0b9718eb9416c4c8e1c6f6d22a335c8778abc8bfa5a8974de2f12802a0b9,FY2022Q4; TD Asset Management Inc. Announces Risk Rating Change to the TD Global Technolog
td_newsroom,news_json,2022-10-28_td-asset-management-inc-announces-risk-rating-change-to-the,data/raw/news/2022-10-28_td-asset-management-inc-announces-risk-rating-change-to-the.json,https://stories.td.com/ca/en/news/2022-10-28-td-asset-management-inc.-announces-risk-rating-change-to-the,2026-04-18T02:07:29+00:00,19.0,c5033777cc8d0cc214b8fcfc603c310ca52444199464cc6f52424d0c8a324876,parsed headline + body
td_newsroom,news_html,2022-10-31_td-thanks-customers-and-colleagues-after-receiving-highest-r,data/raw/news/2022-10-31_td-thanks-customers-and-colleagues-after-receiving-highest-r.html,https://stories.td.com/ca/en/news/2022-10-31-td-thanks-customers-and-colleagues-after-receiving-highest-r,2026-04-18T02:07:30+00:00,,13f2410c39a5abcd51682ecf41408c63082f35c8db5d054cf24f2ead746edc61,FY2022Q4; TD Thanks Customers and Colleagues After Receiving Highest Ranking in Small Busi
td_newsroom,news_json,2022-10-31_td-thanks-customers-and-colleagues-after-receiving-highest-r,data/raw/news/2022-10-31_td-thanks-customers-and-colleagues-after-receiving-highest-r.json,https://stories.td.com/ca/en/news/2022-10-31-td-thanks-customers-and-colleagues-after-receiving-highest-r,2026-04-18T02:07:30+00:00,31.0,7986025e8dcf3d375f0af739308d3f033323a5493256ea92d61baf306b2d0aad,parsed headline + body
td_newsroom,news_html,2022-11-01_td-asset-management-launches-new-alternative-mutual-fund,data/raw/news/2022-11-01_td-asset-management-launches-new-alternative-mutual-fund.html,https://stories.td.com/ca/en/news/2022-11-01-td-asset-management-launches-new-alternative-mutual-fund,2026-04-18T02:07:31+00:00,,e386e333e0d3521d54b435ad23f1d1456bdbb9a05719a1d2e4d65ccafc3ccfad,FY2023Q1; TD Asset Management Launches New Alternative Mutual Fund
td_newsroom,news_json,2022-11-01_td-asset-management-launches-new-alternative-mutual-fund,data/raw/news/2022-11-01_td-asset-management-launches-new-alternative-mutual-fund.json,https://stories.td.com/ca/en/news/2022-11-01-td-asset-management-launches-new-alternative-mutual-fund,2026-04-18T02:07:31+00:00,35.0,4ab8c4d4b1f846fc89c072687dc487e50ca3161c1c4c2e39c6971da72ea20dce,parsed headline + body
td_newsroom,news_html,2022-11-08_td-launches-refreshed-credit-card-rewards-lineup-just-in-tim,data/raw/news/2022-11-08_td-launches-refreshed-credit-card-rewards-lineup-just-in-tim.html,https://stories.td.com/ca/en/news/2022-11-08-td-launches-refreshed-credit-card-rewards-lineup-just-in-tim,2026-04-18T02:07:32+00:00,,48add0f4683779826d0684c2925e3170ee5f04a904ac266dbb66952a861d31e8,FY2023Q1; TD launches refreshed credit card rewards lineup just in time for the holiday se
td_newsroom,news_json,2022-11-08_td-launches-refreshed-credit-card-rewards-lineup-just-in-tim,data/raw/news/2022-11-08_td-launches-refreshed-credit-card-rewards-lineup-just-in-tim.json,https://stories.td.com/ca/en/news/2022-11-08-td-launches-refreshed-credit-card-rewards-lineup-just-in-tim,2026-04-18T02:07:32+00:00,51.0,3b2694bc5afe680345cf0463303fc2b83e5211659f4b2c492ca0ffafabebf08e,parsed headline + body
td_newsroom,news_html,2022-11-10_media-advisory-td-bank-group-to-release-fourth-quarter-fin,data/raw/news/2022-11-10_media-advisory-td-bank-group-to-release-fourth-quarter-fin.html,https://stories.td.com/ca/en/news/2022-11-10-media-advisory---td-bank-group-to-release-fourth-quarter-fin,2026-04-18T02:07:32+00:00,,404554ffe2291055165a3848d2bebd3f1ab862f8acab97dc572e943fd2ecde25,FY2023Q1; Media Advisory - TD Bank Group to release fourth quarter financial results
td_newsroom,news_json,2022-11-10_media-advisory-td-bank-group-to-release-fourth-quarter-fin,data/raw/news/2022-11-10_media-advisory-td-bank-group-to-release-fourth-quarter-fin.json,https://stories.td.com/ca/en/news/2022-11-10-media-advisory---td-bank-group-to-release-fourth-quarter-fin,2026-04-18T02:07:32+00:00,15.0,41cd25b2a7ba6096e7079d880ccffb9bcafd15dc4963db40025d2eafdb7c8b15,parsed headline + body
td_newsroom,news_html,2022-11-16_td-asset-management-inc-announces-estimated-annual-reinvest,data/raw/news/2022-11-16_td-asset-management-inc-announces-estimated-annual-reinvest.html,https://stories.td.com/ca/en/news/2022-11-16-td-asset-management-inc.-announces-estimated-annual-reinvest,2026-04-18T02:07:33+00:00,,fd69bd56d70566739ac065d41e438cc7567ca5391b0c91afa73be74b4f9a0545,FY2023Q1; TD Asset Management Inc. Announces Estimated Annual Reinvested Distributions for
td_newsroom,news_json,2022-11-16_td-asset-management-inc-announces-estimated-annual-reinvest,data/raw/news/2022-11-16_td-asset-management-inc-announces-estimated-annual-reinvest.json,https://stories.td.com/ca/en/news/2022-11-16-td-asset-management-inc.-announces-estimated-annual-reinvest,2026-04-18T02:07:33+00:00,293.0,fc8f39fb88e7f0e3598eb48f84f6f03fc49d67c036cc46798da9542056e54638,parsed headline + body
td_newsroom,news_html,2022-11-16_td-asset-management-inc-announces-td-etf-distributions,data/raw/news/2022-11-16_td-asset-management-inc-announces-td-etf-distributions.html,https://stories.td.com/ca/en/news/2022-11-16-td-asset-management-inc.-announces-td-etf-distributions,2026-04-18T02:07:34+00:00,,b4078a3f9f607b83c3cf5458e29847db962e2fc64ae47dfa715e757f58483d69,FY2023Q1; TD Asset Management Inc. Announces TD ETF Distributions
td_newsroom,news_json,2022-11-16_td-asset-management-inc-announces-td-etf-distributions,data/raw/news/2022-11-16_td-asset-management-inc-announces-td-etf-distributions.json,https://stories.td.com/ca/en/news/2022-11-16-td-asset-management-inc.-announces-td-etf-distributions,2026-04-18T02:07:34+00:00,133.0,0ced4acf565b5324fc48e7dd9faa612a33cbeb9ca26d5f143c77a4a403c99448,parsed headline + body
td_newsroom,news_html,2022-11-18_td-asset-management-funds-recognized-in-three-categories-at,data/raw/news/2022-11-18_td-asset-management-funds-recognized-in-three-categories-at.html,https://stories.td.com/ca/en/news/2022-11-18-td-asset-management-funds-recognized-in-three-categories-at,2026-04-18T02:07:35+00:00,,adeefeb19d247e25ddb2f8302520b6f2f3188a5cd9fb06f41f1ba535081da556,FY2023Q1; TD Asset Management Funds Recognized in Three Categories at the 2022 Refinitiv L
td_newsroom,news_json,2022-11-18_td-asset-management-funds-recognized-in-three-categories-at,data/raw/news/2022-11-18_td-asset-management-funds-recognized-in-three-categories-at.json,https://stories.td.com/ca/en/news/2022-11-18-td-asset-management-funds-recognized-in-three-categories-at,2026-04-18T02:07:35+00:00,73.0,e3a071da06be0b89b7e8b771a96fc8800f00e3dc04b6db6592864631d7204a5f,parsed headline + body
td_newsroom,news_html,2022-11-29_2fr-e-p-e-a-t-media-advisory-td-bank-group-to-release-fo,data/raw/news/2022-11-29_2fr-e-p-e-a-t-media-advisory-td-bank-group-to-release-fo.html,https://stories.td.com/ca/en/news/2022-11-29--2fr-e-p-e-a-t----media-advisory---td-bank-group-to-release-fo,2026-04-18T02:07:35+00:00,,f846d14f9599afa2b6e984e5f90359d8bd11178d58a17ac8549b9de042a44641,FY2023Q1; /R E P E A T -- Media Advisory - TD Bank Group to release fourth quarter financi
td_newsroom,news_json,2022-11-29_2fr-e-p-e-a-t-media-advisory-td-bank-group-to-release-fo,data/raw/news/2022-11-29_2fr-e-p-e-a-t-media-advisory-td-bank-group-to-release-fo.json,https://stories.td.com/ca/en/news/2022-11-29--2fr-e-p-e-a-t----media-advisory---td-bank-group-to-release-fo,2026-04-18T02:07:35+00:00,15.0,99f818e5c92bfde2c2ee7d9538b1d99c259ce296be9ba54ea4abf53e0e52b310,parsed headline + body
td_newsroom,news_html,2022-12-01_td-bank-group-declares-dividends,data/raw/news/2022-12-01_td-bank-group-declares-dividends.html,https://stories.td.com/ca/en/news/2022-12-01-td-bank-group-declares-dividends,2026-04-18T02:07:36+00:00,,65a543d83cac293ed2847300fa77f04f3e38bef2d7f9db959c9391bf55d901fc,FY2023Q1; TD BANK GROUP DECLARES DIVIDENDS
td_newsroom,news_json,2022-12-01_td-bank-group-declares-dividends,data/raw/news/2022-12-01_td-bank-group-declares-dividends.json,https://stories.td.com/ca/en/news/2022-12-01-td-bank-group-declares-dividends,2026-04-18T02:07:36+00:00,41.0,d923b15b98d11248978ab651820ac3a95745fff8dc0ed25c64de89098fe1ead3,parsed headline + body
td_newsroom,news_html,2022-12-01_td-bank-group-reports-fourth-quarter-and-fiscal-2022-results,data/raw/news/2022-12-01_td-bank-group-reports-fourth-quarter-and-fiscal-2022-results.html,https://stories.td.com/ca/en/news/2022-12-01-td-bank-group-reports-fourth-quarter-and-fiscal-2022-results,2026-04-18T02:07:37+00:00,,3165ae6edcbd9defc8b6b7cf2885f548a27f8bc81ac0dba234232ebf42d68ea4,FY2023Q1; TD Bank Group Reports Fourth Quarter and Fiscal 2022 Results
td_newsroom,news_json,2022-12-01_td-bank-group-reports-fourth-quarter-and-fiscal-2022-results,data/raw/news/2022-12-01_td-bank-group-reports-fourth-quarter-and-fiscal-2022-results.json,https://stories.td.com/ca/en/news/2022-12-01-td-bank-group-reports-fourth-quarter-and-fiscal-2022-results,2026-04-18T02:07:37+00:00,6773.0,7a3751483ba3d2e54ed66bc24a853914dfd82371b34a909c195d1832d1e40cd0,parsed headline + body
td_newsroom,news_html,2022-12-07_td-canada-trust-announces-change-to-td-prime-rate,data/raw/news/2022-12-07_td-canada-trust-announces-change-to-td-prime-rate.html,https://stories.td.com/ca/en/news/2022-12-07-td-canada-trust-announces-change-to-td-prime-rate,2026-04-18T02:07:38+00:00,,e8bdc17cdd153d0348c75158e5ec91e6ae8eeb470a1d5f7c58bf35fd49ad99c0,FY2023Q1; TD Canada Trust announces change to TD Prime Rate
td_newsroom,news_json,2022-12-07_td-canada-trust-announces-change-to-td-prime-rate,data/raw/news/2022-12-07_td-canada-trust-announces-change-to-td-prime-rate.json,https://stories.td.com/ca/en/news/2022-12-07-td-canada-trust-announces-change-to-td-prime-rate,2026-04-18T02:07:38+00:00,7.0,10de9bdb875e82e73a085d7e8f14478c728e23bc9ee2a81f032f7a8a07a4f96c,parsed headline + body
td_newsroom,news_html,2022-12-08_joint-statement-by-canadian-banks-and-life-insurance-compani,data/raw/news/2022-12-08_joint-statement-by-canadian-banks-and-life-insurance-compani.html,https://stories.td.com/ca/en/news/2022-12-08-joint-statement-by-canadian-banks-and-life-insurance-compani,2026-04-18T02:07:39+00:00,,6532ddfc491ae4bf020523eb32290e4b71051f5ca98a50d55aa818c897517a65,FY2023Q1; JOINT STATEMENT BY CANADIAN BANKS AND LIFE INSURANCE COMPANIES REGARDING ANNUAL 
td_newsroom,news_json,2022-12-08_joint-statement-by-canadian-banks-and-life-insurance-compani,data/raw/news/2022-12-08_joint-statement-by-canadian-banks-and-life-insurance-compani.json,https://stories.td.com/ca/en/news/2022-12-08-joint-statement-by-canadian-banks-and-life-insurance-compani,2026-04-18T02:07:39+00:00,191.0,235b429f41cdb1c58c07de502aee287373904d4054e254f6a849aaa8d7899f18,parsed headline + body
td_newsroom,news_html,2022-12-12_td-bank-group-ranked-among-top-sustainability-companies-in-t,data/raw/news/2022-12-12_td-bank-group-ranked-among-top-sustainability-companies-in-t.html,https://stories.td.com/ca/en/news/2022-12-12-td-bank-group-ranked-among-top-sustainability-companies-in-t,2026-04-18T02:07:40+00:00,,a52278ed0e87186bd3112dc52b3880f2e00162b5cc7e8679d3a48a0ff157975a,FY2023Q1; TD Bank Group ranked among top sustainability companies in the World by the Dow 
td_newsroom,news_json,2022-12-12_td-bank-group-ranked-among-top-sustainability-companies-in-t,data/raw/news/2022-12-12_td-bank-group-ranked-among-top-sustainability-companies-in-t.json,https://stories.td.com/ca/en/news/2022-12-12-td-bank-group-ranked-among-top-sustainability-companies-in-t,2026-04-18T02:07:40+00:00,41.0,c036b1bf41d2be7fcbc667726549e0a570dda11e1feac78d185e149f48a24a2f,parsed headline + body
td_newsroom,news_html,2022-12-19_media-advisory-td-bank-group-executive-to-present-at-the-r,data/raw/news/2022-12-19_media-advisory-td-bank-group-executive-to-present-at-the-r.html,https://stories.td.com/ca/en/news/2022-12-19-media-advisory---td-bank-group-executive-to-present-at-the-r,2026-04-18T02:07:40+00:00,,fe06397456581ee9a626957f11b42d8dde47957578abd5090f480fa048c1aaca,FY2023Q1; MEDIA ADVISORY - TD Bank Group Executive to Present at the RBC Capital Markets B
td_newsroom,news_json,2022-12-19_media-advisory-td-bank-group-executive-to-present-at-the-r,data/raw/news/2022-12-19_media-advisory-td-bank-group-executive-to-present-at-the-r.json,https://stories.td.com/ca/en/news/2022-12-19-media-advisory---td-bank-group-executive-to-present-at-the-r,2026-04-18T02:07:40+00:00,7.0,afc890316cbf6c034244ca17e7d8e79ee4fba1289b6df1da10b383707c5ee4e7,parsed headline + body
td_newsroom,news_html,2022-12-21_td-asset-management-inc-announces-final-annual-reinvested-d,data/raw/news/2022-12-21_td-asset-management-inc-announces-final-annual-reinvested-d.html,https://stories.td.com/ca/en/news/2022-12-21-td-asset-management-inc.-announces-final-annual-reinvested-d,2026-04-18T02:07:41+00:00,,4ac535f4cb36d4c43ae70070fbb05ea5cef835ab808ec161bc3ad7600429fca2,FY2023Q1; TD Asset Management Inc. Announces Final Annual Reinvested Distributions for TD 
td_newsroom,news_json,2022-12-21_td-asset-management-inc-announces-final-annual-reinvested-d,data/raw/news/2022-12-21_td-asset-management-inc-announces-final-annual-reinvested-d.json,https://stories.td.com/ca/en/news/2022-12-21-td-asset-management-inc.-announces-final-annual-reinvested-d,2026-04-18T02:07:41+00:00,259.0,59b090d937a200c745f3c4de55c9a6510cdcc2ae7c99053488dbdf140fa88685,parsed headline + body
td_newsroom,news_html,2022-12-21_td-asset-management-inc-announces-td-etf-distributions,data/raw/news/2022-12-21_td-asset-management-inc-announces-td-etf-distributions.html,https://stories.td.com/ca/en/news/2022-12-21-td-asset-management-inc.-announces-td-etf-distributions,2026-04-18T02:07:42+00:00,,d3450c69bdcdc8adae3c398e0ccc0e17ae03426986528b762b74f1dc66b1f270,FY2023Q1; TD Asset Management Inc. Announces TD ETF Distributions
td_newsroom,news_json,2022-12-21_td-asset-management-inc-announces-td-etf-distributions,data/raw/news/2022-12-21_td-asset-management-inc-announces-td-etf-distributions.json,https://stories.td.com/ca/en/news/2022-12-21-td-asset-management-inc.-announces-td-etf-distributions,2026-04-18T02:07:42+00:00,287.0,838a6df094eab36d57d72a0126beed1111bb36336ba48d2a2d615634bd84a672,parsed headline + body
td_newsroom,news_html,2022-12-22_td-asset-management-inc-revises-td-etf-distributions-for-td,data/raw/news/2022-12-22_td-asset-management-inc-revises-td-etf-distributions-for-td.html,https://stories.td.com/ca/en/news/2022-12-22-td-asset-management-inc.-revises-td-etf-distributions-for-td,2026-04-18T02:07:43+00:00,,917f3e04e1dd16c2650e4da067daaf05bbb55c63cd90dd86b657cffdacf9c24a,FY2023Q1; TD Asset Management Inc. Revises TD ETF Distributions for TD Global Technology L
td_newsroom,news_json,2022-12-22_td-asset-management-inc-revises-td-etf-distributions-for-td,data/raw/news/2022-12-22_td-asset-management-inc-revises-td-etf-distributions-for-td.json,https://stories.td.com/ca/en/news/2022-12-22-td-asset-management-inc.-revises-td-etf-distributions-for-td,2026-04-18T02:07:43+00:00,37.0,7ad933aef9a1bf64934e7523daf8c64eac8e20759e6047070222ffdf2d7e9276,parsed headline + body
td_newsroom,news_html,2023-01-06_2fr-e-p-e-a-t-media-advisory-td-bank-group-executive-to,data/raw/news/2023-01-06_2fr-e-p-e-a-t-media-advisory-td-bank-group-executive-to.html,https://stories.td.com/ca/en/news/2023-01-06--2fr-e-p-e-a-t----media-advisory---td-bank-group-executive-to,2026-04-18T02:07:43+00:00,,b5914270c14a9b30041e9a8eb2f96cfa29c6619583a28b08e60db30a9666b56c,FY2023Q1; /R E P E A T -- MEDIA ADVISORY - TD Bank Group Executive to Present at the RBC C
td_newsroom,news_json,2023-01-06_2fr-e-p-e-a-t-media-advisory-td-bank-group-executive-to,data/raw/news/2023-01-06_2fr-e-p-e-a-t-media-advisory-td-bank-group-executive-to.json,https://stories.td.com/ca/en/news/2023-01-06--2fr-e-p-e-a-t----media-advisory---td-bank-group-executive-to,2026-04-18T02:07:43+00:00,7.0,fe4a801837a5887309535e5766dc2df73b7766daab9d290a1f503cedb1c396a4,parsed headline + body
td_newsroom,news_html,2023-01-10_td-asset-management-inc-announces-final-annual-reinvested-d,data/raw/news/2023-01-10_td-asset-management-inc-announces-final-annual-reinvested-d.html,https://stories.td.com/ca/en/news/2023-01-10-td-asset-management-inc.-announces-final-annual-reinvested-d,2026-04-18T02:07:44+00:00,,4961176de55d4bc0ab7fb3011e7433a0679cdd41faaad63ba477e84e2651e234,FY2023Q1; TD Asset Management Inc. Announces Final Annual Reinvested Distributions for TD 
td_newsroom,news_json,2023-01-10_td-asset-management-inc-announces-final-annual-reinvested-d,data/raw/news/2023-01-10_td-asset-management-inc-announces-final-annual-reinvested-d.json,https://stories.td.com/ca/en/news/2023-01-10-td-asset-management-inc.-announces-final-annual-reinvested-d,2026-04-18T02:07:44+00:00,87.0,1e93c3060f69e2421695a240b39f68d072122d355ea12f8b59bb4a83c304cb0b,parsed headline + body
td_newsroom,news_html,2023-01-18_td-asset-management-inc-announces-td-etf-distributions,data/raw/news/2023-01-18_td-asset-management-inc-announces-td-etf-distributions.html,https://stories.td.com/ca/en/news/2023-01-18-td-asset-management-inc.-announces-td-etf-distributions,2026-04-18T02:07:45+00:00,,520af2b3970f5d26df966e310041a0b4cd4ed70ccc480f6c23a274c8d9457210,FY2023Q1; TD Asset Management Inc. Announces TD ETF Distributions
td_newsroom,news_json,2023-01-18_td-asset-management-inc-announces-td-etf-distributions,data/raw/news/2023-01-18_td-asset-management-inc-announces-td-etf-distributions.json,https://stories.td.com/ca/en/news/2023-01-18-td-asset-management-inc.-announces-td-etf-distributions,2026-04-18T02:07:45+00:00,133.0,dc43bc710b1c3b5aae156ae7104c31379f5777ba42fa71dd6d15a697935f9da7,parsed headline + body
td_newsroom,news_html,2023-01-19_td-bank-group-comments-on-expected-impact-of-the-charles-sch,data/raw/news/2023-01-19_td-bank-group-comments-on-expected-impact-of-the-charles-sch.html,https://stories.td.com/ca/en/news/2023-01-19-td-bank-group-comments-on-expected-impact-of-the-charles-sch,2026-04-18T02:07:45+00:00,,97f9eca30e573c6805603b6296ce6863719bbc70c3cd059578b99d3b61f285d6,FY2023Q1; TD Bank Group Comments on Expected Impact of the Charles Schwab Corporation's Fo
td_newsroom,news_json,2023-01-19_td-bank-group-comments-on-expected-impact-of-the-charles-sch,data/raw/news/2023-01-19_td-bank-group-comments-on-expected-impact-of-the-charles-sch.json,https://stories.td.com/ca/en/news/2023-01-19-td-bank-group-comments-on-expected-impact-of-the-charles-sch,2026-04-18T02:07:45+00:00,19.0,41d5103d4d75891d67d3df3b0ff2dc9c62bc06e9086a2a040711bca2cebffdd9,parsed headline + body
td_newsroom,news_html,2023-01-25_td-canada-trust-announces-change-to-td-prime-rate,data/raw/news/2023-01-25_td-canada-trust-announces-change-to-td-prime-rate.html,https://stories.td.com/ca/en/news/2023-01-25-td-canada-trust-announces-change-to-td-prime-rate,2026-04-18T02:07:46+00:00,,b27b7504fa4930ebfdf4daeb2ae16c6665674267f6e470126db5211aa5403db0,FY2023Q1; TD Canada Trust announces change to TD Prime Rate
td_newsroom,news_json,2023-01-25_td-canada-trust-announces-change-to-td-prime-rate,data/raw/news/2023-01-25_td-canada-trust-announces-change-to-td-prime-rate.json,https://stories.td.com/ca/en/news/2023-01-25-td-canada-trust-announces-change-to-td-prime-rate,2026-04-18T02:07:46+00:00,7.0,2df71946f488ca52bc803409e39da1f42306e13857f71d04ecd5d430634ba02c,parsed headline + body
td_newsroom,news_html,2023-01-26_td-asset-management-inc-announces-notional-td-etf-distribut,data/raw/news/2023-01-26_td-asset-management-inc-announces-notional-td-etf-distribut.html,https://stories.td.com/ca/en/news/2023-01-26-td-asset-management-inc.-announces-notional-td-etf-distribut,2026-04-18T02:07:47+00:00,,2965392dc2670b57cfc07ae8432131f975ecedeaa50ec710c7fcbbcde99992e1,FY2023Q1; TD Asset Management Inc. Announces Notional TD ETF Distributions
td_newsroom,news_json,2023-01-26_td-asset-management-inc-announces-notional-td-etf-distribut,data/raw/news/2023-01-26_td-asset-management-inc-announces-notional-td-etf-distribut.json,https://stories.td.com/ca/en/news/2023-01-26-td-asset-management-inc.-announces-notional-td-etf-distribut,2026-04-18T02:07:47+00:00,51.0,19f85d1d8cc236f32750bca8ec60505019e518077e2c885c4a3cc1539bff197c,parsed headline + body
td_newsroom,news_html,2023-01-27_twelve-mutual-funds-and-etfs-managed-by-td-asset-management,data/raw/news/2023-01-27_twelve-mutual-funds-and-etfs-managed-by-td-asset-management.html,https://stories.td.com/ca/en/news/2023-01-27-twelve-mutual-funds-and-etfs-managed-by-td-asset-management,2026-04-18T02:07:48+00:00,,0641d5334ed7d1d394af7a13e598d6f1f4115fa07ed5b90733b123e1d151950e,FY2023Q1; Twelve mutual funds and ETFs managed by TD Asset Management Inc. recognized at t
td_newsroom,news_json,2023-01-27_twelve-mutual-funds-and-etfs-managed-by-td-asset-management,data/raw/news/2023-01-27_twelve-mutual-funds-and-etfs-managed-by-td-asset-management.json,https://stories.td.com/ca/en/news/2023-01-27-twelve-mutual-funds-and-etfs-managed-by-td-asset-management,2026-04-18T02:07:48+00:00,187.0,ffad5b856473424eb60f5048bc5c9dfccb7d586ea1a6c7c558f236b3bbf9d3a1,parsed headline + body
td_newsroom,news_html,2023-01-31_td-announces-exclusive-strategic-relationship-with-canadavis,data/raw/news/2023-01-31_td-announces-exclusive-strategic-relationship-with-canadavis.html,https://stories.td.com/ca/en/news/2023-01-31-td-announces-exclusive-strategic-relationship-with-canadavis,2026-04-18T02:07:49+00:00,,fbee4b4b9a66ca5ae5273c7581dda4f3443e752932e4da7f11433289600aa479,FY2023Q1; TD Announces Exclusive Strategic Relationship With CanadaVisa to Help Support Ne
td_newsroom,news_json,2023-01-31_td-announces-exclusive-strategic-relationship-with-canadavis,data/raw/news/2023-01-31_td-announces-exclusive-strategic-relationship-with-canadavis.json,https://stories.td.com/ca/en/news/2023-01-31-td-announces-exclusive-strategic-relationship-with-canadavis,2026-04-18T02:07:49+00:00,47.0,d138908b4122ad73978a25fc640ded6adbbd9fcd3005f41f8c9ccd546fce0a63,parsed headline + body
td_newsroom,news_html,2023-02-07_six-in-10-canadians-are-concerned-about-their-financial-futu,data/raw/news/2023-02-07_six-in-10-canadians-are-concerned-about-their-financial-futu.html,https://stories.td.com/ca/en/news/2023-02-07-six-in-10-canadians-are-concerned-about-their-financial-futu,2026-04-18T02:07:50+00:00,,6a35cb598b24c8bf55fe72300ef572d67b3c6980ed4b41aadab9333c76944c60,FY2023Q2; Six in 10 Canadians are concerned about their financial future and worry about i
td_newsroom,news_json,2023-02-07_six-in-10-canadians-are-concerned-about-their-financial-futu,data/raw/news/2023-02-07_six-in-10-canadians-are-concerned-about-their-financial-futu.json,https://stories.td.com/ca/en/news/2023-02-07-six-in-10-canadians-are-concerned-about-their-financial-futu,2026-04-18T02:07:50+00:00,47.0,397667f756c367dba70c2f993f86e45f35ea9e1eeb1485052cb1fb35f9348d5c,parsed headline + body
td_newsroom,news_html,2023-02-09_td-and-first-horizon-extend-outside-date-of-proposed-transac,data/raw/news/2023-02-09_td-and-first-horizon-extend-outside-date-of-proposed-transac.html,https://stories.td.com/ca/en/news/2023-02-09-td-and-first-horizon-extend-outside-date-of-proposed-transac,2026-04-18T02:07:50+00:00,,dbab062fb64075c17f626e78275264ccd49067df6b14fb8ed087c564b70ece20,"FY2023Q2; TD and First Horizon Extend Outside Date of Proposed Transaction to May 27, 2023"
td_newsroom,news_json,2023-02-09_td-and-first-horizon-extend-outside-date-of-proposed-transac,data/raw/news/2023-02-09_td-and-first-horizon-extend-outside-date-of-proposed-transac.json,https://stories.td.com/ca/en/news/2023-02-09-td-and-first-horizon-extend-outside-date-of-proposed-transac,2026-04-18T02:07:50+00:00,25.0,cf8e8358bde090c8206e53c6c0fbaeb4033c173a4c935b00dd38011db5a29cf6,parsed headline + body
td_newsroom,news_html,2023-02-09_media-advisory-td-bank-group-to-release-first-quarter-fina,data/raw/news/2023-02-09_media-advisory-td-bank-group-to-release-first-quarter-fina.html,https://stories.td.com/ca/en/news/2023-02-09-media-advisory---td-bank-group-to-release-first-quarter-fina,2026-04-18T02:07:51+00:00,,4272ab9ecac2aefacdf207c5c5620bbad3a6057765ef812581b746ce228bbffd,FY2023Q2; Media Advisory - TD Bank Group to release first quarter financial results
td_newsroom,news_json,2023-02-09_media-advisory-td-bank-group-to-release-first-quarter-fina,data/raw/news/2023-02-09_media-advisory-td-bank-group-to-release-first-quarter-fina.json,https://stories.td.com/ca/en/news/2023-02-09-media-advisory---td-bank-group-to-release-first-quarter-fina,2026-04-18T02:07:51+00:00,15.0,c53da6fdd0773fba54fb730e0a8b26bc67f14e4e3e09d01f5f984d787c95d46f,parsed headline + body
td_newsroom,news_html,2023-02-13_td-direct-investing-gets-top-spot-in-annual-globe-and-mail-d,data/raw/news/2023-02-13_td-direct-investing-gets-top-spot-in-annual-globe-and-mail-d.html,https://stories.td.com/ca/en/news/2023-02-13-td-direct-investing-gets-top-spot-in-annual-globe-and-mail-d,2026-04-18T02:07:52+00:00,,0c89675725fe7de16e7aed6a505d86e7132f57ad34b281132adcec238a3cec5a,FY2023Q2; TD Direct Investing gets top spot in annual Globe and Mail digital brokerage sur
td_newsroom,news_json,2023-02-13_td-direct-investing-gets-top-spot-in-annual-globe-and-mail-d,data/raw/news/2023-02-13_td-direct-investing-gets-top-spot-in-annual-globe-and-mail-d.json,https://stories.td.com/ca/en/news/2023-02-13-td-direct-investing-gets-top-spot-in-annual-globe-and-mail-d,2026-04-18T02:07:52+00:00,27.0,568fdbfc3ebf6e1d8307c49690e12e97508fe2b1f821c546060c4ebe6a656d07,parsed headline + body
td_newsroom,news_html,2023-02-13_td-launches-black-entrepreneur-credit-access-program,data/raw/news/2023-02-13_td-launches-black-entrepreneur-credit-access-program.html,https://stories.td.com/ca/en/news/2023-02-13-td-launches-black-entrepreneur-credit-access-program,2026-04-18T02:07:53+00:00,,ce62a782571b194c671b2249607233589bc1e0ec58d256db7c0ec9d206036b64,FY2023Q2; TD Launches Black Entrepreneur Credit Access Program
td_newsroom,news_json,2023-02-13_td-launches-black-entrepreneur-credit-access-program,data/raw/news/2023-02-13_td-launches-black-entrepreneur-credit-access-program.json,https://stories.td.com/ca/en/news/2023-02-13-td-launches-black-entrepreneur-credit-access-program,2026-04-18T02:07:53+00:00,23.0,a91cbd462f3f1d0d3ccdd82686613bf65c44361b657ad8bbacb936964211c149,parsed headline + body
td_newsroom,news_html,2023-02-14_td-ranked-top-north-american-bank-in-the-s-26p-global-sustaina,data/raw/news/2023-02-14_td-ranked-top-north-american-bank-in-the-s-26p-global-sustaina.html,https://stories.td.com/ca/en/news/2023-02-14-td-ranked-top-north-american-bank-in-the-s-26p-global-sustaina,2026-04-18T02:07:53+00:00,,8ccae6443b205aee7c5c839218631f9bffeb3868cc1e4f1d9096ba122e30058f,FY2023Q2; TD ranked top North American Bank in the S&P Global Sustainability Yearbook 2023
td_newsroom,news_json,2023-02-14_td-ranked-top-north-american-bank-in-the-s-26p-global-sustaina,data/raw/news/2023-02-14_td-ranked-top-north-american-bank-in-the-s-26p-global-sustaina.json,https://stories.td.com/ca/en/news/2023-02-14-td-ranked-top-north-american-bank-in-the-s-26p-global-sustaina,2026-04-18T02:07:53+00:00,45.0,40093d72cbb7c3f3a66b49e33fa29ad73e82c86125e362a0a446accc4bd1b535,parsed headline + body
td_newsroom,news_html,2023-02-16_media-advisory-td-bank-group-executive-to-present-at-the-r,data/raw/news/2023-02-16_media-advisory-td-bank-group-executive-to-present-at-the-r.html,https://stories.td.com/ca/en/news/2023-02-16-media-advisory---td-bank-group-executive-to-present-at-the-r,2026-04-18T02:07:54+00:00,,da34616ddd1f7b1710613f391ff76041ada862d4d96d439491a2ac5b3b08e4db,FY2023Q2; MEDIA ADVISORY - TD Bank Group Executive to Present at the RBC Global Financial 
td_newsroom,news_json,2023-02-16_media-advisory-td-bank-group-executive-to-present-at-the-r,data/raw/news/2023-02-16_media-advisory-td-bank-group-executive-to-present-at-the-r.json,https://stories.td.com/ca/en/news/2023-02-16-media-advisory---td-bank-group-executive-to-present-at-the-r,2026-04-18T02:07:54+00:00,7.0,af15723546bf467db0a499c35fd3409ae5b91214a0a461a308ed139a18ae67c7,parsed headline + body
td_newsroom,news_html,2023-02-16_td-bank-group-included-in-2023-bloomberg-gender-equality-ind,data/raw/news/2023-02-16_td-bank-group-included-in-2023-bloomberg-gender-equality-ind.html,https://stories.td.com/ca/en/news/2023-02-16-td-bank-group-included-in-2023-bloomberg-gender-equality-ind,2026-04-18T02:07:55+00:00,,b4bd5fe66aa492b165517780e276767ee75c6a75991edea2b3f81aa6d336478b,FY2023Q2; TD BANK GROUP INCLUDED IN 2023 BLOOMBERG GENDER-EQUALITY INDEX
td_newsroom,news_json,2023-02-16_td-bank-group-included-in-2023-bloomberg-gender-equality-ind,data/raw/news/2023-02-16_td-bank-group-included-in-2023-bloomberg-gender-equality-ind.json,https://stories.td.com/ca/en/news/2023-02-16-td-bank-group-included-in-2023-bloomberg-gender-equality-ind,2026-04-18T02:07:55+00:00,25.0,b8c873bde800405034d65294acfa9f1d6971f6b927ea6fde97427d4093bae9ac,parsed headline + body
td_newsroom,news_html,2023-02-17_td-asset-management-inc-announces-td-etf-distributions,data/raw/news/2023-02-17_td-asset-management-inc-announces-td-etf-distributions.html,https://stories.td.com/ca/en/news/2023-02-17-td-asset-management-inc.-announces-td-etf-distributions,2026-04-18T02:07:55+00:00,,0027b8e5b125b6a8f506b3d63eb7ff0cfbfd3c10a1f019377da8a31b7d6ab1ff,FY2023Q2; TD Asset Management Inc. Announces TD ETF Distributions
td_newsroom,news_json,2023-02-17_td-asset-management-inc-announces-td-etf-distributions,data/raw/news/2023-02-17_td-asset-management-inc-announces-td-etf-distributions.json,https://stories.td.com/ca/en/news/2023-02-17-td-asset-management-inc.-announces-td-etf-distributions,2026-04-18T02:07:55+00:00,131.0,9a360fedf79662821549ab35ad1343813bdadf7acfedc4fc76f15490161058d0,parsed headline + body
td_newsroom,news_html,2023-02-23_td-asset-management-inc-announces-risk-rating-changes-for-c,data/raw/news/2023-02-23_td-asset-management-inc-announces-risk-rating-changes-for-c.html,https://stories.td.com/ca/en/news/2023-02-23-td-asset-management-inc.-announces-risk-rating-changes-for-c,2026-04-18T02:07:56+00:00,,25ca085808c0185dc84e4d63a4d0816864918ad6fea0b89344f255cfbb8edbd3,FY2023Q2; TD Asset Management Inc. Announces Risk Rating changes for certain TD ETFs
td_newsroom,news_json,2023-02-23_td-asset-management-inc-announces-risk-rating-changes-for-c,data/raw/news/2023-02-23_td-asset-management-inc-announces-risk-rating-changes-for-c.json,https://stories.td.com/ca/en/news/2023-02-23-td-asset-management-inc.-announces-risk-rating-changes-for-c,2026-04-18T02:07:56+00:00,61.0,da1d6ca9025fcb12553c7b2028ce67b0e3703b4fe445b98557413db28ad22fda,parsed headline + body
td_newsroom,news_html,2023-02-24_td-receives-regulatory-approval-to-acquire-cowen-inc,data/raw/news/2023-02-24_td-receives-regulatory-approval-to-acquire-cowen-inc.html,https://stories.td.com/ca/en/news/2023-02-24-td-receives-regulatory-approval-to-acquire-cowen-inc.,2026-04-18T02:07:57+00:00,,f875f1aa7e54b105e0df90e2e232549d03ee75f75f37e501c370c4fd092f8d64,FY2023Q2; TD Receives Regulatory Approval to Acquire Cowen Inc.
td_newsroom,news_json,2023-02-24_td-receives-regulatory-approval-to-acquire-cowen-inc,data/raw/news/2023-02-24_td-receives-regulatory-approval-to-acquire-cowen-inc.json,https://stories.td.com/ca/en/news/2023-02-24-td-receives-regulatory-approval-to-acquire-cowen-inc.,2026-04-18T02:07:57+00:00,55.0,f474feb371602be44137241bab28db77c8a76b30bd8f9033045d47f1231d129c,parsed headline + body
td_newsroom,news_html,2023-02-27_td-agrees-to-settle-stanford-matter,data/raw/news/2023-02-27_td-agrees-to-settle-stanford-matter.html,https://stories.td.com/ca/en/news/2023-02-27-td-agrees-to-settle-stanford-matter,2026-04-18T02:07:58+00:00,,d5a68df2c985307ffa12b392ef8bfb398ddf833e44f6646157ab9f8eeaa0ae27,FY2023Q2; TD Agrees to Settle Stanford Matter
td_newsroom,news_json,2023-02-27_td-agrees-to-settle-stanford-matter,data/raw/news/2023-02-27_td-agrees-to-settle-stanford-matter.json,https://stories.td.com/ca/en/news/2023-02-27-td-agrees-to-settle-stanford-matter,2026-04-18T02:07:58+00:00,19.0,1eabb62fb39cfb51fb605009d0d6224e4ec03ef7cf2e27b48e91d5df650bf867,parsed headline + body
td_newsroom,news_html,2023-02-28_2fr-e-p-e-a-t-media-advisory-td-bank-group-to-release-fi,data/raw/news/2023-02-28_2fr-e-p-e-a-t-media-advisory-td-bank-group-to-release-fi.html,https://stories.td.com/ca/en/news/2023-02-28--2fr-e-p-e-a-t----media-advisory---td-bank-group-to-release-fi,2026-04-18T02:07:58+00:00,,2c1df55c8be286515f416a8b67d5b5caa276b5346356658c2a032a771a7f2cb3,FY2023Q2; /R E P E A T -- Media Advisory - TD Bank Group to release first quarter financia
td_newsroom,news_json,2023-02-28_2fr-e-p-e-a-t-media-advisory-td-bank-group-to-release-fi,data/raw/news/2023-02-28_2fr-e-p-e-a-t-media-advisory-td-bank-group-to-release-fi.json,https://stories.td.com/ca/en/news/2023-02-28--2fr-e-p-e-a-t----media-advisory---td-bank-group-to-release-fi,2026-04-18T02:07:58+00:00,15.0,422555fb49f7980bd4840e6eca0f9c720c0cb863b823fadff6cf94e9a8118d0b,parsed headline + body
td_newsroom,news_html,2023-02-28_the-2022-td-ready-challenge-awards-2410-million-to-10-canadia,data/raw/news/2023-02-28_the-2022-td-ready-challenge-awards-2410-million-to-10-canadia.html,https://stories.td.com/ca/en/news/2023-02-28-the-2022-td-ready-challenge-awards-2410-million-to-10-canadia,2026-04-18T02:07:59+00:00,,a2a99ecacf7667f1db8b6691dafd79f89ff5f8b478c29405ed6685a24d993693,FY2023Q2; The 2022 TD Ready Challenge awards $10 million to 10 Canadian and American organ
td_newsroom,news_json,2023-02-28_the-2022-td-ready-challenge-awards-2410-million-to-10-canadia,data/raw/news/2023-02-28_the-2022-td-ready-challenge-awards-2410-million-to-10-canadia.json,https://stories.td.com/ca/en/news/2023-02-28-the-2022-td-ready-challenge-awards-2410-million-to-10-canadia,2026-04-18T02:07:59+00:00,81.0,3610c55df355f94fbb9a77ea74d74f5b1369d0f6e92b8f121c7f78528d5efe95,parsed headline + body
td_newsroom,news_html,2023-02-28_six-in-10-canadians-feel-more-targeted-now-than-ever-by-fina,data/raw/news/2023-02-28_six-in-10-canadians-feel-more-targeted-now-than-ever-by-fina.html,https://stories.td.com/ca/en/news/2023-02-28-six-in-10-canadians-feel-more-targeted-now-than-ever-by-fina,2026-04-18T02:07:59+00:00,,b73b89cfdd04acfed0f9b5a8b716e7bedba3889add1de2494a3e4540239a0459,"FY2023Q2; Six in 10 Canadians feel more targeted now than ever by financial fraud, but may"
td_newsroom,news_json,2023-02-28_six-in-10-canadians-feel-more-targeted-now-than-ever-by-fina,data/raw/news/2023-02-28_six-in-10-canadians-feel-more-targeted-now-than-ever-by-fina.json,https://stories.td.com/ca/en/news/2023-02-28-six-in-10-canadians-feel-more-targeted-now-than-ever-by-fina,2026-04-18T02:07:59+00:00,41.0,23b0c09bca942a920d9a75bf5865ef1bedcf1ce1d1114ccfcd54b09eabaf4d4a,parsed headline + body
td_newsroom,news_html,2023-03-01_td-completes-acquisition-of-cowen-inc,data/raw/news/2023-03-01_td-completes-acquisition-of-cowen-inc.html,https://stories.td.com/ca/en/news/2023-03-01-td-completes-acquisition-of-cowen-inc.,2026-04-18T02:08:00+00:00,,1d53871ae2b77ac4eed24660578379f26caa0a76a7ddde4947078dc366cf1388,FY2023Q2; TD completes acquisition of Cowen Inc.
td_newsroom,news_json,2023-03-01_td-completes-acquisition-of-cowen-inc,data/raw/news/2023-03-01_td-completes-acquisition-of-cowen-inc.json,https://stories.td.com/ca/en/news/2023-03-01-td-completes-acquisition-of-cowen-inc.,2026-04-18T02:08:00+00:00,25.0,c14ded385433db3df97bbac435164ecf7195ae7feadd8956e008ec53236145cc,parsed headline + body
td_newsroom,news_html,2023-03-02_td-bank-group-declares-dividends,data/raw/news/2023-03-02_td-bank-group-declares-dividends.html,https://stories.td.com/ca/en/news/2023-03-02-td-bank-group-declares-dividends,2026-04-18T02:08:01+00:00,,2c59a4f678a6984dcc73e33b7ecd355159960597500461fc3f59af05dff75071,FY2023Q2; TD BANK GROUP DECLARES DIVIDENDS
td_newsroom,news_json,2023-03-02_td-bank-group-declares-dividends,data/raw/news/2023-03-02_td-bank-group-declares-dividends.json,https://stories.td.com/ca/en/news/2023-03-02-td-bank-group-declares-dividends,2026-04-18T02:08:01+00:00,45.0,8ea181f95f4cabda6d3218a10ec655fe8765d731c8e4ec8a1f39b97a66204356,parsed headline + body
td_newsroom,news_html,2023-03-02_td-bank-group-reports-first-quarter-2023-results,data/raw/news/2023-03-02_td-bank-group-reports-first-quarter-2023-results.html,https://stories.td.com/ca/en/news/2023-03-02-td-bank-group-reports-first-quarter-2023-results,2026-04-18T02:08:02+00:00,,ec61bf983e1fa61041651b3b9abaca055366b88d34634b9c66e87a7e5a81bb3f,FY2023Q2; TD Bank Group Reports First Quarter 2023 Results
td_newsroom,news_json,2023-03-02_td-bank-group-reports-first-quarter-2023-results,data/raw/news/2023-03-02_td-bank-group-reports-first-quarter-2023-results.json,https://stories.td.com/ca/en/news/2023-03-02-td-bank-group-reports-first-quarter-2023-results,2026-04-18T02:08:02+00:00,2643.0,7972d7c9a3837b41c2eacde316a598648c710d12c86b58d318979eddffafd85f,parsed headline + body
td_newsroom,news_html,2023-03-06_2fr-e-p-e-a-t-media-advisory-td-bank-group-executive-to,data/raw/news/2023-03-06_2fr-e-p-e-a-t-media-advisory-td-bank-group-executive-to.html,https://stories.td.com/ca/en/news/2023-03-06--2fr-e-p-e-a-t----media-advisory---td-bank-group-executive-to,2026-04-18T02:08:03+00:00,,3ad8dccd478873fedff62aa9795bff9b3e725a561a1af7a5421b5fe33bd863e7,FY2023Q2; /R E P E A T -- MEDIA ADVISORY - TD Bank Group Executive to Present at the RBC G
td_newsroom,news_json,2023-03-06_2fr-e-p-e-a-t-media-advisory-td-bank-group-executive-to,data/raw/news/2023-03-06_2fr-e-p-e-a-t-media-advisory-td-bank-group-executive-to.json,https://stories.td.com/ca/en/news/2023-03-06--2fr-e-p-e-a-t----media-advisory---td-bank-group-executive-to,2026-04-18T02:08:03+00:00,7.0,d329a46db0c4ec5095a07cc375c6205b8ae7ff0412594c280779ccdf4c4f0464,parsed headline + body
td_newsroom,news_html,2023-03-09_td-asset-management-inc-launches-the-new-esg-focused-td-nor,data/raw/news/2023-03-09_td-asset-management-inc-launches-the-new-esg-focused-td-nor.html,https://stories.td.com/ca/en/news/2023-03-09-td-asset-management-inc.-launches-the-new-esg-focused-td-nor,2026-04-18T02:08:04+00:00,,3f04a6bf2cf5156bea61a8124c88773d6beef688dd675958f7c15b8ff649ce9f,FY2023Q2; TD Asset Management Inc. launches the new ESG-focused TD North American Sustaina
td_newsroom,news_json,2023-03-09_td-asset-management-inc-launches-the-new-esg-focused-td-nor,data/raw/news/2023-03-09_td-asset-management-inc-launches-the-new-esg-focused-td-nor.json,https://stories.td.com/ca/en/news/2023-03-09-td-asset-management-inc.-launches-the-new-esg-focused-td-nor,2026-04-18T02:08:04+00:00,29.0,37a982692b49c50a64bd4706f9a6e9e2a64db056f2a1ca727383c765969bfd44,parsed headline + body
td_newsroom,news_html,2023-03-09_td-bank-group-announces-senior-executive-team-appointments,data/raw/news/2023-03-09_td-bank-group-announces-senior-executive-team-appointments.html,https://stories.td.com/ca/en/news/2023-03-09-td-bank-group-announces-senior-executive-team-appointments,2026-04-18T02:08:05+00:00,,b1e3c565cd033a40de5c09c7d4dce61f53e8e1b6290f592c3ed17f13f6e03e10,FY2023Q2; TD Bank Group Announces Senior Executive Team Appointments
td_newsroom,news_json,2023-03-09_td-bank-group-announces-senior-executive-team-appointments,data/raw/news/2023-03-09_td-bank-group-announces-senior-executive-team-appointments.json,https://stories.td.com/ca/en/news/2023-03-09-td-bank-group-announces-senior-executive-team-appointments,2026-04-18T02:08:05+00:00,23.0,2955a0d662858b479ed4049139e79f1975d74fc4dc21908b0148c88402c607da,parsed headline + body
td_newsroom,news_html,2023-03-10_media-advisory-td-bank-group-executive-to-present-at-the-n,data/raw/news/2023-03-10_media-advisory-td-bank-group-executive-to-present-at-the-n.html,https://stories.td.com/ca/en/news/2023-03-10-media-advisory---td-bank-group-executive-to-present-at-the-n,2026-04-18T02:08:05+00:00,,fa467b0f47a4360991be29e8e8f5877e45a6c37cda0c2693cf3a2938158baa3d,FY2023Q2; MEDIA ADVISORY - TD Bank Group Executive to Present at the National Bank Financi
td_newsroom,news_json,2023-03-10_media-advisory-td-bank-group-executive-to-present-at-the-n,data/raw/news/2023-03-10_media-advisory-td-bank-group-executive-to-present-at-the-n.json,https://stories.td.com/ca/en/news/2023-03-10-media-advisory---td-bank-group-executive-to-present-at-the-n,2026-04-18T02:08:05+00:00,7.0,7a377c1cba64fc13720564798dfc5ce1c13e51c634f45310fd039c4ff7f3f61e,parsed headline + body
td_newsroom,news_html,2023-03-14_td-bank-group-management-proxy-circular-now-available,data/raw/news/2023-03-14_td-bank-group-management-proxy-circular-now-available.html,https://stories.td.com/ca/en/news/2023-03-14-td-bank-group-management-proxy-circular-now-available,2026-04-18T02:08:06+00:00,,cff83283a58b42bcffb6f8e9e9a8d6b21f55bf728706b7806723ddafb6af5966,FY2023Q2; TD Bank Group Management Proxy Circular Now Available
td_newsroom,news_json,2023-03-14_td-bank-group-management-proxy-circular-now-available,data/raw/news/2023-03-14_td-bank-group-management-proxy-circular-now-available.json,https://stories.td.com/ca/en/news/2023-03-14-td-bank-group-management-proxy-circular-now-available,2026-04-18T02:08:06+00:00,15.0,21df36c1b0f3f3aa65b9df97a606d0ad550169bd264dd9a7903a2f52a620d8b0,parsed headline + body
td_newsroom,news_html,2023-03-16_td-announces-new-interim-financed-emissions-targets-and-td-p,data/raw/news/2023-03-16_td-announces-new-interim-financed-emissions-targets-and-td-p.html,https://stories.td.com/ca/en/news/2023-03-16-td-announces-new-interim-financed-emissions-targets-and-td-p,2026-04-18T02:08:07+00:00,,f7baaf089963e386f6200d6761bf97a5be9333b3bd40badd30478ec17bcb957d,FY2023Q2; TD announces new interim financed emissions targets and TD Pathways to Economic 
td_newsroom,news_json,2023-03-16_td-announces-new-interim-financed-emissions-targets-and-td-p,data/raw/news/2023-03-16_td-announces-new-interim-financed-emissions-targets-and-td-p.json,https://stories.td.com/ca/en/news/2023-03-16-td-announces-new-interim-financed-emissions-targets-and-td-p,2026-04-18T02:08:07+00:00,51.0,6ca77f34339d14c0faf1a41a45322a909ce9cc7fc63eca899d8c01cf4ad63648,parsed headline + body
td_newsroom,news_html,2023-03-16_td-bank-group-sets-new-24500-billion-sustainable-26-decarboniz,data/raw/news/2023-03-16_td-bank-group-sets-new-24500-billion-sustainable-26-decarboniz.html,https://stories.td.com/ca/en/news/2023-03-16-td-bank-group-sets-new-24500-billion-sustainable-26-decarboniz,2026-04-18T02:08:07+00:00,,5fc5427b485867118c6155449ec7f3905e84282ff491feafb19738e3fbcad7aa,FY2023Q2; TD Bank Group sets new $500 billion Sustainable & Decarbonization Finance Target
td_newsroom,news_json,2023-03-16_td-bank-group-sets-new-24500-billion-sustainable-26-decarboniz,data/raw/news/2023-03-16_td-bank-group-sets-new-24500-billion-sustainable-26-decarboniz.json,https://stories.td.com/ca/en/news/2023-03-16-td-bank-group-sets-new-24500-billion-sustainable-26-decarboniz,2026-04-18T02:08:07+00:00,45.0,5bb3b540a0bbedcf28d49b9362d8088094b85418469d4977f3473639c3bf5843,parsed headline + body
td_newsroom,news_html,2023-03-20_td-asset-management-inc-announces-td-etf-distributions,data/raw/news/2023-03-20_td-asset-management-inc-announces-td-etf-distributions.html,https://stories.td.com/ca/en/news/2023-03-20-td-asset-management-inc.-announces-td-etf-distributions,2026-04-18T02:08:08+00:00,,58876e573ad3af0713cf00260e24fa0c6cbb4e1bc25bf656c1f5d64fc8511794,FY2023Q2; TD Asset Management Inc. Announces TD ETF Distributions
td_newsroom,news_json,2023-03-20_td-asset-management-inc-announces-td-etf-distributions,data/raw/news/2023-03-20_td-asset-management-inc-announces-td-etf-distributions.json,https://stories.td.com/ca/en/news/2023-03-20-td-asset-management-inc.-announces-td-etf-distributions,2026-04-18T02:08:08+00:00,289.0,3f034c44aebb598601c0ffb9455b1e935f1c15672013cc00eba7e5e30615d456,parsed headline + body
td_newsroom,news_html,2023-03-20_td-tech-day-2023-will-feature-new-inclusive-innovations-on-m,data/raw/news/2023-03-20_td-tech-day-2023-will-feature-new-inclusive-innovations-on-m.html,https://stories.td.com/ca/en/news/2023-03-20-td-tech-day-2023-will-feature-new-inclusive-innovations-on-m,2026-04-18T02:08:09+00:00,,ce1df72ed22c42f1d3d3879167302e027875f060dcb88075c3bc4f0bc192017d,FY2023Q2; TD Tech Day 2023 will feature new inclusive innovations on March 22
td_newsroom,news_json,2023-03-20_td-tech-day-2023-will-feature-new-inclusive-innovations-on-m,data/raw/news/2023-03-20_td-tech-day-2023-will-feature-new-inclusive-innovations-on-m.json,https://stories.td.com/ca/en/news/2023-03-20-td-tech-day-2023-will-feature-new-inclusive-innovations-on-m,2026-04-18T02:08:09+00:00,35.0,2a176f6b3f0dc011e4173777c8b2ff3fd724625a7dfefdaccba8f927d707f1a8,parsed headline + body
td_newsroom,news_html,2023-03-23_td-builds-on-its-inclusive-tech-talent-to-power-new-innovati,data/raw/news/2023-03-23_td-builds-on-its-inclusive-tech-talent-to-power-new-innovati.html,https://stories.td.com/ca/en/news/2023-03-23-td-builds-on-its-inclusive-tech-talent-to-power-new-innovati,2026-04-18T02:08:10+00:00,,1c1df37c4eb05c71db63c075708395ed43bd22528a2a6c57a4d81dd82bc913e5,FY2023Q2; TD builds on its inclusive tech talent to power new innovations for customers
td_newsroom,news_json,2023-03-23_td-builds-on-its-inclusive-tech-talent-to-power-new-innovati,data/raw/news/2023-03-23_td-builds-on-its-inclusive-tech-talent-to-power-new-innovati.json,https://stories.td.com/ca/en/news/2023-03-23-td-builds-on-its-inclusive-tech-talent-to-power-new-innovati,2026-04-18T02:08:10+00:00,53.0,a76283c360cf6c51cd3f1608a0423614c27c715bfbc378fcb1638f7b7714b159,parsed headline + body
td_newsroom,news_html,2023-03-23_td-is-first-canadian-bank-to-offer-a-dedicated-phone-line-fo,data/raw/news/2023-03-23_td-is-first-canadian-bank-to-offer-a-dedicated-phone-line-fo.html,https://stories.td.com/ca/en/news/2023-03-23-td-is-first-canadian-bank-to-offer-a-dedicated-phone-line-fo,2026-04-18T02:08:11+00:00,,d24fcf7e100bb875531041f53a6a35d49d8ec3e0a2623eaeb0b3981b7fb033a4,FY2023Q2; TD is first Canadian bank to offer a dedicated phone line for customers using Vi
td_newsroom,news_json,2023-03-23_td-is-first-canadian-bank-to-offer-a-dedicated-phone-line-fo,data/raw/news/2023-03-23_td-is-first-canadian-bank-to-offer-a-dedicated-phone-line-fo.json,https://stories.td.com/ca/en/news/2023-03-23-td-is-first-canadian-bank-to-offer-a-dedicated-phone-line-fo,2026-04-18T02:08:11+00:00,23.0,dfad2ed394ead347fe15a17d5706b531c94b8cd998b89e75fec68e7150e89ce5,parsed headline + body
td_newsroom,news_html,2023-03-23_td-explores-the-future-of-immersive-vr-experiences,data/raw/news/2023-03-23_td-explores-the-future-of-immersive-vr-experiences.html,https://stories.td.com/ca/en/news/2023-03-23-td-explores-the-future-of-immersive-vr-experiences,2026-04-18T02:08:11+00:00,,ab5adbbf1303e496a1c01f1902669d83daf8a04ed66b57574cd95c21a2e9b9cd,FY2023Q2; TD explores the future of immersive VR experiences
td_newsroom,news_json,2023-03-23_td-explores-the-future-of-immersive-vr-experiences,data/raw/news/2023-03-23_td-explores-the-future-of-immersive-vr-experiences.json,https://stories.td.com/ca/en/news/2023-03-23-td-explores-the-future-of-immersive-vr-experiences,2026-04-18T02:08:11+00:00,61.0,c8594d678f84e82cafbd6fa5eb12ce5d3d7d19c8646e0bd9385d005332f94a61,parsed headline + body
td_newsroom,news_html,2023-03-23_td-launches-new-accessibility-tool-to-drive-inclusive-online,data/raw/news/2023-03-23_td-launches-new-accessibility-tool-to-drive-inclusive-online.html,https://stories.td.com/ca/en/news/2023-03-23-td-launches-new-accessibility-tool-to-drive-inclusive-online,2026-04-18T02:08:12+00:00,,1528cf2dac6a61f5582d627f1075c0499cf84528e5305210c0f69241370f49b9,FY2023Q2; TD launches new accessibility tool to drive inclusive online experiences for use
td_newsroom,news_json,2023-03-23_td-launches-new-accessibility-tool-to-drive-inclusive-online,data/raw/news/2023-03-23_td-launches-new-accessibility-tool-to-drive-inclusive-online.json,https://stories.td.com/ca/en/news/2023-03-23-td-launches-new-accessibility-tool-to-drive-inclusive-online,2026-04-18T02:08:12+00:00,57.0,cc991ca4c8b99d7b72b7625f8f955c62a8ee42edd5ea6605906762b371b72d73,parsed headline + body
td_newsroom,news_html,2023-03-23_td-builds-on-its-engagement-with-the-financial-data-exchange,data/raw/news/2023-03-23_td-builds-on-its-engagement-with-the-financial-data-exchange.html,https://stories.td.com/ca/en/news/2023-03-23-td-builds-on-its-engagement-with-the-financial-data-exchange,2026-04-18T02:08:13+00:00,,b760d62a2508e6bcb46f0dee95d24791f7bc68d0e669e931b13d22b36e737464,FY2023Q2; TD builds on its engagement with the Financial Data Exchange
td_newsroom,news_json,2023-03-23_td-builds-on-its-engagement-with-the-financial-data-exchange,data/raw/news/2023-03-23_td-builds-on-its-engagement-with-the-financial-data-exchange.json,https://stories.td.com/ca/en/news/2023-03-23-td-builds-on-its-engagement-with-the-financial-data-exchange,2026-04-18T02:08:13+00:00,31.0,3a1d5989c1bdbb23d4a21e15df33fbbe1f3d90c73bddb8e0946f9548ee46f161,parsed headline + body
td_newsroom,news_html,2023-03-23_brand-finance-recognizes-td-as-top-canadian-brand,data/raw/news/2023-03-23_brand-finance-recognizes-td-as-top-canadian-brand.html,https://stories.td.com/ca/en/news/2023-03-23-brand-finance-recognizes-td-as-top-canadian-brand,2026-04-18T02:08:13+00:00,,0dfafca525a03aafedaa925d62a26ea55cf802e4855976ae47976846bac27d94,FY2023Q2; Brand Finance recognizes TD as top Canadian brand
td_newsroom,news_json,2023-03-23_brand-finance-recognizes-td-as-top-canadian-brand,data/raw/news/2023-03-23_brand-finance-recognizes-td-as-top-canadian-brand.json,https://stories.td.com/ca/en/news/2023-03-23-brand-finance-recognizes-td-as-top-canadian-brand,2026-04-18T02:08:13+00:00,29.0,73a669c92195718f5bbe60fd2d91be8c4ec2922905cccda3403568e1858fbe79,parsed headline + body
td_newsroom,news_html,2023-03-27_media-advisory-td-bank-group-executive-to-present-at-the-n,data/raw/news/2023-03-27_media-advisory-td-bank-group-executive-to-present-at-the-n.html,https://stories.td.com/ca/en/news/2023-03-27-media-advisory---td-bank-group-executive-to-present-at-the-n,2026-04-18T02:08:14+00:00,,38cea2f330a198746eafb1ddb2656650ad26f37736560fd9d2302155693e7d38,FY2023Q2; MEDIA ADVISORY - TD Bank Group Executive to Present at the National Bank Financi
td_newsroom,news_json,2023-03-27_media-advisory-td-bank-group-executive-to-present-at-the-n,data/raw/news/2023-03-27_media-advisory-td-bank-group-executive-to-present-at-the-n.json,https://stories.td.com/ca/en/news/2023-03-27-media-advisory---td-bank-group-executive-to-present-at-the-n,2026-04-18T02:08:14+00:00,7.0,6364fcfe74b0af6a7c3dbce0eac66b53e964b5a660d034b5db65d8df3905b791,parsed headline + body
td_newsroom,news_html,2023-03-28_travel-insurance-isn-27t-on-most-canadians-27-packing-list-2c-acco,data/raw/news/2023-03-28_travel-insurance-isn-27t-on-most-canadians-27-packing-list-2c-acco.html,https://stories.td.com/ca/en/news/2023-03-28-travel-insurance-isn-27t-on-most-canadians-27-packing-list-2c-acco,2026-04-18T02:08:15+00:00,,d89493af74c6a2662d2c4c098658857767ad51c8b2d9e979b4e63f5b8eaef3fc,"FY2023Q2; Travel insurance isn't on most Canadians' packing list, according to new survey"
td_newsroom,news_json,2023-03-28_travel-insurance-isn-27t-on-most-canadians-27-packing-list-2c-acco,data/raw/news/2023-03-28_travel-insurance-isn-27t-on-most-canadians-27-packing-list-2c-acco.json,https://stories.td.com/ca/en/news/2023-03-28-travel-insurance-isn-27t-on-most-canadians-27-packing-list-2c-acco,2026-04-18T02:08:15+00:00,29.0,ec09356513d1900f88fea2b640b727bc98d5f7ef23166974d1bcafd41e8e2578,parsed headline + body
td_newsroom,news_html,2023-03-29_td-announces-conversion-privilege-of-non-cumulative-5-year-r,data/raw/news/2023-03-29_td-announces-conversion-privilege-of-non-cumulative-5-year-r.html,https://stories.td.com/ca/en/news/2023-03-29-td-announces-conversion-privilege-of-non-cumulative-5-year-r,2026-04-18T02:08:16+00:00,,0e12aa8fb097ce106aaa2a3d37dcaf09e3adfbd90bbc895872db0483cbe3a83e,FY2023Q2; TD Announces Conversion Privilege of Non-Cumulative 5-Year Rate Reset Preferred 
td_newsroom,news_json,2023-03-29_td-announces-conversion-privilege-of-non-cumulative-5-year-r,data/raw/news/2023-03-29_td-announces-conversion-privilege-of-non-cumulative-5-year-r.json,https://stories.td.com/ca/en/news/2023-03-29-td-announces-conversion-privilege-of-non-cumulative-5-year-r,2026-04-18T02:08:16+00:00,15.0,ce41e2400d0ceae35a5c86f7055c5ebc8bdb13eb42e5c2599097a8ed774a2bf0,parsed headline + body
td_newsroom,news_html,2023-03-31_td-announces-dividend-rates-on-non-cumulative-5-year-rate-re,data/raw/news/2023-03-31_td-announces-dividend-rates-on-non-cumulative-5-year-rate-re.html,https://stories.td.com/ca/en/news/2023-03-31-td-announces-dividend-rates-on-non-cumulative-5-year-rate-re,2026-04-18T02:08:16+00:00,,dafc3dd3940370099582897e84df74bb374fbd3c4690430de95371ae647e6d69,FY2023Q2; TD Announces Dividend Rates on Non-Cumulative 5-Year Rate Reset Preferred Shares
td_newsroom,news_json,2023-03-31_td-announces-dividend-rates-on-non-cumulative-5-year-rate-re,data/raw/news/2023-03-31_td-announces-dividend-rates-on-non-cumulative-5-year-rate-re.json,https://stories.td.com/ca/en/news/2023-03-31-td-announces-dividend-rates-on-non-cumulative-5-year-rate-re,2026-04-18T02:08:16+00:00,17.0,456a2d020b54d0c74759697cc3aa8ffab2983a8fbab1f85e5c6e37a313083338,parsed headline + body
td_newsroom,news_html,2023-04-11_td-asset-management-inc-and-epoch-investment-partners-2c-inc,data/raw/news/2023-04-11_td-asset-management-inc-and-epoch-investment-partners-2c-inc.html,https://stories.td.com/ca/en/news/2023-04-11-td-asset-management-inc.-and-epoch-investment-partners-2c-inc.,2026-04-18T02:08:17+00:00,,1bd6234d2a6ebe5f2295ce3f222b74f6113af823311eab0de74b7a9b6c477aaf,"FY2023Q2; TD Asset Management Inc. and Epoch Investment Partners, Inc. launch 'TD Global I"
td_newsroom,news_json,2023-04-11_td-asset-management-inc-and-epoch-investment-partners-2c-inc,data/raw/news/2023-04-11_td-asset-management-inc-and-epoch-investment-partners-2c-inc.json,https://stories.td.com/ca/en/news/2023-04-11-td-asset-management-inc.-and-epoch-investment-partners-2c-inc.,2026-04-18T02:08:17+00:00,27.0,7a02ff76cfcebab8b76a36f381e37089094e56d2755a4d2606c58f843d28f03f,parsed headline + body
td_newsroom,news_html,2023-04-17_td-asset-management-inc-announces-td-etf-distributions,data/raw/news/2023-04-17_td-asset-management-inc-announces-td-etf-distributions.html,https://stories.td.com/ca/en/news/2023-04-17-td-asset-management-inc.-announces-td-etf-distributions,2026-04-18T02:08:18+00:00,,3a46c35babb6e0f44d2ae312557248fad7cd980cb96788b53d39a22518ec20a0,FY2023Q2; TD Asset Management Inc. Announces TD ETF Distributions
td_newsroom,news_json,2023-04-17_td-asset-management-inc-announces-td-etf-distributions,data/raw/news/2023-04-17_td-asset-management-inc-announces-td-etf-distributions.json,https://stories.td.com/ca/en/news/2023-04-17-td-asset-management-inc.-announces-td-etf-distributions,2026-04-18T02:08:18+00:00,137.0,caefd4ce95545d12a29c7e2366fb919a3780a85a0196ddcda2f1e011746ea3ac,parsed headline + body
td_newsroom,news_html,2023-04-18_td-announces-results-of-conversion-privilege-of-non-cumulati,data/raw/news/2023-04-18_td-announces-results-of-conversion-privilege-of-non-cumulati.html,https://stories.td.com/ca/en/news/2023-04-18-td-announces-results-of-conversion-privilege-of-non-cumulati,2026-04-18T02:08:18+00:00,,d914f50107191458e30da5b64c585f5c60b278221941737af4e18c01af5e5d52,FY2023Q2; TD Announces Results of Conversion Privilege of Non-Cumulative 5-Year Rate Reset
td_newsroom,news_json,2023-04-18_td-announces-results-of-conversion-privilege-of-non-cumulati,data/raw/news/2023-04-18_td-announces-results-of-conversion-privilege-of-non-cumulati.json,https://stories.td.com/ca/en/news/2023-04-18-td-announces-results-of-conversion-privilege-of-non-cumulati,2026-04-18T02:08:18+00:00,11.0,d28513ac5b9dad03b842dfed7f26e02ce69439d288f08f66f958519fc2b52401,parsed headline + body
td_newsroom,news_html,2023-04-18_td-bank-group-comments-on-expected-impact-of-the-charles-sch,data/raw/news/2023-04-18_td-bank-group-comments-on-expected-impact-of-the-charles-sch.html,https://stories.td.com/ca/en/news/2023-04-18-td-bank-group-comments-on-expected-impact-of-the-charles-sch,2026-04-18T02:08:19+00:00,,3814ffb2cd5a52eadfc1205ccf0caddd3621afed84f974ccc7120355b58d7b84,FY2023Q2; TD Bank Group Comments on Expected Impact of the Charles Schwab Corporation's Fi
td_newsroom,news_json,2023-04-18_td-bank-group-comments-on-expected-impact-of-the-charles-sch,data/raw/news/2023-04-18_td-bank-group-comments-on-expected-impact-of-the-charles-sch.json,https://stories.td.com/ca/en/news/2023-04-18-td-bank-group-comments-on-expected-impact-of-the-charles-sch,2026-04-18T02:08:19+00:00,17.0,cc52ad555514e86eab28836ea7bd38bdfd03cb8b846ab658c1e326e9cd12c8da,parsed headline + body
td_newsroom,news_html,2023-04-20_td-bank-group-announces-election-of-directors,data/raw/news/2023-04-20_td-bank-group-announces-election-of-directors.html,https://stories.td.com/ca/en/news/2023-04-20-td-bank-group-announces-election-of-directors,2026-04-18T02:08:20+00:00,,b3bf7cf652332f151c74cc6d8f2c820203547c03d334a7f0cfac127bab6cd8c3,FY2023Q2; TD Bank Group Announces Election of Directors
td_newsroom,news_json,2023-04-20_td-bank-group-announces-election-of-directors,data/raw/news/2023-04-20_td-bank-group-announces-election-of-directors.json,https://stories.td.com/ca/en/news/2023-04-20-td-bank-group-announces-election-of-directors,2026-04-18T02:08:20+00:00,161.0,5bf50263ba9a768309bd49bf76dec12d01aa756258e809c40f00c7dd9493c1ea,parsed headline + body
td_newsroom,news_html,2023-04-24_media-advisory-td-bank-group-to-host-investor-day,data/raw/news/2023-04-24_media-advisory-td-bank-group-to-host-investor-day.html,https://stories.td.com/ca/en/news/2023-04-24-media-advisory---td-bank-group-to-host-investor-day,2026-04-18T02:08:20+00:00,,5b75910728793891a7d8b2a679c786a8a098456034b638b3e0c250395a08d6f8,FY2023Q2; Media Advisory - TD Bank Group to host Investor Day
td_newsroom,news_json,2023-04-24_media-advisory-td-bank-group-to-host-investor-day,data/raw/news/2023-04-24_media-advisory-td-bank-group-to-host-investor-day.json,https://stories.td.com/ca/en/news/2023-04-24-media-advisory---td-bank-group-to-host-investor-day,2026-04-18T02:08:20+00:00,13.0,c550d02c28240a306f30ae3c3c55fe065e9f81909600b30da5b6946756b980bb,parsed headline + body
td_newsroom,news_html,2023-04-27_td-asset-management-inc-launches-a-canadian-bank-etf-and-ex,data/raw/news/2023-04-27_td-asset-management-inc-launches-a-canadian-bank-etf-and-ex.html,https://stories.td.com/ca/en/news/2023-04-27-td-asset-management-inc.-launches-a-canadian-bank-etf-and-ex,2026-04-18T02:08:21+00:00,,9ab2add301fdeb3117984ebcbb0353fe30cac643b81b234ceb205690aaf9fd82,FY2023Q2; TD Asset Management Inc. launches a Canadian Bank ETF and expands its ETF lineup
td_newsroom,news_json,2023-04-27_td-asset-management-inc-launches-a-canadian-bank-etf-and-ex,data/raw/news/2023-04-27_td-asset-management-inc-launches-a-canadian-bank-etf-and-ex.json,https://stories.td.com/ca/en/news/2023-04-27-td-asset-management-inc.-launches-a-canadian-bank-etf-and-ex,2026-04-18T02:08:21+00:00,41.0,d9551972603d348fdf0b53d15a1011c94d638d95a2a2a97af57c08c735ef7e0d,parsed headline + body
td_newsroom,news_html,2023-05-04_media-advisory-td-bank-group-to-release-second-quarter-fin,data/raw/news/2023-05-04_media-advisory-td-bank-group-to-release-second-quarter-fin.html,https://stories.td.com/ca/en/news/2023-05-04-media-advisory---td-bank-group-to-release-second-quarter-fin,2026-04-18T02:08:22+00:00,,453ee8697663e2a53a4e67c010556eaf85ef1ebd9bdbd5a34cdea96c8f988512,FY2023Q3; Media Advisory - TD Bank Group to release second quarter financial results
td_newsroom,news_json,2023-05-04_media-advisory-td-bank-group-to-release-second-quarter-fin,data/raw/news/2023-05-04_media-advisory-td-bank-group-to-release-second-quarter-fin.json,https://stories.td.com/ca/en/news/2023-05-04-media-advisory---td-bank-group-to-release-second-quarter-fin,2026-04-18T02:08:22+00:00,15.0,e3ad4c6996c573a7444f594eda94b836105cd1fb9419fa30f0640d5b0b8ce433,parsed headline + body
td_newsroom,news_html,2023-05-04_td-bank-and-first-horizon-mutually-agree-to-terminate-merger,data/raw/news/2023-05-04_td-bank-and-first-horizon-mutually-agree-to-terminate-merger.html,https://stories.td.com/ca/en/news/2023-05-04-td-bank-and-first-horizon-mutually-agree-to-terminate-merger,2026-04-18T02:08:23+00:00,,cfb46382adeebda80f4fd517e9f2941581c373878098131212f23f3ee8f4e0d9,FY2023Q3; TD Bank and First Horizon Mutually Agree to Terminate Merger Agreement
td_newsroom,news_json,2023-05-04_td-bank-and-first-horizon-mutually-agree-to-terminate-merger,data/raw/news/2023-05-04_td-bank-and-first-horizon-mutually-agree-to-terminate-merger.json,https://stories.td.com/ca/en/news/2023-05-04-td-bank-and-first-horizon-mutually-agree-to-terminate-merger,2026-04-18T02:08:23+00:00,25.0,d622afc1f2664d62745f03a5e24a075967e24cc9d780bb872772ea80b75f8129,parsed headline + body
td_newsroom,news_html,2023-05-05_td-announces-revised-and-extended-long-term-ida-agreement-wi,data/raw/news/2023-05-05_td-announces-revised-and-extended-long-term-ida-agreement-wi.html,https://stories.td.com/ca/en/news/2023-05-05-td-announces-revised-and-extended-long-term-ida-agreement-wi,2026-04-18T02:08:23+00:00,,e564994e17327e0a5e216cfa24a7054026c9dd388dec0b2406f8df3169fdc8ef,FY2023Q3; TD Announces Revised and Extended Long-term IDA Agreement with Schwab
td_newsroom,news_json,2023-05-05_td-announces-revised-and-extended-long-term-ida-agreement-wi,data/raw/news/2023-05-05_td-announces-revised-and-extended-long-term-ida-agreement-wi.json,https://stories.td.com/ca/en/news/2023-05-05-td-announces-revised-and-extended-long-term-ida-agreement-wi,2026-04-18T02:08:23+00:00,13.0,e9f538f41598f86cedea17779cd1d3249e40b42a2d4eb5f6389c8b3928146c41,parsed headline + body
td_newsroom,news_html,2023-05-16_td-asset-management-inc-announces-td-etf-distributions,data/raw/news/2023-05-16_td-asset-management-inc-announces-td-etf-distributions.html,https://stories.td.com/ca/en/news/2023-05-16-td-asset-management-inc.-announces-td-etf-distributions,2026-04-18T02:08:24+00:00,,1ca63591a2277088fbea2a809c65ed84698b09e22332d173be95e6d5204d8327,FY2023Q3; TD Asset Management Inc. Announces TD ETF Distributions
td_newsroom,news_json,2023-05-16_td-asset-management-inc-announces-td-etf-distributions,data/raw/news/2023-05-16_td-asset-management-inc-announces-td-etf-distributions.json,https://stories.td.com/ca/en/news/2023-05-16-td-asset-management-inc.-announces-td-etf-distributions,2026-04-18T02:08:24+00:00,145.0,fd9fd151a785733fbd890efb95db83189a01b89e8416d720d407db9807539989,parsed headline + body
td_newsroom,news_html,2023-05-23_2fr-e-p-e-a-t-media-advisory-td-bank-group-to-release-se,data/raw/news/2023-05-23_2fr-e-p-e-a-t-media-advisory-td-bank-group-to-release-se.html,https://stories.td.com/ca/en/news/2023-05-23--2fr-e-p-e-a-t----media-advisory---td-bank-group-to-release-se,2026-04-18T02:08:25+00:00,,422ea518b0017ab69c249780bc4fcc227b89181165b1632e6e29efc1d4d7fe5f,FY2023Q3; /R E P E A T -- Media Advisory - TD Bank Group to release second quarter financi
td_newsroom,news_json,2023-05-23_2fr-e-p-e-a-t-media-advisory-td-bank-group-to-release-se,data/raw/news/2023-05-23_2fr-e-p-e-a-t-media-advisory-td-bank-group-to-release-se.json,https://stories.td.com/ca/en/news/2023-05-23--2fr-e-p-e-a-t----media-advisory---td-bank-group-to-release-se,2026-04-18T02:08:25+00:00,15.0,a1f5062a66c0d2fe4e854a887dfb284ad94984853de8cc9da91cda9657be5795,parsed headline + body
td_newsroom,news_html,2023-05-23_td-teams-up-with-uber-to-deliver-valuable-perks-to-cardholde,data/raw/news/2023-05-23_td-teams-up-with-uber-to-deliver-valuable-perks-to-cardholde.html,https://stories.td.com/ca/en/news/2023-05-23-td-teams-up-with-uber-to-deliver-valuable-perks-to-cardholde,2026-04-18T02:08:25+00:00,,4e15bbab9c7d0f325d4b1f2157b57f362e597cbe27d89fa376cc38f690fe5c83,"FY2023Q3; TD teams up with Uber to deliver valuable perks to cardholders, while saving on "
td_newsroom,news_json,2023-05-23_td-teams-up-with-uber-to-deliver-valuable-perks-to-cardholde,data/raw/news/2023-05-23_td-teams-up-with-uber-to-deliver-valuable-perks-to-cardholde.json,https://stories.td.com/ca/en/news/2023-05-23-td-teams-up-with-uber-to-deliver-valuable-perks-to-cardholde,2026-04-18T02:08:25+00:00,39.0,cc1f140d62e4866d060e3816b193896d506861f11c9098e76df908c6b61b5cf2,parsed headline + body
td_newsroom,news_html,2023-05-25_the-2023-td-scholarships-for-community-leadership-program-aw,data/raw/news/2023-05-25_the-2023-td-scholarships-for-community-leadership-program-aw.html,https://stories.td.com/ca/en/news/2023-05-25-the-2023-td-scholarships-for-community-leadership-program-aw,2026-04-18T02:08:26+00:00,,ca26249cfe3d9776c93dfdf1f785cffacf7a922e4419325219f6e40ced579cef,FY2023Q3; The 2023 TD Scholarships for Community Leadership program awards $1.4 million to
td_newsroom,news_json,2023-05-25_the-2023-td-scholarships-for-community-leadership-program-aw,data/raw/news/2023-05-25_the-2023-td-scholarships-for-community-leadership-program-aw.json,https://stories.td.com/ca/en/news/2023-05-25-the-2023-td-scholarships-for-community-leadership-program-aw,2026-04-18T02:08:26+00:00,61.0,a7911f8c49c513e1d3b3ccf1a93e4af36b42f7fccb24d5953cffe65c016d591e,parsed headline + body
td_newsroom,news_html,2023-05-25_td-bank-group-announces-intention-to-repurchase-for-cancella,data/raw/news/2023-05-25_td-bank-group-announces-intention-to-repurchase-for-cancella.html,https://stories.td.com/ca/en/news/2023-05-25-td-bank-group-announces-intention-to-repurchase-for-cancella,2026-04-18T02:08:27+00:00,,1d1091447aa74622d271d1a87db901008b41172878eb1e70333c2ebe30efe13c,FY2023Q3; TD Bank Group Announces Intention to Repurchase for Cancellation up to 30 Millio
td_newsroom,news_json,2023-05-25_td-bank-group-announces-intention-to-repurchase-for-cancella,data/raw/news/2023-05-25_td-bank-group-announces-intention-to-repurchase-for-cancella.json,https://stories.td.com/ca/en/news/2023-05-25-td-bank-group-announces-intention-to-repurchase-for-cancella,2026-04-18T02:08:27+00:00,13.0,56a455bac0a409c7289efd68b5d255f42aeaa4219bf6c1ba4e19b79053f715eb,parsed headline + body
td_newsroom,news_html,2023-05-25_td-bank-group-declares-dividends,data/raw/news/2023-05-25_td-bank-group-declares-dividends.html,https://stories.td.com/ca/en/news/2023-05-25-td-bank-group-declares-dividends,2026-04-18T02:08:28+00:00,,e1ad3e10c399c3395f1b02e9cd2194e03bd5ac2651847e995a3ffe3c1556a512,FY2023Q3; TD BANK GROUP DECLARES DIVIDENDS
td_newsroom,news_json,2023-05-25_td-bank-group-declares-dividends,data/raw/news/2023-05-25_td-bank-group-declares-dividends.json,https://stories.td.com/ca/en/news/2023-05-25-td-bank-group-declares-dividends,2026-04-18T02:08:28+00:00,41.0,50cac1f4f1ce9b089f7f5371882774c0074731566b989216b025a9111044fbef,parsed headline + body
td_newsroom,news_html,2023-05-25_td-bank-group-reports-second-quarter-2023-results,data/raw/news/2023-05-25_td-bank-group-reports-second-quarter-2023-results.html,https://stories.td.com/ca/en/news/2023-05-25-td-bank-group-reports-second-quarter-2023-results,2026-04-18T02:08:29+00:00,,a880c49538e920f0ebb654a415007c7915455496ca498f3f93751a58b334bae0,FY2023Q3; TD Bank Group Reports Second Quarter 2023 Results
td_newsroom,news_json,2023-05-25_td-bank-group-reports-second-quarter-2023-results,data/raw/news/2023-05-25_td-bank-group-reports-second-quarter-2023-results.json,https://stories.td.com/ca/en/news/2023-05-25-td-bank-group-reports-second-quarter-2023-results,2026-04-18T02:08:29+00:00,3869.0,7af835f3d0ec6d411ab66a671025de4aa86d5abb92991b2419dc4f0a406559c6,parsed headline + body
td_newsroom,news_html,2023-05-26_td-auto-finance-takes-home-sixth-consecutive-j-d-power-awar,data/raw/news/2023-05-26_td-auto-finance-takes-home-sixth-consecutive-j-d-power-awar.html,https://stories.td.com/ca/en/news/2023-05-26-td-auto-finance-takes-home-sixth-consecutive-j.d.-power-awar,2026-04-18T02:08:30+00:00,,42fde760157671989c8a0a1814b89641763e476421326bc761b0a6ffc7a035a1,FY2023Q3; TD Auto Finance Takes Home Sixth Consecutive J.D. Power Award
td_newsroom,news_json,2023-05-26_td-auto-finance-takes-home-sixth-consecutive-j-d-power-awar,data/raw/news/2023-05-26_td-auto-finance-takes-home-sixth-consecutive-j-d-power-awar.json,https://stories.td.com/ca/en/news/2023-05-26-td-auto-finance-takes-home-sixth-consecutive-j.d.-power-awar,2026-04-18T02:08:30+00:00,23.0,aa18950f1ecb459aeec1424b180f67c51a74154667ea5ae9649cc6c595c41fb0,parsed headline + body
td_newsroom,news_html,2023-06-01_media-advisory-td-bank-group-to-host-investor-day,data/raw/news/2023-06-01_media-advisory-td-bank-group-to-host-investor-day.html,https://stories.td.com/ca/en/news/2023-06-01-media-advisory---td-bank-group-to-host-investor-day,2026-04-18T02:08:31+00:00,,40119ede0c24fca4d892c6882d8137095b0515c5b2ed23cb2f05337273794cc0,FY2023Q3; Media Advisory - TD Bank Group to host Investor Day
td_newsroom,news_json,2023-06-01_media-advisory-td-bank-group-to-host-investor-day,data/raw/news/2023-06-01_media-advisory-td-bank-group-to-host-investor-day.json,https://stories.td.com/ca/en/news/2023-06-01-media-advisory---td-bank-group-to-host-investor-day,2026-04-18T02:08:31+00:00,13.0,c41c5f43721503ac6453daaf7eed9fa3072b5fffe463bd2f55aa4691cfdabdd2,parsed headline + body
td_newsroom,news_html,2023-06-07_td-canada-trust-announces-change-to-td-prime-rate,data/raw/news/2023-06-07_td-canada-trust-announces-change-to-td-prime-rate.html,https://stories.td.com/ca/en/news/2023-06-07-td-canada-trust-announces-change-to-td-prime-rate,2026-04-18T02:08:31+00:00,,4ea1143ce614f83411df315b2fc2b98f3d7916ce31e08b69f0d5a32f4edcbf6e,FY2023Q3; TD Canada Trust announces change to TD Prime Rate
td_newsroom,news_json,2023-06-07_td-canada-trust-announces-change-to-td-prime-rate,data/raw/news/2023-06-07_td-canada-trust-announces-change-to-td-prime-rate.json,https://stories.td.com/ca/en/news/2023-06-07-td-canada-trust-announces-change-to-td-prime-rate,2026-04-18T02:08:31+00:00,7.0,05bd689d5c143b242eb8d29a1abc69b10876e5838acdf8527591ff3b72a2207d,parsed headline + body
td_newsroom,news_html,2023-06-08_j-d-power-ranks-td-231-in-banking-mobile-app-customer-satisf,data/raw/news/2023-06-08_j-d-power-ranks-td-231-in-banking-mobile-app-customer-satisf.html,https://stories.td.com/ca/en/news/2023-06-08-j.d.-power-ranks-td-231-in-banking-mobile-app-customer-satisf,2026-04-18T02:08:32+00:00,,2532edb42e78f388b6eae2cde3454bbdc93c38f2403f9c7e86614e16560abfa6,FY2023Q3; J.D. Power ranks TD #1 in Banking Mobile App customer satisfaction
td_newsroom,news_json,2023-06-08_j-d-power-ranks-td-231-in-banking-mobile-app-customer-satisf,data/raw/news/2023-06-08_j-d-power-ranks-td-231-in-banking-mobile-app-customer-satisf.json,https://stories.td.com/ca/en/news/2023-06-08-j.d.-power-ranks-td-231-in-banking-mobile-app-customer-satisf,2026-04-18T02:08:32+00:00,27.0,8f00efff1ae927c510709b5b236ece38f6b6b4ee8706ebf8832a427c3d764978,parsed headline + body
td_newsroom,news_html,2023-06-16_td-asset-management-inc-announces-td-etf-distributions,data/raw/news/2023-06-16_td-asset-management-inc-announces-td-etf-distributions.html,https://stories.td.com/ca/en/news/2023-06-16-td-asset-management-inc.-announces-td-etf-distributions,2026-04-18T02:08:33+00:00,,e27206014f7c63f12a23e05a45b26277ee96e28750d3ec8991ac98e4588a088a,FY2023Q3; TD Asset Management Inc. Announces TD ETF Distributions
td_newsroom,news_json,2023-06-16_td-asset-management-inc-announces-td-etf-distributions,data/raw/news/2023-06-16_td-asset-management-inc-announces-td-etf-distributions.json,https://stories.td.com/ca/en/news/2023-06-16-td-asset-management-inc.-announces-td-etf-distributions,2026-04-18T02:08:33+00:00,303.0,a642e9f615ec864889ef260ebe3b397532d4b3b092187a51f9057a89dc74c843,parsed headline + body
td_newsroom,news_html,2023-06-21_the-toronto-dominion-bank-receives-regulatory-approval-for-n,data/raw/news/2023-06-21_the-toronto-dominion-bank-receives-regulatory-approval-for-n.html,https://stories.td.com/ca/en/news/2023-06-21-the-toronto-dominion-bank-receives-regulatory-approval-for-n,2026-04-18T02:08:34+00:00,,0372a7097defed6a9289ba8a8851410df6e5698783793d428e689ef6414e263c,FY2023Q3; The Toronto-Dominion Bank Receives Regulatory Approval for Normal Course Issuer 
td_newsroom,news_json,2023-06-21_the-toronto-dominion-bank-receives-regulatory-approval-for-n,data/raw/news/2023-06-21_the-toronto-dominion-bank-receives-regulatory-approval-for-n.json,https://stories.td.com/ca/en/news/2023-06-21-the-toronto-dominion-bank-receives-regulatory-approval-for-n,2026-04-18T02:08:34+00:00,17.0,1c5d22168a6940e68bc8422efd9d507ae44bce5b154debabc8b6cd88c88040c6,parsed headline + body
td_newsroom,news_html,2023-07-06_td-asset-management-celebrates-2410-billion-aum-milestone-in,data/raw/news/2023-07-06_td-asset-management-celebrates-2410-billion-aum-milestone-in.html,https://stories.td.com/ca/en/news/2023-07-06-td-asset-management-celebrates-2410-billion-aum-milestone-in,2026-04-18T02:08:35+00:00,,e4d71a9d537262a8a31248179c3543385bc402eed5f95a4de92c47938b6f48e8,FY2023Q3; TD Asset Management celebrates $10 billion AUM milestone in ETFs
td_newsroom,news_json,2023-07-06_td-asset-management-celebrates-2410-billion-aum-milestone-in,data/raw/news/2023-07-06_td-asset-management-celebrates-2410-billion-aum-milestone-in.json,https://stories.td.com/ca/en/news/2023-07-06-td-asset-management-celebrates-2410-billion-aum-milestone-in,2026-04-18T02:08:35+00:00,57.0,314cc2789f618bec29ab09599a418cf394dab7cea075d78fa00f1263fddbc9fc,parsed headline + body
td_newsroom,news_html,2023-07-12_td-canada-trust-announces-change-to-td-prime-rate,data/raw/news/2023-07-12_td-canada-trust-announces-change-to-td-prime-rate.html,https://stories.td.com/ca/en/news/2023-07-12-td-canada-trust-announces-change-to-td-prime-rate,2026-04-18T02:08:35+00:00,,c161050eaaa01fe75419cdb95bbf4b018830e684c7beda4b31c300a976e281f5,FY2023Q3; TD Canada Trust announces change to TD Prime Rate
td_newsroom,news_json,2023-07-12_td-canada-trust-announces-change-to-td-prime-rate,data/raw/news/2023-07-12_td-canada-trust-announces-change-to-td-prime-rate.json,https://stories.td.com/ca/en/news/2023-07-12-td-canada-trust-announces-change-to-td-prime-rate,2026-04-18T02:08:35+00:00,7.0,6c035b7363ce54e07caa38ea3404eb3efbc7c162cf92170ac5b7d5cb60232436,parsed headline + body
td_newsroom,news_html,2023-07-17_td-asset-management-inc-announces-reductions-to-management,data/raw/news/2023-07-17_td-asset-management-inc-announces-reductions-to-management.html,https://stories.td.com/ca/en/news/2023-07-17-td-asset-management-inc.-announces-reductions-to-management,2026-04-18T02:08:36+00:00,,4060110e4d3cdea0cafdcd3cfef4e48178eaef10744f4087dff491fe77412790,"FY2023Q3; TD Asset Management Inc. announces reductions to management fees, changes to fun"
td_newsroom,news_json,2023-07-17_td-asset-management-inc-announces-reductions-to-management,data/raw/news/2023-07-17_td-asset-management-inc-announces-reductions-to-management.json,https://stories.td.com/ca/en/news/2023-07-17-td-asset-management-inc.-announces-reductions-to-management,2026-04-18T02:08:36+00:00,185.0,5a8d996ba2c005bbd12aaaaea12d6d1c82e64933c7d7c4561732c6f22375b714,parsed headline + body
td_newsroom,news_html,2023-07-18_td-asset-management-inc-announces-td-etf-distributions,data/raw/news/2023-07-18_td-asset-management-inc-announces-td-etf-distributions.html,https://stories.td.com/ca/en/news/2023-07-18-td-asset-management-inc.-announces-td-etf-distributions,2026-04-18T02:08:37+00:00,,69715cd3800acc5b193e421af0e1f5b444269016f3b6666f572025ec47fbf29a,FY2023Q3; TD Asset Management Inc. Announces TD ETF Distributions
td_newsroom,news_json,2023-07-18_td-asset-management-inc-announces-td-etf-distributions,data/raw/news/2023-07-18_td-asset-management-inc-announces-td-etf-distributions.json,https://stories.td.com/ca/en/news/2023-07-18-td-asset-management-inc.-announces-td-etf-distributions,2026-04-18T02:08:37+00:00,143.0,838894a5109341e61d5f5560fe7c3d983480898c2c29a0a011e7261374170aaf,parsed headline + body
td_newsroom,news_html,2023-07-18_td-named-north-america-27s-best-bank-for-corporate-responsibil,data/raw/news/2023-07-18_td-named-north-america-27s-best-bank-for-corporate-responsibil.html,https://stories.td.com/ca/en/news/2023-07-18-td-named-north-america-27s-best-bank-for-corporate-responsibil,2026-04-18T02:08:37+00:00,,341b1b1efe137957bdd916e13b3da05e702676223d53ef7acafeef0caff80d42,FY2023Q3; TD named North America's Best Bank for Corporate Responsibility by Euromoney Awa
td_newsroom,news_json,2023-07-18_td-named-north-america-27s-best-bank-for-corporate-responsibil,data/raw/news/2023-07-18_td-named-north-america-27s-best-bank-for-corporate-responsibil.json,https://stories.td.com/ca/en/news/2023-07-18-td-named-north-america-27s-best-bank-for-corporate-responsibil,2026-04-18T02:08:37+00:00,39.0,1b30833a2282085cace5b0d3b621a6706c18cd511ba33f577093bc57fe81f4fd,parsed headline + body
td_newsroom,news_html,2023-07-19_nearly-3-in-5-canadian-parents-frequently-worry-about-their,data/raw/news/2023-07-19_nearly-3-in-5-canadian-parents-frequently-worry-about-their.html,https://stories.td.com/ca/en/news/2023-07-19-nearly-3-in-5-canadian-parents-frequently-worry-about-their,2026-04-18T02:08:38+00:00,,24315f15068a1bef98ac8852fcba7ba91e4ee5f44d13f549e78e2951f0d220b4,FY2023Q3; Nearly 3 in 5 Canadian parents frequently worry about their children's financial
td_newsroom,news_json,2023-07-19_nearly-3-in-5-canadian-parents-frequently-worry-about-their,data/raw/news/2023-07-19_nearly-3-in-5-canadian-parents-frequently-worry-about-their.json,https://stories.td.com/ca/en/news/2023-07-19-nearly-3-in-5-canadian-parents-frequently-worry-about-their,2026-04-18T02:08:38+00:00,41.0,aa3222740d0f7be370677c47309ef4e1edef354413ec199728c06b58a7d762a0,parsed headline + body
td_newsroom,news_html,2023-07-19_td-bank-group-comments-on-expected-impact-of-the-charles-sch,data/raw/news/2023-07-19_td-bank-group-comments-on-expected-impact-of-the-charles-sch.html,https://stories.td.com/ca/en/news/2023-07-19-td-bank-group-comments-on-expected-impact-of-the-charles-sch,2026-04-18T02:08:39+00:00,,39873d45ad7a73ab0cb20cd3e61cc2300318dc1a0c5c4c27cd99a79a84a1323a,FY2023Q3; TD Bank Group Comments on Expected Impact of the Charles Schwab Corporation's Se
td_newsroom,news_json,2023-07-19_td-bank-group-comments-on-expected-impact-of-the-charles-sch,data/raw/news/2023-07-19_td-bank-group-comments-on-expected-impact-of-the-charles-sch.json,https://stories.td.com/ca/en/news/2023-07-19-td-bank-group-comments-on-expected-impact-of-the-charles-sch,2026-04-18T02:08:39+00:00,17.0,b369d70674eaa04a2c55fadb27703a2caf252952659a8c037d03fe45102bdd40,parsed headline + body
td_newsroom,news_html,2023-07-24_the-2023-td-scholarship-for-indigenous-peoples-awards-first,data/raw/news/2023-07-24_the-2023-td-scholarship-for-indigenous-peoples-awards-first.html,https://stories.td.com/ca/en/news/2023-07-24-the-2023-td-scholarship-for-indigenous-peoples-awards-first,2026-04-18T02:08:39+00:00,,d7bc6aa53fd626fabcc819921119e93568c782a578c7e13e53983c1564016312,FY2023Q3; The 2023 TD Scholarship for Indigenous Peoples awards first cohort of 25 recipie
td_newsroom,news_json,2023-07-24_the-2023-td-scholarship-for-indigenous-peoples-awards-first,data/raw/news/2023-07-24_the-2023-td-scholarship-for-indigenous-peoples-awards-first.json,https://stories.td.com/ca/en/news/2023-07-24-the-2023-td-scholarship-for-indigenous-peoples-awards-first,2026-04-18T02:08:39+00:00,77.0,fee85de94e01203a77bfb4201573be2d5fd464fb725a75835412db58c91cf889,parsed headline + body
td_newsroom,news_html,2023-07-28_td-asset-management-inc-announces-changes-to-the-td-one-cli,data/raw/news/2023-07-28_td-asset-management-inc-announces-changes-to-the-td-one-cli.html,https://stories.td.com/ca/en/news/2023-07-28-td-asset-management-inc.-announces-changes-to-the-td-one-cli,2026-04-18T02:08:40+00:00,,ccaf19485a307cdd16a4953e345a641cd6e3d93a48bb1b1bfe7d1455c7f4ac86,FY2023Q3; TD Asset Management Inc. Announces Changes to the TD One-Click Suite of Exchange
td_newsroom,news_json,2023-07-28_td-asset-management-inc-announces-changes-to-the-td-one-cli,data/raw/news/2023-07-28_td-asset-management-inc-announces-changes-to-the-td-one-cli.json,https://stories.td.com/ca/en/news/2023-07-28-td-asset-management-inc.-announces-changes-to-the-td-one-cli,2026-04-18T02:08:40+00:00,91.0,e84cb808d1fb553099742d86832688bfbd142e25add8e006235004029e6eacd9,parsed headline + body
td_newsroom,news_html,2023-08-01_td-asset-management-inc-announces-capping-of-td-short-term,data/raw/news/2023-08-01_td-asset-management-inc-announces-capping-of-td-short-term.html,https://stories.td.com/ca/en/news/2023-08-01-td-asset-management-inc.-announces-capping-of-td-short-term,2026-04-18T02:08:41+00:00,,a990196fc3e5f949ac69e80cfcd92b91f7fad255991d01e93be2503d3599bc0a,FY2023Q4; TD Asset Management Inc. Announces Capping of TD Short Term Investment Class
td_newsroom,news_json,2023-08-01_td-asset-management-inc-announces-capping-of-td-short-term,data/raw/news/2023-08-01_td-asset-management-inc-announces-capping-of-td-short-term.json,https://stories.td.com/ca/en/news/2023-08-01-td-asset-management-inc.-announces-capping-of-td-short-term,2026-04-18T02:08:41+00:00,19.0,a31354c83405857918312047bbe777294b22200f5b14244d42f9c8d26ad4a5af,parsed headline + body
td_newsroom,news_html,2023-08-03_media-advisory-td-bank-group-to-release-third-quarter-fina,data/raw/news/2023-08-03_media-advisory-td-bank-group-to-release-third-quarter-fina.html,https://stories.td.com/ca/en/news/2023-08-03-media-advisory---td-bank-group-to-release-third-quarter-fina,2026-04-18T02:08:41+00:00,,9fd44cbf6416b88ec6002c47c2fea277c4f46b09b8fa6fce4046114d564b503d,FY2023Q4; Media Advisory - TD Bank Group to release third quarter financial results
td_newsroom,news_json,2023-08-03_media-advisory-td-bank-group-to-release-third-quarter-fina,data/raw/news/2023-08-03_media-advisory-td-bank-group-to-release-third-quarter-fina.json,https://stories.td.com/ca/en/news/2023-08-03-media-advisory---td-bank-group-to-release-third-quarter-fina,2026-04-18T02:08:41+00:00,15.0,3c186a1a0b781c1ad865e2adb9c787534b19aa5d1741c90f92dcc7f647ec421e,parsed headline + body
td_newsroom,news_html,2023-08-09_td-launches-the-2023-td-ready-challenge,data/raw/news/2023-08-09_td-launches-the-2023-td-ready-challenge.html,https://stories.td.com/ca/en/news/2023-08-09-td-launches-the-2023-td-ready-challenge,2026-04-18T02:08:42+00:00,,0d816f1a05bc7ffb3cb58040adbeb8627c62ad04e2102af82dc939b7774c90a8,FY2023Q4; TD launches the 2023 TD Ready Challenge
td_newsroom,news_json,2023-08-09_td-launches-the-2023-td-ready-challenge,data/raw/news/2023-08-09_td-launches-the-2023-td-ready-challenge.json,https://stories.td.com/ca/en/news/2023-08-09-td-launches-the-2023-td-ready-challenge,2026-04-18T02:08:42+00:00,27.0,0dc7408e4df5c072b6a3061f7461df93377a76dabbb02310fc72de62f12a13a7,parsed headline + body
td_newsroom,news_html,2023-08-10_td-asset-management-inc-announces-portfolio-adviser-change,data/raw/news/2023-08-10_td-asset-management-inc-announces-portfolio-adviser-change.html,https://stories.td.com/ca/en/news/2023-08-10-td-asset-management-inc.-announces-portfolio-adviser-change,2026-04-18T02:08:43+00:00,,ce9b7b266936137eba6fda7b60bffcc49fc90612614d6b8a7af541849995d894,FY2023Q4; TD Asset Management Inc. Announces Portfolio Adviser Change for the TD U.S. Blue
td_newsroom,news_json,2023-08-10_td-asset-management-inc-announces-portfolio-adviser-change,data/raw/news/2023-08-10_td-asset-management-inc-announces-portfolio-adviser-change.json,https://stories.td.com/ca/en/news/2023-08-10-td-asset-management-inc.-announces-portfolio-adviser-change,2026-04-18T02:08:43+00:00,31.0,951f6aa1a5e543bf7d1ab8bf1f406c5f637b30b0131d574769cbef9b922b8c90,parsed headline + body
td_newsroom,news_html,2023-08-11_td-bank-announces-redemption-of-3-589-25-medium-term-notes-28no,data/raw/news/2023-08-11_td-bank-announces-redemption-of-3-589-25-medium-term-notes-28no.html,https://stories.td.com/ca/en/news/2023-08-11-td-bank-announces-redemption-of-3.589-25-medium-term-notes-28no,2026-04-18T02:08:44+00:00,,d0bdbea556b294ff47b82c4e290ee8b3524615aa7d4f531f4b15a412b2d76415,FY2023Q4; TD Bank Announces Redemption of 3.589% Medium Term Notes (Non-Viability Continge
td_newsroom,news_json,2023-08-11_td-bank-announces-redemption-of-3-589-25-medium-term-notes-28no,data/raw/news/2023-08-11_td-bank-announces-redemption-of-3-589-25-medium-term-notes-28no.json,https://stories.td.com/ca/en/news/2023-08-11-td-bank-announces-redemption-of-3.589-25-medium-term-notes-28no,2026-04-18T02:08:44+00:00,9.0,ae78500a81a32d39ce09fe6735d677d0cc8e926238687d7ed74c0e31a3987b25,parsed headline + body
td_newsroom,news_html,2023-08-18_td-asset-management-inc-announces-td-etf-distributions,data/raw/news/2023-08-18_td-asset-management-inc-announces-td-etf-distributions.html,https://stories.td.com/ca/en/news/2023-08-18-td-asset-management-inc.-announces-td-etf-distributions,2026-04-18T02:08:44+00:00,,29c53ea1b8221b5acdf2b6df924b62e3c5590ad3d3047c6416bd42fb77cc6374,FY2023Q4; TD Asset Management Inc. Announces TD ETF Distributions
td_newsroom,news_json,2023-08-18_td-asset-management-inc-announces-td-etf-distributions,data/raw/news/2023-08-18_td-asset-management-inc-announces-td-etf-distributions.json,https://stories.td.com/ca/en/news/2023-08-18-td-asset-management-inc.-announces-td-etf-distributions,2026-04-18T02:08:44+00:00,147.0,32ba8d3995b0d3f6094919b7a378e173c8adfd76723f17c163f9147e5975872f,parsed headline + body
td_newsroom,news_html,2023-08-22_2fr-e-p-e-a-t-media-advisory-td-bank-group-to-release-th,data/raw/news/2023-08-22_2fr-e-p-e-a-t-media-advisory-td-bank-group-to-release-th.html,https://stories.td.com/ca/en/news/2023-08-22--2fr-e-p-e-a-t----media-advisory---td-bank-group-to-release-th,2026-04-18T02:08:45+00:00,,0c95a07e3e976816ec79cee94c9e795f6d858fe3bdf7c1b2aae9f0978a79ccfe,FY2023Q4; /R E P E A T -- Media Advisory - TD Bank Group to release third quarter financia
td_newsroom,news_json,2023-08-22_2fr-e-p-e-a-t-media-advisory-td-bank-group-to-release-th,data/raw/news/2023-08-22_2fr-e-p-e-a-t-media-advisory-td-bank-group-to-release-th.json,https://stories.td.com/ca/en/news/2023-08-22--2fr-e-p-e-a-t----media-advisory---td-bank-group-to-release-th,2026-04-18T02:08:45+00:00,15.0,eb7fd8bf6a0e440172740784d8421fd5755f3d5145ed9f78a76c5fb506fd8cfe,parsed headline + body
td_newsroom,news_html,2023-08-23_td-bank-group-announces-new-appointments-to-board-of-directo,data/raw/news/2023-08-23_td-bank-group-announces-new-appointments-to-board-of-directo.html,https://stories.td.com/ca/en/news/2023-08-23-td-bank-group-announces-new-appointments-to-board-of-directo,2026-04-18T02:08:46+00:00,,9ba313842ae88a19329d7ddab98e1088e03b2a8ae494c3356b33765368110692,FY2023Q4; TD Bank Group Announces New Appointments to Board of Directors
td_newsroom,news_json,2023-08-23_td-bank-group-announces-new-appointments-to-board-of-directo,data/raw/news/2023-08-23_td-bank-group-announces-new-appointments-to-board-of-directo.json,https://stories.td.com/ca/en/news/2023-08-23-td-bank-group-announces-new-appointments-to-board-of-directo,2026-04-18T02:08:46+00:00,25.0,c6d3e07531c3fe3ca7e6a14f16fbf9bf26df7cadc9950ca9e0dbabbd01c4d629,parsed headline + body
td_newsroom,news_html,2023-08-24_td-bank-group-announces-intention-to-repurchase-for-cancella,data/raw/news/2023-08-24_td-bank-group-announces-intention-to-repurchase-for-cancella.html,https://stories.td.com/ca/en/news/2023-08-24-td-bank-group-announces-intention-to-repurchase-for-cancella,2026-04-18T02:08:46+00:00,,683185388e517c9accdc347c8d3032bdc6a52d33c930077fe53eb8b10f1b2942,FY2023Q4; TD Bank Group Announces Intention to Repurchase for Cancellation up to 90 Millio
td_newsroom,news_json,2023-08-24_td-bank-group-announces-intention-to-repurchase-for-cancella,data/raw/news/2023-08-24_td-bank-group-announces-intention-to-repurchase-for-cancella.json,https://stories.td.com/ca/en/news/2023-08-24-td-bank-group-announces-intention-to-repurchase-for-cancella,2026-04-18T02:08:46+00:00,15.0,7c39888101ec186763a34dd1cec73c6124ac28c96cdee8a2056ca973ecdb82fd,parsed headline + body
td_newsroom,news_html,2023-08-24_td-bank-group-declares-dividends,data/raw/news/2023-08-24_td-bank-group-declares-dividends.html,https://stories.td.com/ca/en/news/2023-08-24-td-bank-group-declares-dividends,2026-04-18T02:08:47+00:00,,405ec110128e3a4002486888010a3ce820af67fa47ac4952c44db315f5e6eac5,FY2023Q4; TD BANK GROUP DECLARES DIVIDENDS
td_newsroom,news_json,2023-08-24_td-bank-group-declares-dividends,data/raw/news/2023-08-24_td-bank-group-declares-dividends.json,https://stories.td.com/ca/en/news/2023-08-24-td-bank-group-declares-dividends,2026-04-18T02:08:47+00:00,45.0,5f64967e584fad2d964f01b95c4c8069374ae71078dfddb360fab5269f42eacb,parsed headline + body
td_newsroom,news_html,2023-08-24_td-bank-group-reports-third-quarter-2023-results,data/raw/news/2023-08-24_td-bank-group-reports-third-quarter-2023-results.html,https://stories.td.com/ca/en/news/2023-08-24-td-bank-group-reports-third-quarter-2023-results,2026-04-18T02:08:48+00:00,,b09c2a78aaff9e023bc7d9d064a0e6034e8db49164ba668cb666fd6c38203f55,FY2023Q4; TD Bank Group Reports Third Quarter 2023 Results
td_newsroom,news_json,2023-08-24_td-bank-group-reports-third-quarter-2023-results,data/raw/news/2023-08-24_td-bank-group-reports-third-quarter-2023-results.json,https://stories.td.com/ca/en/news/2023-08-24-td-bank-group-reports-third-quarter-2023-results,2026-04-18T02:08:48+00:00,3975.0,e1960c3fcba9ef4300047492c4a236669a06a5cdd92247a6ad3ab4d0d90142a2,parsed headline + body
td_newsroom,news_html,2023-08-28_the-toronto-dominion-bank-receives-regulatory-approval-for-n,data/raw/news/2023-08-28_the-toronto-dominion-bank-receives-regulatory-approval-for-n.html,https://stories.td.com/ca/en/news/2023-08-28-the-toronto-dominion-bank-receives-regulatory-approval-for-n,2026-04-18T02:08:49+00:00,,9d1078bb6a9b0ac8105b79196638655089519711b2a9b8d3beaebc255c761b06,FY2023Q4; The Toronto-Dominion Bank Receives Regulatory Approval for Normal Course Issuer 
td_newsroom,news_json,2023-08-28_the-toronto-dominion-bank-receives-regulatory-approval-for-n,data/raw/news/2023-08-28_the-toronto-dominion-bank-receives-regulatory-approval-for-n.json,https://stories.td.com/ca/en/news/2023-08-28-the-toronto-dominion-bank-receives-regulatory-approval-for-n,2026-04-18T02:08:49+00:00,21.0,622da3b34f86a94071b051a3b748e9c0001e2bddf232c283ec641dceb2d0f838,parsed headline + body
td_newsroom,news_html,2023-08-28_media-advisory-td-bank-group-executive-to-present-at-the-s,data/raw/news/2023-08-28_media-advisory-td-bank-group-executive-to-present-at-the-s.html,https://stories.td.com/ca/en/news/2023-08-28-media-advisory---td-bank-group-executive-to-present-at-the-s,2026-04-18T02:08:49+00:00,,fe535c75afe0f619fa74b4ca0f2c09f87e2665810d245431a3afcb3f20a7fd16,FY2023Q4; MEDIA ADVISORY - TD Bank Group Executive to Present at the Scotiabank Financials
td_newsroom,news_json,2023-08-28_media-advisory-td-bank-group-executive-to-present-at-the-s,data/raw/news/2023-08-28_media-advisory-td-bank-group-executive-to-present-at-the-s.json,https://stories.td.com/ca/en/news/2023-08-28-media-advisory---td-bank-group-executive-to-present-at-the-s,2026-04-18T02:08:49+00:00,7.0,d81567d601f71cddea499c60d94b1214d5f9d7e80b030e6074671ab3d6805f6a,parsed headline + body
td_newsroom,news_html,2023-08-29_three-quarters-of-former-canadian-students-believe-current-s,data/raw/news/2023-08-29_three-quarters-of-former-canadian-students-believe-current-s.html,https://stories.td.com/ca/en/news/2023-08-29-three-quarters-of-former-canadian-students-believe-current-s,2026-04-18T02:08:50+00:00,,49f6c435d6ae69bd151eebdae18ce195f533f4f1000ab5651b9d705686cd211a,FY2023Q4; Three-quarters of former Canadian students believe current students face more fi
td_newsroom,news_json,2023-08-29_three-quarters-of-former-canadian-students-believe-current-s,data/raw/news/2023-08-29_three-quarters-of-former-canadian-students-believe-current-s.json,https://stories.td.com/ca/en/news/2023-08-29-three-quarters-of-former-canadian-students-believe-current-s,2026-04-18T02:08:50+00:00,33.0,7153af2ce9443021519509671bdb68cbca3d2572de2c8248773a6213250760ff,parsed headline + body
td_newsroom,news_html,2023-08-31_media-advisory-td-bank-group-executive-to-present-at-the-b,data/raw/news/2023-08-31_media-advisory-td-bank-group-executive-to-present-at-the-b.html,https://stories.td.com/ca/en/news/2023-08-31-media-advisory---td-bank-group-executive-to-present-at-the-b,2026-04-18T02:08:50+00:00,,130685020867049b05dc3890c2985e52485ed24e60c384c51cf1cb24eb498c53,FY2023Q4; MEDIA ADVISORY - TD Bank Group Executive to Present at the Barclays Global Finan
td_newsroom,news_json,2023-08-31_media-advisory-td-bank-group-executive-to-present-at-the-b,data/raw/news/2023-08-31_media-advisory-td-bank-group-executive-to-present-at-the-b.json,https://stories.td.com/ca/en/news/2023-08-31-media-advisory---td-bank-group-executive-to-present-at-the-b,2026-04-18T02:08:50+00:00,7.0,4fbdce66e3408e05b2eee9be34491dc37c13318293d440ad78a9168f356ea609,parsed headline + body
td_newsroom,news_html,2023-09-01_td-asset-management-inc-streamlines-suite-of-all-in-one-td,data/raw/news/2023-09-01_td-asset-management-inc-streamlines-suite-of-all-in-one-td.html,https://stories.td.com/ca/en/news/2023-09-01-td-asset-management-inc.-streamlines-suite-of-all-in-one-td,2026-04-18T02:08:52+00:00,,dd71972d54dafe77a74003c1efa30e2f89cb6ddb532d123384aee51bb134b634,FY2023Q4; TD Asset Management Inc. Streamlines Suite of all-in-one TD ETF Portfolio Soluti
td_newsroom,news_json,2023-09-01_td-asset-management-inc-streamlines-suite-of-all-in-one-td,data/raw/news/2023-09-01_td-asset-management-inc-streamlines-suite-of-all-in-one-td.json,https://stories.td.com/ca/en/news/2023-09-01-td-asset-management-inc.-streamlines-suite-of-all-in-one-td,2026-04-18T02:08:52+00:00,97.0,c19af4898431a9f4da1c1f4062d2c07134a3fa6e9be6f033c8caf8a8936f8cc6,parsed headline + body
td_newsroom,news_html,2023-09-05_media-advisory-td-bank-group-executive-to-present-at-the-s,data/raw/news/2023-09-05_media-advisory-td-bank-group-executive-to-present-at-the-s.html,https://stories.td.com/ca/en/news/2023-09-05-media-advisory---td-bank-group-executive-to-present-at-the-s,2026-04-18T02:08:52+00:00,,878d8011ea33b68627e204d86e95b9b39269f8127958048bfe1d7b74e37882a5,FY2023Q4; MEDIA ADVISORY - TD Bank Group Executive to Present at the Scotiabank Financials
td_newsroom,news_json,2023-09-05_media-advisory-td-bank-group-executive-to-present-at-the-s,data/raw/news/2023-09-05_media-advisory-td-bank-group-executive-to-present-at-the-s.json,https://stories.td.com/ca/en/news/2023-09-05-media-advisory---td-bank-group-executive-to-present-at-the-s,2026-04-18T02:08:52+00:00,7.0,29c70df0a84207441e42c9ae05504c1d294f754a164fdfb780007dd759dcb096,parsed headline + body
td_newsroom,news_html,2023-09-06_td-scholarship-for-indigenous-peoples-call-for-2024-applicat,data/raw/news/2023-09-06_td-scholarship-for-indigenous-peoples-call-for-2024-applicat.html,https://stories.td.com/ca/en/news/2023-09-06-td-scholarship-for-indigenous-peoples-call-for-2024-applicat,2026-04-18T02:08:53+00:00,,65db40b9f4be583409bf5a27235ad36d3c7e6eea887036a1cc6f0c5555c8a167,FY2023Q4; TD Scholarship for Indigenous Peoples call for 2024 applications
td_newsroom,news_json,2023-09-06_td-scholarship-for-indigenous-peoples-call-for-2024-applicat,data/raw/news/2023-09-06_td-scholarship-for-indigenous-peoples-call-for-2024-applicat.json,https://stories.td.com/ca/en/news/2023-09-06-td-scholarship-for-indigenous-peoples-call-for-2024-applicat,2026-04-18T02:08:53+00:00,23.0,67aa1f446c7e86120c9d5bfcaa919be7913ed0b58474c7eb599e0ba72520e5e7,parsed headline + body
td_newsroom,news_html,2023-09-12_td-asset-management-inc-expands-its-u-s-equity-and-currenc,data/raw/news/2023-09-12_td-asset-management-inc-expands-its-u-s-equity-and-currenc.html,https://stories.td.com/ca/en/news/2023-09-12-td-asset-management-inc.-expands-its-u.s.-equity-and-currenc,2026-04-18T02:08:54+00:00,,82063a942b66af885ccb29599da9ac119134f0636851ff531291259ca5023402,FY2023Q4; TD Asset Management Inc. expands its U.S. Equity and Currency Neutral Mutual Fun
td_newsroom,news_json,2023-09-12_td-asset-management-inc-expands-its-u-s-equity-and-currenc,data/raw/news/2023-09-12_td-asset-management-inc-expands-its-u-s-equity-and-currenc.json,https://stories.td.com/ca/en/news/2023-09-12-td-asset-management-inc.-expands-its-u.s.-equity-and-currenc,2026-04-18T02:08:54+00:00,49.0,519a4c21ce6267082bec900f6c65cd5be2e5814629188933d2b01e6934ffc7fe,parsed headline + body
td_newsroom,news_html,2023-09-18_td-asset-management-inc-announces-td-etf-distributions,data/raw/news/2023-09-18_td-asset-management-inc-announces-td-etf-distributions.html,https://stories.td.com/ca/en/news/2023-09-18-td-asset-management-inc.-announces-td-etf-distributions,2026-04-18T02:08:54+00:00,,cd7f0ec596aa84e151a496dbed090906e216fa343d31180011fd04503250bb2f,FY2023Q4; TD Asset Management Inc. Announces TD ETF Distributions
td_newsroom,news_json,2023-09-18_td-asset-management-inc-announces-td-etf-distributions,data/raw/news/2023-09-18_td-asset-management-inc-announces-td-etf-distributions.json,https://stories.td.com/ca/en/news/2023-09-18-td-asset-management-inc.-announces-td-etf-distributions,2026-04-18T02:08:54+00:00,303.0,b83693b13d59fda313850746613fd8572fb1cd30835eb7b2db91fff241faf79f,parsed headline + body
td_newsroom,news_html,2023-09-21_td-bank-group-releases-2023-report-td-and-indigenous-commu,data/raw/news/2023-09-21_td-bank-group-releases-2023-report-td-and-indigenous-commu.html,https://stories.td.com/ca/en/news/2023-09-21-td-bank-group-releases-2023-report---td-and-indigenous-commu,2026-04-18T02:08:55+00:00,,9b6f33fba27f1740df0303932b6d1b0edae4d229228788579d40d4ce3308c192,FY2023Q4; TD Bank Group Releases 2023 Report - TD and Indigenous Communities in Canada
td_newsroom,news_json,2023-09-21_td-bank-group-releases-2023-report-td-and-indigenous-commu,data/raw/news/2023-09-21_td-bank-group-releases-2023-report-td-and-indigenous-commu.json,https://stories.td.com/ca/en/news/2023-09-21-td-bank-group-releases-2023-report---td-and-indigenous-commu,2026-04-18T02:08:55+00:00,27.0,386ae4a12897d3df0f9bf0d89553e2c3d39fa122eae96ccf7ca3f8ae2dde92af,parsed headline + body
td_newsroom,news_html,2023-09-21_media-event-advisory-join-the-national-indian-brotherhood,data/raw/news/2023-09-21_media-event-advisory-join-the-national-indian-brotherhood.html,https://stories.td.com/ca/en/news/2023-09-21-media-event-advisory---join-the-national-indian-brotherhood,2026-04-18T02:08:56+00:00,,69ac9bb3ff386b50aba66fc034f9c944ecfa0318d7304d73b466306622e94958,FY2023Q4; Media Event Advisory - Join the National Indian Brotherhood Trust Fund for the B
td_newsroom,news_json,2023-09-21_media-event-advisory-join-the-national-indian-brotherhood,data/raw/news/2023-09-21_media-event-advisory-join-the-national-indian-brotherhood.json,https://stories.td.com/ca/en/news/2023-09-21-media-event-advisory---join-the-national-indian-brotherhood,2026-04-18T02:08:56+00:00,41.0,aeb6d99b3cc49239146662ce6435a1c78ebd229618d7f8078c580e6d9444c384,parsed headline + body
td_newsroom,news_html,2023-09-22_td-bank-group-announces-redemption-of-non-cumulative-5-year,data/raw/news/2023-09-22_td-bank-group-announces-redemption-of-non-cumulative-5-year.html,https://stories.td.com/ca/en/news/2023-09-22-td-bank-group-announces-redemption-of-non-cumulative-5-year,2026-04-18T02:08:57+00:00,,9a17313ea150e942dea3be33098f0871fef7ce9c166c20ed1cee644cfa9d4f22,FY2023Q4; TD Bank Group Announces Redemption of Non-Cumulative 5-Year Rate Reset Class A F
td_newsroom,news_json,2023-09-22_td-bank-group-announces-redemption-of-non-cumulative-5-year,data/raw/news/2023-09-22_td-bank-group-announces-redemption-of-non-cumulative-5-year.json,https://stories.td.com/ca/en/news/2023-09-22-td-bank-group-announces-redemption-of-non-cumulative-5-year,2026-04-18T02:08:57+00:00,11.0,21b48b5d7abafd8e9116bb9ca8f6e4d73adc9e389f6ca000248b291ecd4b3d4a,parsed headline + body
td_newsroom,news_html,2023-09-26_td-asset-management-launches-new-commodities-mutual-fund-poo,data/raw/news/2023-09-26_td-asset-management-launches-new-commodities-mutual-fund-poo.html,https://stories.td.com/ca/en/news/2023-09-26-td-asset-management-launches-new-commodities-mutual-fund-poo,2026-04-18T02:08:57+00:00,,947c34333eff406620c1ef515cbb31757be78118924e9269d51e550be9a88e53,FY2023Q4; TD Asset Management Launches New Commodities Mutual Fund Pool
td_newsroom,news_json,2023-09-26_td-asset-management-launches-new-commodities-mutual-fund-poo,data/raw/news/2023-09-26_td-asset-management-launches-new-commodities-mutual-fund-poo.json,https://stories.td.com/ca/en/news/2023-09-26-td-asset-management-launches-new-commodities-mutual-fund-poo,2026-04-18T02:08:57+00:00,39.0,a2ae97777ad377736f2a1e36c9d05bef1cac56c849fe29a200d696d677266bf5,parsed headline + body
td_newsroom,news_html,2023-09-27_td-lab-launches-accessibility-tool-for-public-use-at-no-cost,data/raw/news/2023-09-27_td-lab-launches-accessibility-tool-for-public-use-at-no-cost.html,https://stories.td.com/ca/en/news/2023-09-27-td-lab-launches-accessibility-tool-for-public-use-at-no-cost,2026-04-18T02:08:58+00:00,,d71cd4cfd101d3c059659e21a43abf7f86d725fd461ca8e7103d94d177d3f69c,FY2023Q4; TD Lab launches accessibility tool for public use at no cost to help drive inclu
td_newsroom,news_json,2023-09-27_td-lab-launches-accessibility-tool-for-public-use-at-no-cost,data/raw/news/2023-09-27_td-lab-launches-accessibility-tool-for-public-use-at-no-cost.json,https://stories.td.com/ca/en/news/2023-09-27-td-lab-launches-accessibility-tool-for-public-use-at-no-cost,2026-04-18T02:08:58+00:00,59.0,7eff4b685ed03128456589bcb0efac631d8331a35972f52af392ec4c1f9ae2b9,parsed headline + body
td_newsroom,news_html,2023-09-28_td-announces-245-million-donation-to-future-generations-found,data/raw/news/2023-09-28_td-announces-245-million-donation-to-future-generations-found.html,https://stories.td.com/ca/en/news/2023-09-28-td-announces-245-million-donation-to-future-generations-found,2026-04-18T02:08:59+00:00,,cf99bb9063029ac7b6c69ca5fa9f131c33b06e7a1017bcc526448eb8f5f456af,FY2023Q4; TD Announces $5 Million Donation to Future Generations Foundation's Beyond Recon
td_newsroom,news_json,2023-09-28_td-announces-245-million-donation-to-future-generations-found,data/raw/news/2023-09-28_td-announces-245-million-donation-to-future-generations-found.json,https://stories.td.com/ca/en/news/2023-09-28-td-announces-245-million-donation-to-future-generations-found,2026-04-18T02:08:59+00:00,27.0,ed07b5b91d236cbbe46db1ff98ded2ae1b3069799cf415654831ae4f841a23e5,parsed headline + body
td_newsroom,news_html,2023-10-12_td-donates-24250-2c000-to-support-humanitarian-aid-efforts-in-m,data/raw/news/2023-10-12_td-donates-24250-2c000-to-support-humanitarian-aid-efforts-in-m.html,https://stories.td.com/ca/en/news/2023-10-12-td-donates-24250-2c000-to-support-humanitarian-aid-efforts-in-m,2026-04-18T02:08:59+00:00,,fc636c5732e05e5362598e795adf3dd13ac337d00b2652d8eec6bc976fb90e9a,"FY2023Q4; TD donates $250,000 to support humanitarian aid efforts in Middle East"
td_newsroom,news_json,2023-10-12_td-donates-24250-2c000-to-support-humanitarian-aid-efforts-in-m,data/raw/news/2023-10-12_td-donates-24250-2c000-to-support-humanitarian-aid-efforts-in-m.json,https://stories.td.com/ca/en/news/2023-10-12-td-donates-24250-2c000-to-support-humanitarian-aid-efforts-in-m,2026-04-18T02:08:59+00:00,15.0,93df300f76a5b927824d8a36913cb480ccc4dcfa500c3a6c7ff3480255bee9ab,parsed headline + body
td_newsroom,news_html,2023-10-17_td-bank-group-comments-on-expected-impact-of-the-charles-sch,data/raw/news/2023-10-17_td-bank-group-comments-on-expected-impact-of-the-charles-sch.html,https://stories.td.com/ca/en/news/2023-10-17-td-bank-group-comments-on-expected-impact-of-the-charles-sch,2026-04-18T02:09:00+00:00,,5f1f180c767f895c445f89744f1f0630724189fdf6209cee3fbb151735d6886a,FY2023Q4; TD Bank Group Comments on Expected Impact of the Charles Schwab Corporation's Th
td_newsroom,news_json,2023-10-17_td-bank-group-comments-on-expected-impact-of-the-charles-sch,data/raw/news/2023-10-17_td-bank-group-comments-on-expected-impact-of-the-charles-sch.json,https://stories.td.com/ca/en/news/2023-10-17-td-bank-group-comments-on-expected-impact-of-the-charles-sch,2026-04-18T02:09:00+00:00,19.0,8d3d0ec9c350dd6b8cd3fc4817a7c1fc9c8d15cbda8b29b9dc7cd8b9ff23fefe,parsed headline + body
td_newsroom,news_html,2023-10-18_td-asset-management-inc-announces-td-etf-distributions,data/raw/news/2023-10-18_td-asset-management-inc-announces-td-etf-distributions.html,https://stories.td.com/ca/en/news/2023-10-18-td-asset-management-inc.-announces-td-etf-distributions,2026-04-18T02:09:01+00:00,,723d8472b0982d33357e184a8f5819b058da82db6a51aa93e14e7df277877e1b,FY2023Q4; TD Asset Management Inc. Announces TD ETF Distributions
td_newsroom,news_json,2023-10-18_td-asset-management-inc-announces-td-etf-distributions,data/raw/news/2023-10-18_td-asset-management-inc-announces-td-etf-distributions.json,https://stories.td.com/ca/en/news/2023-10-18-td-asset-management-inc.-announces-td-etf-distributions,2026-04-18T02:09:01+00:00,143.0,3a69b0238ccd00c99e369d9adc3646448cf6721658fa5da4874ab99a4f7782db,parsed headline + body
td_newsroom,news_html,2023-10-19_td-named-best-consumer-digital-bank-in-north-america-for-thi,data/raw/news/2023-10-19_td-named-best-consumer-digital-bank-in-north-america-for-thi.html,https://stories.td.com/ca/en/news/2023-10-19-td-named-best-consumer-digital-bank-in-north-america-for-thi,2026-04-18T02:09:01+00:00,,7180df69b607c43c6120986bed531321bc908bcb08f43e4cae24bee8dbbca1cd,FY2023Q4; TD named Best Consumer Digital Bank in North America for third consecutive year 
td_newsroom,news_json,2023-10-19_td-named-best-consumer-digital-bank-in-north-america-for-thi,data/raw/news/2023-10-19_td-named-best-consumer-digital-bank-in-north-america-for-thi.json,https://stories.td.com/ca/en/news/2023-10-19-td-named-best-consumer-digital-bank-in-north-america-for-thi,2026-04-18T02:09:01+00:00,43.0,9ede26cf87e4390d1be8bf6e07a2de15fe626f95b7b28cde133747c3165f1072,parsed headline + body
td_newsroom,news_html,2023-10-23_td-donates-additional-24500-2c000-to-support-humanitarian-aid-f,data/raw/news/2023-10-23_td-donates-additional-24500-2c000-to-support-humanitarian-aid-f.html,https://stories.td.com/ca/en/news/2023-10-23-td-donates-additional-24500-2c000-to-support-humanitarian-aid-f,2026-04-18T02:09:02+00:00,,ff86c07e0cdadf43ad06f655605499601d07ff4a3bf4068f1f797748a381e870,"FY2023Q4; TD donates additional $500,000 to support humanitarian aid for children in Middl"
td_newsroom,news_json,2023-10-23_td-donates-additional-24500-2c000-to-support-humanitarian-aid-f,data/raw/news/2023-10-23_td-donates-additional-24500-2c000-to-support-humanitarian-aid-f.json,https://stories.td.com/ca/en/news/2023-10-23-td-donates-additional-24500-2c000-to-support-humanitarian-aid-f,2026-04-18T02:09:02+00:00,17.0,6c595f0aae8e90c0ec4f98a6f001bbcf2a5b03f91192e16c3ff1b236739c83a0,parsed headline + body
td_newsroom,news_html,2023-10-27_td-asset-management-inc-announces-risk-rating-change-for-td,data/raw/news/2023-10-27_td-asset-management-inc-announces-risk-rating-change-for-td.html,https://stories.td.com/ca/en/news/2023-10-27-td-asset-management-inc.-announces-risk-rating-change-for-td,2026-04-18T02:09:03+00:00,,9b6c5fa7958bb588e9d52fb5799bd712424f5ce04165fac038c795b07a473120,FY2023Q4; TD Asset Management Inc. Announces Risk Rating Change for TD Q Global Dividend E
td_newsroom,news_json,2023-10-27_td-asset-management-inc-announces-risk-rating-change-for-td,data/raw/news/2023-10-27_td-asset-management-inc-announces-risk-rating-change-for-td.json,https://stories.td.com/ca/en/news/2023-10-27-td-asset-management-inc.-announces-risk-rating-change-for-td,2026-04-18T02:09:03+00:00,19.0,407710e38f9a2d0713eb1e8898cc2c19deb73a55fb99e4fbe0278f41beb13a4a,parsed headline + body
td_newsroom,news_html,2023-10-30_td-donates-24250-2c000-toward-community-support-programs-aimed,data/raw/news/2023-10-30_td-donates-24250-2c000-toward-community-support-programs-aimed.html,https://stories.td.com/ca/en/news/2023-10-30-td-donates-24250-2c000-toward-community-support-programs-aimed,2026-04-18T02:09:03+00:00,,7a06912704b3645a644724dad937c487dd300ac1d80b68c80f20d64a339883c4,"FY2023Q4; TD donates $250,000 toward community support programs aimed at combatting discri"
td_newsroom,news_json,2023-10-30_td-donates-24250-2c000-toward-community-support-programs-aimed,data/raw/news/2023-10-30_td-donates-24250-2c000-toward-community-support-programs-aimed.json,https://stories.td.com/ca/en/news/2023-10-30-td-donates-24250-2c000-toward-community-support-programs-aimed,2026-04-18T02:09:03+00:00,21.0,ea5052d19bd27c1dd2d41764f8244f0a03483f5e6dcef71854919796dcfd3bdb,parsed headline + body
td_newsroom,news_html,2023-11-01_1pointfive-and-td-announce-one-of-the-finance-industry-27s-lar,data/raw/news/2023-11-01_1pointfive-and-td-announce-one-of-the-finance-industry-27s-lar.html,https://stories.td.com/ca/en/news/2023-11-01-1pointfive-and-td-announce-one-of-the-finance-industry-27s-lar,2026-04-18T02:09:04+00:00,,991ef77e589079bdaa134d8d1bc77a2aecff4fe4d67a45e5ace93bd0bcb963a2,FY2024Q1; 1PointFive and TD Announce One of the Finance Industry's Largest Purchases of Di
td_newsroom,news_json,2023-11-01_1pointfive-and-td-announce-one-of-the-finance-industry-27s-lar,data/raw/news/2023-11-01_1pointfive-and-td-announce-one-of-the-finance-industry-27s-lar.json,https://stories.td.com/ca/en/news/2023-11-01-1pointfive-and-td-announce-one-of-the-finance-industry-27s-lar,2026-04-18T02:09:04+00:00,55.0,13f8831944876523a71abc558629e77f9da20eae02909e9f78ab2e7fa9f78b5b,parsed headline + body
td_newsroom,news_html,2023-11-09_media-advisory-td-bank-group-to-release-fourth-quarter-fin,data/raw/news/2023-11-09_media-advisory-td-bank-group-to-release-fourth-quarter-fin.html,https://stories.td.com/ca/en/news/2023-11-09-media-advisory---td-bank-group-to-release-fourth-quarter-fin,2026-04-18T02:09:05+00:00,,e19007e15c16f56c684f962a3f85491a545a94e4633c011b0ede2d0414451ffc,FY2024Q1; Media Advisory - TD Bank Group to release fourth quarter financial results
td_newsroom,news_json,2023-11-09_media-advisory-td-bank-group-to-release-fourth-quarter-fin,data/raw/news/2023-11-09_media-advisory-td-bank-group-to-release-fourth-quarter-fin.json,https://stories.td.com/ca/en/news/2023-11-09-media-advisory---td-bank-group-to-release-fourth-quarter-fin,2026-04-18T02:09:05+00:00,15.0,d331aa7553bb76943b2ae17b8918ec152484de729f9fa7aa9d9fd6bdfb355445,parsed headline + body
td_newsroom,news_html,2023-11-10_td-asset-management-inc-recognized-in-five-categories-at-th,data/raw/news/2023-11-10_td-asset-management-inc-recognized-in-five-categories-at-th.html,https://stories.td.com/ca/en/news/2023-11-10-td-asset-management-inc.-recognized-in-five-categories-at-th,2026-04-18T02:09:06+00:00,,520538d8fdefac6ac5737d99e5ce8dec345bc46f8069e6fb373dec63423a2810,FY2024Q1; TD Asset Management Inc. Recognized in Five Categories at the 2023 Canada LSEG L
td_newsroom,news_json,2023-11-10_td-asset-management-inc-recognized-in-five-categories-at-th,data/raw/news/2023-11-10_td-asset-management-inc-recognized-in-five-categories-at-th.json,https://stories.td.com/ca/en/news/2023-11-10-td-asset-management-inc.-recognized-in-five-categories-at-th,2026-04-18T02:09:06+00:00,99.0,6546fde588c8fd8bc6803e6631a9c9e9a59b49b09770627b02ddefaddb3442e1,parsed headline + body
td_newsroom,news_html,2023-11-14_td-direct-investing-launches-new-state-of-the-art-online-tra,data/raw/news/2023-11-14_td-direct-investing-launches-new-state-of-the-art-online-tra.html,https://stories.td.com/ca/en/news/2023-11-14-td-direct-investing-launches-new-state-of-the-art-online-tra,2026-04-18T02:09:06+00:00,,09c5440934f0e9860936878df68c856b70afa9b8e2b74b8eb25423dfc64febe9,FY2024Q1; TD Direct Investing launches new state-of-the-art online trading platform TD Act
td_newsroom,news_json,2023-11-14_td-direct-investing-launches-new-state-of-the-art-online-tra,data/raw/news/2023-11-14_td-direct-investing-launches-new-state-of-the-art-online-tra.json,https://stories.td.com/ca/en/news/2023-11-14-td-direct-investing-launches-new-state-of-the-art-online-tra,2026-04-18T02:09:06+00:00,33.0,c2b32d00f3efe4e61e4296a3021c4579408e09cf007d7bc617496f12dfde78d0,parsed headline + body
td_newsroom,news_html,2023-11-16_td-asset-management-inc-announces-td-etf-distributions,data/raw/news/2023-11-16_td-asset-management-inc-announces-td-etf-distributions.html,https://stories.td.com/ca/en/news/2023-11-16-td-asset-management-inc.-announces-td-etf-distributions,2026-04-18T02:09:07+00:00,,1fe70f4553951787308ad9e045c410b17c4007f62926ff4a4d26a49cb8f257a7,FY2024Q1; TD Asset Management Inc. Announces TD ETF Distributions
td_newsroom,news_json,2023-11-16_td-asset-management-inc-announces-td-etf-distributions,data/raw/news/2023-11-16_td-asset-management-inc-announces-td-etf-distributions.json,https://stories.td.com/ca/en/news/2023-11-16-td-asset-management-inc.-announces-td-etf-distributions,2026-04-18T02:09:07+00:00,143.0,8152f7e5d595f90552915b85adbf61b6acca52f4d7f2e5c5b3cf645197bd1be9,parsed headline + body
td_newsroom,news_html,2023-11-17_td-asset-management-inc-announces-estimated-annual-reinvest,data/raw/news/2023-11-17_td-asset-management-inc-announces-estimated-annual-reinvest.html,https://stories.td.com/ca/en/news/2023-11-17-td-asset-management-inc.-announces-estimated-annual-reinvest,2026-04-18T02:09:08+00:00,,845d76a5696cd5f86735b40432a492fd611f614123eba3274ea19562396b55b8,FY2024Q1; TD Asset Management Inc. Announces Estimated Annual Reinvested Distributions for
td_newsroom,news_json,2023-11-17_td-asset-management-inc-announces-estimated-annual-reinvest,data/raw/news/2023-11-17_td-asset-management-inc-announces-estimated-annual-reinvest.json,https://stories.td.com/ca/en/news/2023-11-17-td-asset-management-inc.-announces-estimated-annual-reinvest,2026-04-18T02:09:08+00:00,285.0,1cca64c8d2e3f47ebe814c67eb0249798fee2e09d6c147b49d2bf11457965732,parsed headline + body
td_newsroom,news_html,2023-11-28_2fr-e-p-e-a-t-media-advisory-td-bank-group-to-release-fo,data/raw/news/2023-11-28_2fr-e-p-e-a-t-media-advisory-td-bank-group-to-release-fo.html,https://stories.td.com/ca/en/news/2023-11-28--2fr-e-p-e-a-t----media-advisory---td-bank-group-to-release-fo,2026-04-18T02:09:09+00:00,,7fcbefa4b07c3758a078b006d69f8c78bea101f8dc7f95dadc25ee04812395d1,FY2024Q1; /R E P E A T -- Media Advisory - TD Bank Group to release fourth quarter financi
td_newsroom,news_json,2023-11-28_2fr-e-p-e-a-t-media-advisory-td-bank-group-to-release-fo,data/raw/news/2023-11-28_2fr-e-p-e-a-t-media-advisory-td-bank-group-to-release-fo.json,https://stories.td.com/ca/en/news/2023-11-28--2fr-e-p-e-a-t----media-advisory---td-bank-group-to-release-fo,2026-04-18T02:09:09+00:00,15.0,c4f6b355efe2b8ca8d25602d4b9060a96624c83f2457858eb9e842b0136bda20,parsed headline + body
td_newsroom,news_html,2023-11-28_new-td-study-reveals-distinct-giving-behaviour-among-canadia,data/raw/news/2023-11-28_new-td-study-reveals-distinct-giving-behaviour-among-canadia.html,https://stories.td.com/ca/en/news/2023-11-28-new-td-study-reveals-distinct-giving-behaviour-among-canadia,2026-04-18T02:09:09+00:00,,31deb70cc28ae4483ce4ce67777e815ea47a770cbd40e1004ea0c5e3dfe919b9,FY2024Q1; New TD study reveals distinct giving behaviour among Canadian female philanthrop
td_newsroom,news_json,2023-11-28_new-td-study-reveals-distinct-giving-behaviour-among-canadia,data/raw/news/2023-11-28_new-td-study-reveals-distinct-giving-behaviour-among-canadia.json,https://stories.td.com/ca/en/news/2023-11-28-new-td-study-reveals-distinct-giving-behaviour-among-canadia,2026-04-18T02:09:09+00:00,33.0,7e539da81bb2bef076b91f18e85b16f0a019128c80daf3658c3c0691f5f27d47,parsed headline + body
td_newsroom,news_html,2023-11-30_td-to-appoint-alan-macgibbon-as-chair-of-the-board,data/raw/news/2023-11-30_td-to-appoint-alan-macgibbon-as-chair-of-the-board.html,https://stories.td.com/ca/en/news/2023-11-30-td-to-appoint-alan-macgibbon-as-chair-of-the-board,2026-04-18T02:09:10+00:00,,fbbdaab71b9d84f85a0dbef6ec18a9a5ef493296e62d71cb0289d1361833a4fe,FY2024Q1; TD to appoint Alan MacGibbon as Chair of the Board
td_newsroom,news_json,2023-11-30_td-to-appoint-alan-macgibbon-as-chair-of-the-board,data/raw/news/2023-11-30_td-to-appoint-alan-macgibbon-as-chair-of-the-board.json,https://stories.td.com/ca/en/news/2023-11-30-td-to-appoint-alan-macgibbon-as-chair-of-the-board,2026-04-18T02:09:10+00:00,17.0,27ffd4c50cb897dcd982f75253387127e51216e56ba907bf643c3b45a36860dd,parsed headline + body
td_newsroom,news_html,2023-11-30_td-bank-group-declares-dividends,data/raw/news/2023-11-30_td-bank-group-declares-dividends.html,https://stories.td.com/ca/en/news/2023-11-30-td-bank-group-declares-dividends,2026-04-18T02:09:11+00:00,,c43ff981af91007d1aee3c64aa8f4990b6dcb6312ca81b40f1f5117c3df67e4e,FY2024Q1; TD BANK GROUP DECLARES DIVIDENDS
td_newsroom,news_json,2023-11-30_td-bank-group-declares-dividends,data/raw/news/2023-11-30_td-bank-group-declares-dividends.json,https://stories.td.com/ca/en/news/2023-11-30-td-bank-group-declares-dividends,2026-04-18T02:09:11+00:00,39.0,0112f6e64af242019d9566be6b23c4fd56e97ef0afc9fc46c032ea7b370385bc,parsed headline + body
td_newsroom,news_html,2023-11-30_td-bank-group-reports-fourth-quarter-and-fiscal-2023-results,data/raw/news/2023-11-30_td-bank-group-reports-fourth-quarter-and-fiscal-2023-results.html,https://stories.td.com/ca/en/news/2023-11-30-td-bank-group-reports-fourth-quarter-and-fiscal-2023-results,2026-04-18T02:09:12+00:00,,398e2143d605b6f2f8ff1bfe6a151a9262db020a6eac04395036e025d6be10a5,FY2024Q1; TD Bank Group Reports Fourth Quarter and Fiscal 2023 Results
td_newsroom,news_json,2023-11-30_td-bank-group-reports-fourth-quarter-and-fiscal-2023-results,data/raw/news/2023-11-30_td-bank-group-reports-fourth-quarter-and-fiscal-2023-results.json,https://stories.td.com/ca/en/news/2023-11-30-td-bank-group-reports-fourth-quarter-and-fiscal-2023-results,2026-04-18T02:09:12+00:00,6967.0,05e3f6a1a9e01adfe27b8c87e480a62aa57336af3d74ff14e8ff91979951dbd7,parsed headline + body
td_newsroom,news_html,2023-12-04_td-securities-announces-significant-expansion-of-its-global,data/raw/news/2023-12-04_td-securities-announces-significant-expansion-of-its-global.html,https://stories.td.com/ca/en/news/2023-12-04-td-securities-announces-significant-expansion-of-its-global,2026-04-18T02:09:13+00:00,,46c016ff304a1861ddfac4176bfbedc4a37dfabb779e9540aa9637faee61c488,FY2024Q1; TD Securities Announces Significant Expansion of Its Global Financial Institutio
td_newsroom,news_json,2023-12-04_td-securities-announces-significant-expansion-of-its-global,data/raw/news/2023-12-04_td-securities-announces-significant-expansion-of-its-global.json,https://stories.td.com/ca/en/news/2023-12-04-td-securities-announces-significant-expansion-of-its-global,2026-04-18T02:09:13+00:00,29.0,3ffe2ec20112adec6404a03b25388f587491d85df4dc3b91aa944c1b0bd8b486,parsed headline + body
td_newsroom,news_html,2023-12-05_43-25-of-canadians-are-not-confident-they-will-be-able-to-reti,data/raw/news/2023-12-05_43-25-of-canadians-are-not-confident-they-will-be-able-to-reti.html,https://stories.td.com/ca/en/news/2023-12-05-43-25-of-canadians-are-not-confident-they-will-be-able-to-reti,2026-04-18T02:09:13+00:00,,a7bd1c15bca1faf9dcd926551386be491d650b4e9d3578c8e4cc4ae2ee5aecf8,FY2024Q1; 43% of Canadians are not confident they will be able to retire when they initial
td_newsroom,news_json,2023-12-05_43-25-of-canadians-are-not-confident-they-will-be-able-to-reti,data/raw/news/2023-12-05_43-25-of-canadians-are-not-confident-they-will-be-able-to-reti.json,https://stories.td.com/ca/en/news/2023-12-05-43-25-of-canadians-are-not-confident-they-will-be-able-to-reti,2026-04-18T02:09:13+00:00,51.0,46dcabdd04baa964b271c95104231a016df688a6bc5bd2a4c78bc0d22f17cd68,parsed headline + body
td_newsroom,news_html,2023-12-11_td-bank-group-announces-changes-to-senior-executive-team,data/raw/news/2023-12-11_td-bank-group-announces-changes-to-senior-executive-team.html,https://stories.td.com/ca/en/news/2023-12-11-td-bank-group-announces-changes-to-senior-executive-team,2026-04-18T02:09:14+00:00,,116805e78edec08910f94f50a8df2b5fa2f7cebd490e5fb7c3f9ee8dab210d62,FY2024Q1; TD Bank Group Announces Changes to Senior Executive Team
td_newsroom,news_json,2023-12-11_td-bank-group-announces-changes-to-senior-executive-team,data/raw/news/2023-12-11_td-bank-group-announces-changes-to-senior-executive-team.json,https://stories.td.com/ca/en/news/2023-12-11-td-bank-group-announces-changes-to-senior-executive-team,2026-04-18T02:09:14+00:00,25.0,c98b87d5e1645eb89ae24fa800ee6adca68eb05e6e5c432e43184feb8c3d8f47,parsed headline + body
td_newsroom,news_html,2023-12-13_td-ranked-among-top-banks-in-the-dow-jones-sustainability-no,data/raw/news/2023-12-13_td-ranked-among-top-banks-in-the-dow-jones-sustainability-no.html,https://stories.td.com/ca/en/news/2023-12-13-td-ranked-among-top-banks-in-the-dow-jones-sustainability-no,2026-04-18T02:09:15+00:00,,320b1eb99b7e27038bba57d433843392e25f53dece49fa851059ef8646a18c95,FY2024Q1; TD ranked among top banks in the Dow Jones Sustainability North America Index
td_newsroom,news_json,2023-12-13_td-ranked-among-top-banks-in-the-dow-jones-sustainability-no,data/raw/news/2023-12-13_td-ranked-among-top-banks-in-the-dow-jones-sustainability-no.json,https://stories.td.com/ca/en/news/2023-12-13-td-ranked-among-top-banks-in-the-dow-jones-sustainability-no,2026-04-18T02:09:15+00:00,35.0,f725a1edd48d62ad7229d9ccf2b164ff333cc989ecf736c64d92693815295b6e,parsed headline + body
td_newsroom,news_html,2023-12-14_td-bank-group-and-plaid-enter-into-north-american-data-acces,data/raw/news/2023-12-14_td-bank-group-and-plaid-enter-into-north-american-data-acces.html,https://stories.td.com/ca/en/news/2023-12-14-td-bank-group-and-plaid-enter-into-north-american-data-acces,2026-04-18T02:09:15+00:00,,2a7459d310b39101d5d23e04df3bc55648f6948cf1bc494d2774d9687594d4f3,FY2024Q1; TD Bank Group and Plaid enter into North American data-access agreement
td_newsroom,news_json,2023-12-14_td-bank-group-and-plaid-enter-into-north-american-data-acces,data/raw/news/2023-12-14_td-bank-group-and-plaid-enter-into-north-american-data-acces.json,https://stories.td.com/ca/en/news/2023-12-14-td-bank-group-and-plaid-enter-into-north-american-data-acces,2026-04-18T02:09:15+00:00,33.0,51bf6a8617722180c8779ec26f42fa33d2cd02ffcb77ca418049328340ea41c5,parsed headline + body
td_newsroom,news_html,2023-12-18_media-advisory-td-bank-group-executive-to-present-at-the-r,data/raw/news/2023-12-18_media-advisory-td-bank-group-executive-to-present-at-the-r.html,https://stories.td.com/ca/en/news/2023-12-18-media-advisory---td-bank-group-executive-to-present-at-the-r,2026-04-18T02:09:16+00:00,,604e6323114e3082cb6b068356f1e6d29fd8bf89141cc14b6f25e390f10da6cf,FY2024Q1; MEDIA ADVISORY - TD Bank Group Executive to Present at the RBC Capital Markets B
td_newsroom,news_json,2023-12-18_media-advisory-td-bank-group-executive-to-present-at-the-r,data/raw/news/2023-12-18_media-advisory-td-bank-group-executive-to-present-at-the-r.json,https://stories.td.com/ca/en/news/2023-12-18-media-advisory---td-bank-group-executive-to-present-at-the-r,2026-04-18T02:09:16+00:00,7.0,121ec3f7244b65281764bfc640fe52c579e7be30c32444d2a0dbb7ae292562a0,parsed headline + body
td_newsroom,news_html,2023-12-20_td-asset-management-inc-announces-final-annual-reinvested-d,data/raw/news/2023-12-20_td-asset-management-inc-announces-final-annual-reinvested-d.html,https://stories.td.com/ca/en/news/2023-12-20-td-asset-management-inc.-announces-final-annual-reinvested-d,2026-04-18T02:09:17+00:00,,bce20f79b1060e14001a09a2f0df8313154ab687b1250ef7d06bf86c1b79596a,FY2024Q1; TD Asset Management Inc. Announces Final Annual Reinvested Distributions for TD 
td_newsroom,news_json,2023-12-20_td-asset-management-inc-announces-final-annual-reinvested-d,data/raw/news/2023-12-20_td-asset-management-inc-announces-final-annual-reinvested-d.json,https://stories.td.com/ca/en/news/2023-12-20-td-asset-management-inc.-announces-final-annual-reinvested-d,2026-04-18T02:09:17+00:00,283.0,53f047d715562bbdda96a898f850cae12d53b1c8ef6bcc98a91cce02c2f640c2,parsed headline + body
td_newsroom,news_html,2023-12-20_td-asset-management-inc-announces-td-etf-distributions,data/raw/news/2023-12-20_td-asset-management-inc-announces-td-etf-distributions.html,https://stories.td.com/ca/en/news/2023-12-20-td-asset-management-inc.-announces-td-etf-distributions,2026-04-18T02:09:17+00:00,,d668b3cccdc69d4b7e9e0210ac49afdda0f4d255427a8cc6309784e460705cff,FY2024Q1; TD Asset Management Inc. Announces TD ETF Distributions
td_newsroom,news_json,2023-12-20_td-asset-management-inc-announces-td-etf-distributions,data/raw/news/2023-12-20_td-asset-management-inc-announces-td-etf-distributions.json,https://stories.td.com/ca/en/news/2023-12-20-td-asset-management-inc.-announces-td-etf-distributions,2026-04-18T02:09:17+00:00,311.0,f7f84893257dc29d632bf2fb6c7ba79ae6a3cc70adb0f2168f52c9ac43c97e87,parsed headline + body
td_newsroom,news_html,2024-01-08_td-asset-management-inc-announces-final-annual-reinvested-d,data/raw/news/2024-01-08_td-asset-management-inc-announces-final-annual-reinvested-d.html,https://stories.td.com/ca/en/news/2024-01-08-td-asset-management-inc.-announces-final-annual-reinvested-d,2026-04-18T02:09:18+00:00,,d261ef5eec452645b4f75068db3057656dc0a5480d6e8a039c84e12c5d9f0449,FY2024Q1; TD Asset Management Inc. Announces Final Annual Reinvested Distributions for TD 
td_newsroom,news_json,2024-01-08_td-asset-management-inc-announces-final-annual-reinvested-d,data/raw/news/2024-01-08_td-asset-management-inc-announces-final-annual-reinvested-d.json,https://stories.td.com/ca/en/news/2024-01-08-td-asset-management-inc.-announces-final-annual-reinvested-d,2026-04-18T02:09:18+00:00,105.0,cf8ffa2f12ad3d921daa5a2e1c2e36b554429d49778db0d0381ee9cb44f71513,parsed headline + body
td_newsroom,news_html,2024-01-11_td-recognized-with-2024-big-innovation-awards-for-third-cons,data/raw/news/2024-01-11_td-recognized-with-2024-big-innovation-awards-for-third-cons.html,https://stories.td.com/ca/en/news/2024-01-11-td-recognized-with-2024-big-innovation-awards-for-third-cons,2026-04-18T02:09:19+00:00,,3704de2782b064bb9a7f61e9f29a36e615107898c9d32041ff5c941b61ec3c0a,FY2024Q1; TD recognized with 2024 BIG Innovation Awards for third consecutive year
td_newsroom,news_json,2024-01-11_td-recognized-with-2024-big-innovation-awards-for-third-cons,data/raw/news/2024-01-11_td-recognized-with-2024-big-innovation-awards-for-third-cons.json,https://stories.td.com/ca/en/news/2024-01-11-td-recognized-with-2024-big-innovation-awards-for-third-cons,2026-04-18T02:09:19+00:00,21.0,2291bb9f54dac0c556ea6260d97e349cac87d6cae4aacd265c663ee8d1dc58f8,parsed headline + body
td_newsroom,news_html,2024-01-12_td-recommends-shareholders-reject-trc-capital-investment-27s-b,data/raw/news/2024-01-12_td-recommends-shareholders-reject-trc-capital-investment-27s-b.html,https://stories.td.com/ca/en/news/2024-01-12-td-recommends-shareholders-reject-trc-capital-investment-27s-b,2026-04-18T02:09:20+00:00,,515b69e678ffe0b603d5e03991670480801ab0785bcbd72e7eb7e97887fa97cd,"FY2024Q1; TD recommends shareholders reject TRC Capital Investment's below-market ""mini te"
td_newsroom,news_json,2024-01-12_td-recommends-shareholders-reject-trc-capital-investment-27s-b,data/raw/news/2024-01-12_td-recommends-shareholders-reject-trc-capital-investment-27s-b.json,https://stories.td.com/ca/en/news/2024-01-12-td-recommends-shareholders-reject-trc-capital-investment-27s-b,2026-04-18T02:09:20+00:00,21.0,ad4ce663607fea540821bca90289dd68addfa92165d2cd7baf4e7cf8b43943d9,parsed headline + body
td_newsroom,news_html,2024-01-18_inflation-and-cost-of-living-seen-as-2024-27s-biggest-financia,data/raw/news/2024-01-18_inflation-and-cost-of-living-seen-as-2024-27s-biggest-financia.html,https://stories.td.com/ca/en/news/2024-01-18-inflation-and-cost-of-living-seen-as-2024-27s-biggest-financia,2026-04-18T02:09:20+00:00,,472af110529be339d29c2d35726452d4229f5efa0206f7d6bfc53e29d6c47d9f,FY2024Q1; Inflation and cost of living seen as 2024's biggest financial challenges by both
td_newsroom,news_json,2024-01-18_inflation-and-cost-of-living-seen-as-2024-27s-biggest-financia,data/raw/news/2024-01-18_inflation-and-cost-of-living-seen-as-2024-27s-biggest-financia.json,https://stories.td.com/ca/en/news/2024-01-18-inflation-and-cost-of-living-seen-as-2024-27s-biggest-financia,2026-04-18T02:09:20+00:00,47.0,ec9ae956b6d8f90d405c8b32094859a9331acab200e35d9531fc4122cf2e1337,parsed headline + body
td_newsroom,news_html,2024-01-18_td-bank-group-comments-on-expected-impact-of-the-charles-sch,data/raw/news/2024-01-18_td-bank-group-comments-on-expected-impact-of-the-charles-sch.html,https://stories.td.com/ca/en/news/2024-01-18-td-bank-group-comments-on-expected-impact-of-the-charles-sch,2026-04-18T02:09:21+00:00,,fb32d99db12fd22817b17fb47c0d5f24fd478326860fcedeab659d638f85e0d1,FY2024Q1; TD Bank Group Comments on Expected Impact of the Charles Schwab Corporation's Fo
td_newsroom,news_json,2024-01-18_td-bank-group-comments-on-expected-impact-of-the-charles-sch,data/raw/news/2024-01-18_td-bank-group-comments-on-expected-impact-of-the-charles-sch.json,https://stories.td.com/ca/en/news/2024-01-18-td-bank-group-comments-on-expected-impact-of-the-charles-sch,2026-04-18T02:09:21+00:00,17.0,1a1df88112e28bdb24e8c08441447fd97a2faa75e8d1627c00759774f6f121a0,parsed headline + body
td_newsroom,news_html,2024-01-22_td-asset-management-inc-announces-td-etf-distributions,data/raw/news/2024-01-22_td-asset-management-inc-announces-td-etf-distributions.html,https://stories.td.com/ca/en/news/2024-01-22-td-asset-management-inc.-announces-td-etf-distributions,2026-04-18T02:09:22+00:00,,17d46e0603a594158259c040e0738136cdea78e251b6edb2d37776664d98c92a,FY2024Q1; TD Asset Management Inc. Announces TD ETF Distributions
td_newsroom,news_json,2024-01-22_td-asset-management-inc-announces-td-etf-distributions,data/raw/news/2024-01-22_td-asset-management-inc-announces-td-etf-distributions.json,https://stories.td.com/ca/en/news/2024-01-22-td-asset-management-inc.-announces-td-etf-distributions,2026-04-18T02:09:22+00:00,145.0,35032c0ce8cde37cf7bec91293ceef98016c2aa655f0a9d5f66eb85946b5456e,parsed headline + body
td_newsroom,news_html,2024-01-25_td-and-air-canada-c2-ae-celebrate-the-10th-anniversary-of-aeropl,data/raw/news/2024-01-25_td-and-air-canada-c2-ae-celebrate-the-10th-anniversary-of-aeropl.html,https://stories.td.com/ca/en/news/2024-01-25-td-and-air-canada-c2-ae-celebrate-the-10th-anniversary-of-aeropl,2026-04-18T02:09:22+00:00,,9e2db2c90a8099e619eb8a642eda770ccc8c89d86ba2dbd64b0ce586bfb2773c,FY2024Q1; TD and Air Canada® celebrate the 10th anniversary of Aeroplan® partnership with 
td_newsroom,news_json,2024-01-25_td-and-air-canada-c2-ae-celebrate-the-10th-anniversary-of-aeropl,data/raw/news/2024-01-25_td-and-air-canada-c2-ae-celebrate-the-10th-anniversary-of-aeropl.json,https://stories.td.com/ca/en/news/2024-01-25-td-and-air-canada-c2-ae-celebrate-the-10th-anniversary-of-aeropl,2026-04-18T02:09:22+00:00,45.0,ef7396a0b0a08df3b07d76c549404bf64f79d491ee012794008cdac38fa20d6c,parsed headline + body
td_newsroom,news_html,2024-02-01_td-bank-group-to-make-changes-in-the-presentation-of-certain,data/raw/news/2024-02-01_td-bank-group-to-make-changes-in-the-presentation-of-certain.html,https://stories.td.com/ca/en/news/2024-02-01-td-bank-group-to-make-changes-in-the-presentation-of-certain,2026-04-18T02:09:23+00:00,,cd1a7bb562a2e2e83abdcf8c2681b36db0e7d842ba3ee67e292c3668f32b2afe,FY2024Q2; TD BANK GROUP TO MAKE CHANGES IN THE PRESENTATION OF CERTAIN FINANCIAL INFORMATI
td_newsroom,news_json,2024-02-01_td-bank-group-to-make-changes-in-the-presentation-of-certain,data/raw/news/2024-02-01_td-bank-group-to-make-changes-in-the-presentation-of-certain.json,https://stories.td.com/ca/en/news/2024-02-01-td-bank-group-to-make-changes-in-the-presentation-of-certain,2026-04-18T02:09:23+00:00,21.0,571b2a3f28228d4cfe201ec0539ae886cedd5fa8faa8699e62df1ce66aa6417c,parsed headline + body
td_newsroom,news_html,2024-02-02_eighteen-mutual-funds-and-etfs-managed-by-td-asset-managemen,data/raw/news/2024-02-02_eighteen-mutual-funds-and-etfs-managed-by-td-asset-managemen.html,https://stories.td.com/ca/en/news/2024-02-02-eighteen-mutual-funds-and-etfs-managed-by-td-asset-managemen,2026-04-18T02:09:24+00:00,,160ec147978597317937388fb4d5bb6a159e15e1174c3dd1e0251b146cb8a7da,FY2024Q2; Eighteen mutual funds and ETFs managed by TD Asset Management Inc. recognized at
td_newsroom,news_json,2024-02-02_eighteen-mutual-funds-and-etfs-managed-by-td-asset-managemen,data/raw/news/2024-02-02_eighteen-mutual-funds-and-etfs-managed-by-td-asset-managemen.json,https://stories.td.com/ca/en/news/2024-02-02-eighteen-mutual-funds-and-etfs-managed-by-td-asset-managemen,2026-04-18T02:09:24+00:00,259.0,c656dcb5202e87018acdd2c023d1384dd16ca224704beea7dd6dd6eb1b7d391c,parsed headline + body
td_newsroom,news_html,2024-02-08_media-advisory-td-bank-group-to-release-first-quarter-fina,data/raw/news/2024-02-08_media-advisory-td-bank-group-to-release-first-quarter-fina.html,https://stories.td.com/ca/en/news/2024-02-08-media-advisory---td-bank-group-to-release-first-quarter-fina,2026-04-18T02:09:24+00:00,,313e080c21552cd312eed817d429036c953f1a1e2cddff2609367cd313f14f0e,FY2024Q2; Media Advisory - TD Bank Group to release first quarter financial results
td_newsroom,news_json,2024-02-08_media-advisory-td-bank-group-to-release-first-quarter-fina,data/raw/news/2024-02-08_media-advisory-td-bank-group-to-release-first-quarter-fina.json,https://stories.td.com/ca/en/news/2024-02-08-media-advisory---td-bank-group-to-release-first-quarter-fina,2026-04-18T02:09:24+00:00,15.0,84e63b7a7c8a80f327408ea0ff40c5c04e94baa00300419a2246234dc307c37f,parsed headline + body
td_newsroom,news_html,2024-02-14_media-advisory-td-bank-group-executive-to-present-at-the-r,data/raw/news/2024-02-14_media-advisory-td-bank-group-executive-to-present-at-the-r.html,https://stories.td.com/ca/en/news/2024-02-14-media-advisory---td-bank-group-executive-to-present-at-the-r,2026-04-18T02:09:25+00:00,,d9c80d2502e169a8d04af4c5c28948b97842aa3ede81079b656aa7f5caac4b49,FY2024Q2; MEDIA ADVISORY - TD Bank Group Executive to Present at the RBC Global Financial 
td_newsroom,news_json,2024-02-14_media-advisory-td-bank-group-executive-to-present-at-the-r,data/raw/news/2024-02-14_media-advisory-td-bank-group-executive-to-present-at-the-r.json,https://stories.td.com/ca/en/news/2024-02-14-media-advisory---td-bank-group-executive-to-present-at-the-r,2026-04-18T02:09:25+00:00,7.0,b54370ac6e4bb407ead4ab87c27dd0aabcd83c0bb114470a52df872d0e3fc576,parsed headline + body
td_newsroom,news_html,2024-02-15_td-asset-management-inc-announces-td-etf-distributions,data/raw/news/2024-02-15_td-asset-management-inc-announces-td-etf-distributions.html,https://stories.td.com/ca/en/news/2024-02-15-td-asset-management-inc.-announces-td-etf-distributions,2026-04-18T02:09:26+00:00,,1d54bd6fa5ac544aee13fa84a77d586fb4ea7a479cd96d2b843ad349a1ffbd51,FY2024Q2; TD Asset Management Inc. Announces TD ETF Distributions
td_newsroom,news_json,2024-02-15_td-asset-management-inc-announces-td-etf-distributions,data/raw/news/2024-02-15_td-asset-management-inc-announces-td-etf-distributions.json,https://stories.td.com/ca/en/news/2024-02-15-td-asset-management-inc.-announces-td-etf-distributions,2026-04-18T02:09:26+00:00,145.0,462d6bd5fda25962d115acddf163f9aa337bea2ead439673e969a84cbbf7ad83,parsed headline + body
td_newsroom,news_html,2024-02-16_td-direct-investing-tops-the-globe-and-mail-digital-brokerag,data/raw/news/2024-02-16_td-direct-investing-tops-the-globe-and-mail-digital-brokerag.html,https://stories.td.com/ca/en/news/2024-02-16-td-direct-investing-tops-the-globe-and-mail-digital-brokerag,2026-04-18T02:09:26+00:00,,eeca8d249d926dba26736312d59da62fe1cfa49a564486191d46833e072bd80d,FY2024Q2; TD Direct Investing tops The Globe and Mail Digital Brokerage Ranking for second
td_newsroom,news_json,2024-02-16_td-direct-investing-tops-the-globe-and-mail-digital-brokerag,data/raw/news/2024-02-16_td-direct-investing-tops-the-globe-and-mail-digital-brokerag.json,https://stories.td.com/ca/en/news/2024-02-16-td-direct-investing-tops-the-globe-and-mail-digital-brokerag,2026-04-18T02:09:26+00:00,27.0,433239e8d590aa89df18002f1cf5858170923f195f6d5a2cfdc0e89238075b3e,parsed headline + body
td_newsroom,news_html,2024-02-22_td-asset-management-inc-launches-a-cash-management-etf,data/raw/news/2024-02-22_td-asset-management-inc-launches-a-cash-management-etf.html,https://stories.td.com/ca/en/news/2024-02-22-td-asset-management-inc.-launches-a-cash-management-etf,2026-04-18T02:09:27+00:00,,8cef6d5c92a47050e374141f513293dc1f2d9bf9b7e439ccd1abe8fb9ab05f7b,FY2024Q2; TD Asset Management Inc. Launches a Cash Management ETF
td_newsroom,news_json,2024-02-22_td-asset-management-inc-launches-a-cash-management-etf,data/raw/news/2024-02-22_td-asset-management-inc-launches-a-cash-management-etf.json,https://stories.td.com/ca/en/news/2024-02-22-td-asset-management-inc.-launches-a-cash-management-etf,2026-04-18T02:09:27+00:00,27.0,c53b5ede613851dd22c5014251603142939e67d385486eb6b9b23b0b3d91c53f,parsed headline + body
td_newsroom,news_html,2024-02-27_2fr-e-p-e-a-t-media-advisory-td-bank-group-to-release-fir,data/raw/news/2024-02-27_2fr-e-p-e-a-t-media-advisory-td-bank-group-to-release-fir.html,https://stories.td.com/ca/en/news/2024-02-27--2fr-e-p-e-a-t---media-advisory---td-bank-group-to-release-fir,2026-04-18T02:09:28+00:00,,a0b5de30e9494266f93243aad8a4c169ffdfa9867409cd8a5c4ab5d66ec8af3e,FY2024Q2; /R E P E A T - Media Advisory - TD Bank Group to release first quarter financial
td_newsroom,news_json,2024-02-27_2fr-e-p-e-a-t-media-advisory-td-bank-group-to-release-fir,data/raw/news/2024-02-27_2fr-e-p-e-a-t-media-advisory-td-bank-group-to-release-fir.json,https://stories.td.com/ca/en/news/2024-02-27--2fr-e-p-e-a-t---media-advisory---td-bank-group-to-release-fir,2026-04-18T02:09:28+00:00,15.0,8fb1b81def965376623de381f473c218d2c90775389c64af82cc4fedeed19231,parsed headline + body
td_newsroom,news_html,2024-02-28_young-adults-are-prime-targets-for-fraud-on-social-media-2c-bu,data/raw/news/2024-02-28_young-adults-are-prime-targets-for-fraud-on-social-media-2c-bu.html,https://stories.td.com/ca/en/news/2024-02-28-young-adults-are-prime-targets-for-fraud-on-social-media-2c-bu,2026-04-18T02:09:29+00:00,,03b22631c004273776bf867ccfa8f3c14cbf26d358c707037679082d976f9794,"FY2024Q2; Young adults are prime targets for fraud on social media, but many are too embar"
td_newsroom,news_json,2024-02-28_young-adults-are-prime-targets-for-fraud-on-social-media-2c-bu,data/raw/news/2024-02-28_young-adults-are-prime-targets-for-fraud-on-social-media-2c-bu.json,https://stories.td.com/ca/en/news/2024-02-28-young-adults-are-prime-targets-for-fraud-on-social-media-2c-bu,2026-04-18T02:09:29+00:00,61.0,6cc866b8d2487f56475d3a59d702715e547188fcd587b14c82ed32e1afc87743,parsed headline + body
td_newsroom,news_html,2024-02-29_td-named-a-2024-s-26p-global-sustainability-yearbook-member,data/raw/news/2024-02-29_td-named-a-2024-s-26p-global-sustainability-yearbook-member.html,https://stories.td.com/ca/en/news/2024-02-29-td-named-a-2024-s-26p-global-sustainability-yearbook-member,2026-04-18T02:09:29+00:00,,cb259f7907b948e283c1fb68c1844553fb4e194d8d578f211145336942fa8ab5,FY2024Q2; TD named a 2024 S&P Global Sustainability Yearbook Member
td_newsroom,news_json,2024-02-29_td-named-a-2024-s-26p-global-sustainability-yearbook-member,data/raw/news/2024-02-29_td-named-a-2024-s-26p-global-sustainability-yearbook-member.json,https://stories.td.com/ca/en/news/2024-02-29-td-named-a-2024-s-26p-global-sustainability-yearbook-member,2026-04-18T02:09:29+00:00,33.0,7351eb410f944e025e5b36dfc7e5866c5fe464acad55a62fd20cec27367599dc,parsed headline + body
td_newsroom,news_html,2024-02-29_td-asset-management-inc-announces-risk-rating-changes-for-t,data/raw/news/2024-02-29_td-asset-management-inc-announces-risk-rating-changes-for-t.html,https://stories.td.com/ca/en/news/2024-02-29-td-asset-management-inc.-announces-risk-rating-changes-for-t,2026-04-18T02:09:30+00:00,,d4d38b7da4af7d882286a485f13fd6238d7b4d966ad2142ae5d73007f1c79673,FY2024Q2; TD Asset Management Inc. Announces Risk Rating Changes for TD Canadian Bank Divi
td_newsroom,news_json,2024-02-29_td-asset-management-inc-announces-risk-rating-changes-for-t,data/raw/news/2024-02-29_td-asset-management-inc-announces-risk-rating-changes-for-t.json,https://stories.td.com/ca/en/news/2024-02-29-td-asset-management-inc.-announces-risk-rating-changes-for-t,2026-04-18T02:09:30+00:00,49.0,096a2444db2b2b92f0a51d961754ed4c7268e220dea3cafe53936e3da37d9cb7,parsed headline + body
td_newsroom,news_html,2024-02-29_td-bank-group-declares-dividends,data/raw/news/2024-02-29_td-bank-group-declares-dividends.html,https://stories.td.com/ca/en/news/2024-02-29-td-bank-group-declares-dividends,2026-04-18T02:09:31+00:00,,dc4d21add7b8bd23c995445aad166eb4ee67566a97db7723da31b3cf269c252c,FY2024Q2; TD BANK GROUP DECLARES DIVIDENDS
td_newsroom,news_json,2024-02-29_td-bank-group-declares-dividends,data/raw/news/2024-02-29_td-bank-group-declares-dividends.json,https://stories.td.com/ca/en/news/2024-02-29-td-bank-group-declares-dividends,2026-04-18T02:09:31+00:00,43.0,9b4ff1206d29b272cbe2f00a07d582aaf41900258f316ad287f9089e223ffa8a,parsed headline + body
td_newsroom,news_html,2024-02-29_td-bank-group-reports-first-quarter-2024-results,data/raw/news/2024-02-29_td-bank-group-reports-first-quarter-2024-results.html,https://stories.td.com/ca/en/news/2024-02-29-td-bank-group-reports-first-quarter-2024-results,2026-04-18T02:09:31+00:00,,6c54f727be8f74bef12348a72009f819ad1cc5199e339f161be8ac18dae96206,FY2024Q2; TD Bank Group Reports First Quarter 2024 Results
td_newsroom,news_json,2024-02-29_td-bank-group-reports-first-quarter-2024-results,data/raw/news/2024-02-29_td-bank-group-reports-first-quarter-2024-results.json,https://stories.td.com/ca/en/news/2024-02-29-td-bank-group-reports-first-quarter-2024-results,2026-04-18T02:09:31+00:00,2737.0,5b7a00ffc4630c324c41825e8864bd3cd119bff8bf7080670cd235150a75b736,parsed headline + body
td_newsroom,news_html,2024-03-04_2fr-e-p-e-a-t-media-advisory-td-bank-group-executive-to,data/raw/news/2024-03-04_2fr-e-p-e-a-t-media-advisory-td-bank-group-executive-to.html,https://stories.td.com/ca/en/news/2024-03-04--2fr-e-p-e-a-t----media-advisory---td-bank-group-executive-to,2026-04-18T02:09:32+00:00,,4e555f513b70692eed2b378e9b773ef234ca911c9e2e05945284e6685a7abe31,FY2024Q2; /R E P E A T -- MEDIA ADVISORY - TD Bank Group Executive to Present at the RBC G
td_newsroom,news_json,2024-03-04_2fr-e-p-e-a-t-media-advisory-td-bank-group-executive-to,data/raw/news/2024-03-04_2fr-e-p-e-a-t-media-advisory-td-bank-group-executive-to.json,https://stories.td.com/ca/en/news/2024-03-04--2fr-e-p-e-a-t----media-advisory---td-bank-group-executive-to,2026-04-18T02:09:32+00:00,7.0,45757ee3279f574ec1b1fca404194510d014166f23c15e288c2a095ef79a8e92,parsed headline + body
td_newsroom,news_html,2024-03-05_the-2023-td-ready-challenge-awarded-2410-million-in-total-to,data/raw/news/2024-03-05_the-2023-td-ready-challenge-awarded-2410-million-in-total-to.html,https://stories.td.com/ca/en/news/2024-03-05-the-2023-td-ready-challenge-awarded-2410-million-in-total-to,2026-04-18T02:09:33+00:00,,a418e006881733388af5c238561649f6e1506a05cfcbb3a8b39de6557ed4a261,FY2024Q2; The 2023 TD Ready Challenge awarded $10 million in total to 10 Canadian and Amer
td_newsroom,news_json,2024-03-05_the-2023-td-ready-challenge-awarded-2410-million-in-total-to,data/raw/news/2024-03-05_the-2023-td-ready-challenge-awarded-2410-million-in-total-to.json,https://stories.td.com/ca/en/news/2024-03-05-the-2023-td-ready-challenge-awarded-2410-million-in-total-to,2026-04-18T02:09:33+00:00,107.0,41d8cf4c88ff7db854ddeb6cbebd09bf3aab7b8336f763165f7ba444635ccdf0,parsed headline + body
td_newsroom,news_html,2024-03-07_td-grows-its-innovation-ecosystem-through-agreement-with-sid,data/raw/news/2024-03-07_td-grows-its-innovation-ecosystem-through-agreement-with-sid.html,https://stories.td.com/ca/en/news/2024-03-07-td-grows-its-innovation-ecosystem-through-agreement-with-sid,2026-04-18T02:09:33+00:00,,e8928bdae6b39b0c91fe0408cd748a517af267c43719bd3eb1ebd39413d99101,FY2024Q2; TD grows its innovation ecosystem through agreement with SideDrawer
td_newsroom,news_json,2024-03-07_td-grows-its-innovation-ecosystem-through-agreement-with-sid,data/raw/news/2024-03-07_td-grows-its-innovation-ecosystem-through-agreement-with-sid.json,https://stories.td.com/ca/en/news/2024-03-07-td-grows-its-innovation-ecosystem-through-agreement-with-sid,2026-04-18T02:09:33+00:00,33.0,345ffdd9d871d60cd328a8796707ec7f7c6e2b8f061641e9b4e4a0de9c0dc235,parsed headline + body
td_newsroom,news_html,2024-03-11_media-advisory-td-bank-group-executive-to-present-at-the-n,data/raw/news/2024-03-11_media-advisory-td-bank-group-executive-to-present-at-the-n.html,https://stories.td.com/ca/en/news/2024-03-11-media-advisory---td-bank-group-executive-to-present-at-the-n,2026-04-18T02:09:34+00:00,,94eeb7c5812da5300720f1145829381e177aa8045844fea7c18f4fdf81408e6e,FY2024Q2; MEDIA ADVISORY - TD Bank Group Executive to Present at the National Bank Financi
td_newsroom,news_json,2024-03-11_media-advisory-td-bank-group-executive-to-present-at-the-n,data/raw/news/2024-03-11_media-advisory-td-bank-group-executive-to-present-at-the-n.json,https://stories.td.com/ca/en/news/2024-03-11-media-advisory---td-bank-group-executive-to-present-at-the-n,2026-04-18T02:09:34+00:00,7.0,915d4fd72754b940b0bfb431d45b6450a44e90008152b8f9ee01e665ff92a099,parsed headline + body
td_newsroom,news_html,2024-03-12_td-bank-group-announces-redemption-of-non-cumulative-5-year,data/raw/news/2024-03-12_td-bank-group-announces-redemption-of-non-cumulative-5-year.html,https://stories.td.com/ca/en/news/2024-03-12-td-bank-group-announces-redemption-of-non-cumulative-5-year,2026-04-18T02:09:35+00:00,,3fd9702adec8d70e55509c9313cea07ebf4d8f085e424de74a0c106e0b022a52,FY2024Q2; TD Bank Group Announces Redemption of Non-Cumulative 5-Year Rate Reset Class A F
td_newsroom,news_json,2024-03-12_td-bank-group-announces-redemption-of-non-cumulative-5-year,data/raw/news/2024-03-12_td-bank-group-announces-redemption-of-non-cumulative-5-year.json,https://stories.td.com/ca/en/news/2024-03-12-td-bank-group-announces-redemption-of-non-cumulative-5-year,2026-04-18T02:09:35+00:00,11.0,af0056801dd0a4fde3bc78b8d45b5ccc7937c906a8a45a8d55a07e75b7cbe19a,parsed headline + body
td_newsroom,news_html,2024-03-12_td-bank-group-management-proxy-circular-now-available,data/raw/news/2024-03-12_td-bank-group-management-proxy-circular-now-available.html,https://stories.td.com/ca/en/news/2024-03-12-td-bank-group-management-proxy-circular-now-available,2026-04-18T02:09:35+00:00,,b06181a248c94fd5e6ad302b207e212b0ad3cf0ed10f736637ee6366e1e23986,FY2024Q2; TD Bank Group Management Proxy Circular Now Available
td_newsroom,news_json,2024-03-12_td-bank-group-management-proxy-circular-now-available,data/raw/news/2024-03-12_td-bank-group-management-proxy-circular-now-available.json,https://stories.td.com/ca/en/news/2024-03-12-td-bank-group-management-proxy-circular-now-available,2026-04-18T02:09:35+00:00,15.0,c67d5d7f5af9f6f5a97e12af9fbcd950392d8bc26344483e9688da9c84fb1906,parsed headline + body
td_newsroom,news_html,2024-03-14_td-outlines-continued-progress-on-sustainability-goals-in-20,data/raw/news/2024-03-14_td-outlines-continued-progress-on-sustainability-goals-in-20.html,https://stories.td.com/ca/en/news/2024-03-14-td-outlines-continued-progress-on-sustainability-goals-in-20,2026-04-18T02:09:36+00:00,,aed99c373128d4174c39283a14790db488b6e0148b058d09692944987f9830b4,FY2024Q2; TD outlines continued progress on sustainability goals in 2023 Sustainability Re
td_newsroom,news_json,2024-03-14_td-outlines-continued-progress-on-sustainability-goals-in-20,data/raw/news/2024-03-14_td-outlines-continued-progress-on-sustainability-goals-in-20.json,https://stories.td.com/ca/en/news/2024-03-14-td-outlines-continued-progress-on-sustainability-goals-in-20,2026-04-18T02:09:36+00:00,61.0,d624bfbfcce33ba8bbfcccd6146ee519520248f7f877084b1b69960b75595ad6,parsed headline + body
td_newsroom,news_html,2024-03-15_td-asset-management-inc-announces-td-etf-distributions,data/raw/news/2024-03-15_td-asset-management-inc-announces-td-etf-distributions.html,https://stories.td.com/ca/en/news/2024-03-15-td-asset-management-inc.-announces-td-etf-distributions,2026-04-18T02:09:37+00:00,,ebf6921f5cf9b30d9befa898d6569bb63a9003ad941d6d9b4c40eba5c86007a4,FY2024Q2; TD Asset Management Inc. Announces TD ETF Distributions
td_newsroom,news_json,2024-03-15_td-asset-management-inc-announces-td-etf-distributions,data/raw/news/2024-03-15_td-asset-management-inc-announces-td-etf-distributions.json,https://stories.td.com/ca/en/news/2024-03-15-td-asset-management-inc.-announces-td-etf-distributions,2026-04-18T02:09:37+00:00,309.0,a495c27e95739e38ad3519e7b51e73de2ec58cba51e90a0588c40ee59fa07cfe,parsed headline + body
td_newsroom,news_html,2024-03-18_fair-market-value-capital-partners-and-td-asset-management-j,data/raw/news/2024-03-18_fair-market-value-capital-partners-and-td-asset-management-j.html,https://stories.td.com/ca/en/news/2024-03-18-fair-market-value-capital-partners-and-td-asset-management-j,2026-04-18T02:09:38+00:00,,849c21841fe787ebd095ea9489a9b0ac5d1138417b5df89996b4f720f6fb052c,FY2024Q2; Fair Market Value Capital Partners and TD Asset Management jointly acquire a min
td_newsroom,news_json,2024-03-18_fair-market-value-capital-partners-and-td-asset-management-j,data/raw/news/2024-03-18_fair-market-value-capital-partners-and-td-asset-management-j.json,https://stories.td.com/ca/en/news/2024-03-18-fair-market-value-capital-partners-and-td-asset-management-j,2026-04-18T02:09:38+00:00,27.0,56496660d38e7e4d18cc828a3ab39c68a24c866d58aaec935a60280c833e40ee,parsed headline + body
td_newsroom,news_html,2024-03-20_hdfc-bank-and-td-bank-group-sign-an-agreement-to-simplify-ba,data/raw/news/2024-03-20_hdfc-bank-and-td-bank-group-sign-an-agreement-to-simplify-ba.html,https://stories.td.com/ca/en/news/2024-03-20-hdfc-bank-and-td-bank-group-sign-an-agreement-to-simplify-ba,2026-04-18T02:09:39+00:00,,e5466a9d097619966dc2efc34d1b43ddfdee70bceb7061a51cefffc99dbd2f87,FY2024Q2; HDFC Bank and TD Bank Group sign an agreement to simplify banking experience for
td_newsroom,news_json,2024-03-20_hdfc-bank-and-td-bank-group-sign-an-agreement-to-simplify-ba,data/raw/news/2024-03-20_hdfc-bank-and-td-bank-group-sign-an-agreement-to-simplify-ba.json,https://stories.td.com/ca/en/news/2024-03-20-hdfc-bank-and-td-bank-group-sign-an-agreement-to-simplify-ba,2026-04-18T02:09:39+00:00,51.0,d7166241f8a42aaf85f0b23dab83fac65f1ac594e749fdd46847f176d1ffd912,parsed headline + body
td_newsroom,news_html,2024-03-25_2fr-e-p-e-a-t-media-advisory-td-bank-group-executive-to,data/raw/news/2024-03-25_2fr-e-p-e-a-t-media-advisory-td-bank-group-executive-to.html,https://stories.td.com/ca/en/news/2024-03-25--2fr-e-p-e-a-t----media-advisory---td-bank-group-executive-to,2026-04-18T02:09:39+00:00,,89178bf2d274d8242f5d7c8af0ae09f81f5c686572643bbb2f6909f6bdc6d80c,FY2024Q2; /R E P E A T -- MEDIA ADVISORY - TD Bank Group Executive to Present at the Natio
td_newsroom,news_json,2024-03-25_2fr-e-p-e-a-t-media-advisory-td-bank-group-executive-to,data/raw/news/2024-03-25_2fr-e-p-e-a-t-media-advisory-td-bank-group-executive-to.json,https://stories.td.com/ca/en/news/2024-03-25--2fr-e-p-e-a-t----media-advisory---td-bank-group-executive-to,2026-04-18T02:09:39+00:00,7.0,5dd8790447b271ce15e59182d0f34aa50aacd7a23e24bc9eee5f35e2623df8ab,parsed headline + body
td_newsroom,news_html,2024-04-02_td-bank-group-to-issue-nvcc-subordinated-debentures,data/raw/news/2024-04-02_td-bank-group-to-issue-nvcc-subordinated-debentures.html,https://stories.td.com/ca/en/news/2024-04-02-td-bank-group-to-issue-nvcc-subordinated-debentures,2026-04-18T02:09:40+00:00,,1010ecd1322d30f7f14aa64f0ebeae25a02942413c99cb14194adf420fe1f7b5,FY2024Q2; TD Bank Group to Issue NVCC Subordinated Debentures
td_newsroom,news_json,2024-04-02_td-bank-group-to-issue-nvcc-subordinated-debentures,data/raw/news/2024-04-02_td-bank-group-to-issue-nvcc-subordinated-debentures.json,https://stories.td.com/ca/en/news/2024-04-02-td-bank-group-to-issue-nvcc-subordinated-debentures,2026-04-18T02:09:40+00:00,15.0,1e5b50c72f45083a102f17c52156fff207c445677f3ded4dc161737229333c75,parsed headline + body
td_newsroom,news_html,2024-04-03_td-and-google-cloud-enter-into-a-strategic-relationship-to-p,data/raw/news/2024-04-03_td-and-google-cloud-enter-into-a-strategic-relationship-to-p.html,https://stories.td.com/ca/en/news/2024-04-03-td-and-google-cloud-enter-into-a-strategic-relationship-to-p,2026-04-18T02:09:41+00:00,,aebf78fadcc689fe9cefc728ac5f1dd0cd9ce5996372e66c04b0de700d7a7d7f,FY2024Q2; TD and Google Cloud Enter into a Strategic Relationship to Power Innovative Bank
td_newsroom,news_json,2024-04-03_td-and-google-cloud-enter-into-a-strategic-relationship-to-p,data/raw/news/2024-04-03_td-and-google-cloud-enter-into-a-strategic-relationship-to-p.json,https://stories.td.com/ca/en/news/2024-04-03-td-and-google-cloud-enter-into-a-strategic-relationship-to-p,2026-04-18T02:09:41+00:00,21.0,bd513c6b54c9afc82f212c1aa33c2f49e607aab204839f08ae2b9dfc650c97b2,parsed headline + body
td_newsroom,news_html,2024-04-09_td-asset-management-inc-launches-canadian-and-u-s-target-m,data/raw/news/2024-04-09_td-asset-management-inc-launches-canadian-and-u-s-target-m.html,https://stories.td.com/ca/en/news/2024-04-09-td-asset-management-inc.-launches-canadian-and-u.s.-target-m,2026-04-18T02:09:41+00:00,,43cc2b0175c2208460c2727d94fece95093dd208f9687fc7ba40b50af5357411,FY2024Q2; TD Asset Management Inc. Launches Canadian and U.S. Target Maturity Bond ETFs
td_newsroom,news_json,2024-04-09_td-asset-management-inc-launches-canadian-and-u-s-target-m,data/raw/news/2024-04-09_td-asset-management-inc-launches-canadian-and-u-s-target-m.json,https://stories.td.com/ca/en/news/2024-04-09-td-asset-management-inc.-launches-canadian-and-u.s.-target-m,2026-04-18T02:09:41+00:00,53.0,bd268e333a99f2854eac82d8dd0265767c78d6afa0c985ae2e07116db67b08f7,parsed headline + body
td_newsroom,news_html,2024-04-11_td-asset-management-inc-announces-the-termination-of-six-td,data/raw/news/2024-04-11_td-asset-management-inc-announces-the-termination-of-six-td.html,https://stories.td.com/ca/en/news/2024-04-11-td-asset-management-inc.-announces-the-termination-of-six-td,2026-04-18T02:09:42+00:00,,94a0776b0703d52378a10f471bf01d7a895ade804b31bd9de40d91d446ad4d4e,FY2024Q2; TD Asset Management Inc. Announces the Termination of six TD ETFs
td_newsroom,news_json,2024-04-11_td-asset-management-inc-announces-the-termination-of-six-td,data/raw/news/2024-04-11_td-asset-management-inc-announces-the-termination-of-six-td.json,https://stories.td.com/ca/en/news/2024-04-11-td-asset-management-inc.-announces-the-termination-of-six-td,2026-04-18T02:09:42+00:00,55.0,04772df68948afd1dd072a4635fe29e5fbaa645b23ba0b3e4c89509c56c2da53,parsed headline + body
td_newsroom,news_html,2024-04-16_td-bank-group-comments-on-expected-impact-of-the-charles-sch,data/raw/news/2024-04-16_td-bank-group-comments-on-expected-impact-of-the-charles-sch.html,https://stories.td.com/ca/en/news/2024-04-16-td-bank-group-comments-on-expected-impact-of-the-charles-sch,2026-04-18T02:09:43+00:00,,498f9125a3ee26df8c688da8513d9844deb264c53bcba08ea71eb03b01e0f9eb,FY2024Q2; TD Bank Group Comments on Expected Impact of the Charles Schwab Corporation's Fi
td_newsroom,news_json,2024-04-16_td-bank-group-comments-on-expected-impact-of-the-charles-sch,data/raw/news/2024-04-16_td-bank-group-comments-on-expected-impact-of-the-charles-sch.json,https://stories.td.com/ca/en/news/2024-04-16-td-bank-group-comments-on-expected-impact-of-the-charles-sch,2026-04-18T02:09:43+00:00,19.0,86e69f825ec433a15013f9d1cdf590761716ca2adbfff0065cf843f88de40d6c,parsed headline + body
td_newsroom,news_html,2024-04-17_td-asset-management-inc-announces-td-etf-distributions,data/raw/news/2024-04-17_td-asset-management-inc-announces-td-etf-distributions.html,https://stories.td.com/ca/en/news/2024-04-17-td-asset-management-inc.-announces-td-etf-distributions,2026-04-18T02:09:44+00:00,,6ec0c3dedcfebdaf5470f9c12abd0a6ba6cac44bdfd941dbc597d4530e19e8dc,FY2024Q2; TD Asset Management Inc. Announces TD ETF Distributions
td_newsroom,news_json,2024-04-17_td-asset-management-inc-announces-td-etf-distributions,data/raw/news/2024-04-17_td-asset-management-inc-announces-td-etf-distributions.json,https://stories.td.com/ca/en/news/2024-04-17-td-asset-management-inc.-announces-td-etf-distributions,2026-04-18T02:09:44+00:00,151.0,4fdacb10ee6a49d61737a28f23a5a0025f15456bed22513cfb08b82020294801,parsed headline + body
td_newsroom,news_html,2024-04-18_td-bank-group-announces-election-of-directors,data/raw/news/2024-04-18_td-bank-group-announces-election-of-directors.html,https://stories.td.com/ca/en/news/2024-04-18-td-bank-group-announces-election-of-directors,2026-04-18T02:09:44+00:00,,1a3da46c015c4b8c43aa6fdeb60bc25c97161a8ca975d89b659c264fa3a0c58e,FY2024Q2; TD Bank Group Announces Election of Directors
td_newsroom,news_json,2024-04-18_td-bank-group-announces-election-of-directors,data/raw/news/2024-04-18_td-bank-group-announces-election-of-directors.json,https://stories.td.com/ca/en/news/2024-04-18-td-bank-group-announces-election-of-directors,2026-04-18T02:09:44+00:00,171.0,b72c985f5cfcd4f4aa422a73162b9b7cd37c37081199e88a054f8855c70273ec,parsed headline + body
td_newsroom,news_html,2024-04-19_td-asset-management-inc-announces-distributions-for-td-targ,data/raw/news/2024-04-19_td-asset-management-inc-announces-distributions-for-td-targ.html,https://stories.td.com/ca/en/news/2024-04-19-td-asset-management-inc.-announces-distributions-for-td-targ,2026-04-18T02:09:45+00:00,,dae84a9c5765e8970f3b924613c76df9bf7fbdf5cc8d1de8a475552d8e4a1307,FY2024Q2; TD Asset Management Inc. Announces Distributions for TD Target Maturity Bond ETF
td_newsroom,news_json,2024-04-19_td-asset-management-inc-announces-distributions-for-td-targ,data/raw/news/2024-04-19_td-asset-management-inc-announces-distributions-for-td-targ.json,https://stories.td.com/ca/en/news/2024-04-19-td-asset-management-inc.-announces-distributions-for-td-targ,2026-04-18T02:09:45+00:00,59.0,1cafb6df09cba4d0127f78b67bd6c8395ef4ea92c748036994ca94e409f5ea61,parsed headline + body
td_newsroom,news_html,2024-04-24_td-and-applyboard-collaborate-to-support-international-stude,data/raw/news/2024-04-24_td-and-applyboard-collaborate-to-support-international-stude.html,https://stories.td.com/ca/en/news/2024-04-24-td-and-applyboard-collaborate-to-support-international-stude,2026-04-18T02:09:48+00:00,,31100cdf5103ffa026d6fe67233884012117cf336f3d4a94fdcc06616b4c884a,FY2024Q2; TD and ApplyBoard Collaborate to Support International Students Pursuing Studies
td_newsroom,news_json,2024-04-24_td-and-applyboard-collaborate-to-support-international-stude,data/raw/news/2024-04-24_td-and-applyboard-collaborate-to-support-international-stude.json,https://stories.td.com/ca/en/news/2024-04-24-td-and-applyboard-collaborate-to-support-international-stude,2026-04-18T02:09:49+00:00,23.0,14285556c5b120d8b049877dc27acda0a64c5ac9ca388289d29a6bc6fe8aec5b,parsed headline + body
td_newsroom,news_html,2024-04-29_td-and-the-blue-jays-e2-84-a2-team-up-to-offer-eligible-td-credit,data/raw/news/2024-04-29_td-and-the-blue-jays-e2-84-a2-team-up-to-offer-eligible-td-credit.html,https://stories.td.com/ca/en/news/2024-04-29-td-and-the-blue-jays-e2-84-a2-team-up-to-offer-eligible-td-credit,2026-04-18T02:09:50+00:00,,29523d956840524dde7f690c926832c1cc70be1d3a2dc6a0cbfc15b624b1a0ea,FY2024Q2; TD and the Blue Jays™ team up to offer eligible TD Credit Cardholders exclusive 
td_newsroom,news_json,2024-04-29_td-and-the-blue-jays-e2-84-a2-team-up-to-offer-eligible-td-credit,data/raw/news/2024-04-29_td-and-the-blue-jays-e2-84-a2-team-up-to-offer-eligible-td-credit.json,https://stories.td.com/ca/en/news/2024-04-29-td-and-the-blue-jays-e2-84-a2-team-up-to-offer-eligible-td-credit,2026-04-18T02:09:50+00:00,27.0,cd9c8553446bf3236f8635405768fe474bc6cb3663f47da68c1e53101d6c1bb6,parsed headline + body
td_newsroom,news_html,2024-04-30_td-bank-takes-an-initial-provision-related-to-bsa-2faml-matter,data/raw/news/2024-04-30_td-bank-takes-an-initial-provision-related-to-bsa-2faml-matter.html,https://stories.td.com/ca/en/news/2024-04-30-td-bank-takes-an-initial-provision-related-to-bsa-2faml-matter,2026-04-18T02:09:51+00:00,,9e5c7855ecaf04acec9d6c0043df8389da6e26321d5eeff4d991248859e7b0d1,FY2024Q2; TD Bank Takes an Initial Provision Related to BSA/AML Matters
td_newsroom,news_json,2024-04-30_td-bank-takes-an-initial-provision-related-to-bsa-2faml-matter,data/raw/news/2024-04-30_td-bank-takes-an-initial-provision-related-to-bsa-2faml-matter.json,https://stories.td.com/ca/en/news/2024-04-30-td-bank-takes-an-initial-provision-related-to-bsa-2faml-matter,2026-04-18T02:09:51+00:00,21.0,11d259164e724165deb76e869062bca084ca454c88bc4230f51482b0bacf60f0,parsed headline + body
td_newsroom,news_html,2024-04-30_td-asset-management-inc-announces-revised-distribution-freq,data/raw/news/2024-04-30_td-asset-management-inc-announces-revised-distribution-freq.html,https://stories.td.com/ca/en/news/2024-04-30-td-asset-management-inc.-announces-revised-distribution-freq,2026-04-18T02:09:52+00:00,,df6d7b49e0b6cdc22a65fc299a24e4d673efc7595e837431754bd47fa14796b6,FY2024Q2; TD Asset Management Inc. Announces Revised Distribution Frequency for TD Global 
td_newsroom,news_json,2024-04-30_td-asset-management-inc-announces-revised-distribution-freq,data/raw/news/2024-04-30_td-asset-management-inc-announces-revised-distribution-freq.json,https://stories.td.com/ca/en/news/2024-04-30-td-asset-management-inc.-announces-revised-distribution-freq,2026-04-18T02:09:52+00:00,17.0,46334fb27201920a2da07494286a65f786bf2cd512b8638956efb5ab3807074f,parsed headline + body
td_newsroom,news_html,2024-05-02_media-advisory-td-bank-group-to-release-second-quarter-fin,data/raw/news/2024-05-02_media-advisory-td-bank-group-to-release-second-quarter-fin.html,https://stories.td.com/ca/en/news/2024-05-02-media-advisory---td-bank-group-to-release-second-quarter-fin,2026-04-18T02:09:53+00:00,,b1c3c48157f23055de546e01e453c4faf78f1e3d4bf130d8def8b02586e41c5c,FY2024Q3; Media Advisory - TD Bank Group to release second quarter financial results
td_newsroom,news_json,2024-05-02_media-advisory-td-bank-group-to-release-second-quarter-fin,data/raw/news/2024-05-02_media-advisory-td-bank-group-to-release-second-quarter-fin.json,https://stories.td.com/ca/en/news/2024-05-02-media-advisory---td-bank-group-to-release-second-quarter-fin,2026-04-18T02:09:53+00:00,15.0,859bbf9f88c38bf2800e019f7e2479148a20040f5d6d29f622061d19ab0c4a15,parsed headline + body
td_newsroom,news_html,2024-05-03_td-addresses-media-reports-about-its-aml-program,data/raw/news/2024-05-03_td-addresses-media-reports-about-its-aml-program.html,https://stories.td.com/ca/en/news/2024-05-03-td-addresses-media-reports-about-its-aml-program,2026-04-18T02:09:55+00:00,,fa0f19246ba7a15191d1130526e910c3e16a1590952a9ac579b8274cfd670356,FY2024Q3; TD ADDRESSES MEDIA REPORTS ABOUT ITS AML PROGRAM
td_newsroom,news_json,2024-05-03_td-addresses-media-reports-about-its-aml-program,data/raw/news/2024-05-03_td-addresses-media-reports-about-its-aml-program.json,https://stories.td.com/ca/en/news/2024-05-03-td-addresses-media-reports-about-its-aml-program,2026-04-18T02:09:55+00:00,31.0,40592fd74e6e1c432534d434c54169848674172aad3e7e97e8aba0562febaebc,parsed headline + body
td_newsroom,news_html,2024-05-07_td-auto-finance-canada-thanks-customers-and-colleagues-after,data/raw/news/2024-05-07_td-auto-finance-canada-thanks-customers-and-colleagues-after.html,https://stories.td.com/ca/en/news/2024-05-07-td-auto-finance-canada-thanks-customers-and-colleagues-after,2026-04-18T02:09:56+00:00,,44643353ae1f1b12957035c80bd8482cb14aa402afb1bbe3fd6b11c3482f5216,FY2024Q3; TD Auto Finance Canada Thanks Customers and Colleagues After Achieving its Seven
td_newsroom,news_json,2024-05-07_td-auto-finance-canada-thanks-customers-and-colleagues-after,data/raw/news/2024-05-07_td-auto-finance-canada-thanks-customers-and-colleagues-after.json,https://stories.td.com/ca/en/news/2024-05-07-td-auto-finance-canada-thanks-customers-and-colleagues-after,2026-04-18T02:09:56+00:00,27.0,4afec9fa21d4523ba58e83fb9efe39e8809025eb54ba43d6cff8cfd59528ee8d,parsed headline + body
td_newsroom,news_html,2024-05-07_td-announces-cad-24250-2c000-donation-for-wildfire-and-disaster,data/raw/news/2024-05-07_td-announces-cad-24250-2c000-donation-for-wildfire-and-disaster.html,https://stories.td.com/ca/en/news/2024-05-07-td-announces-cad-24250-2c000-donation-for-wildfire-and-disaster,2026-04-18T02:09:57+00:00,,8b4ae06e04cc2d26b5904aee4146b2012254dc223b8564a4c33a43d992eae225,"FY2024Q3; TD announces CAD$250,000 donation for wildfire and disaster relief prevention"
td_newsroom,news_json,2024-05-07_td-announces-cad-24250-2c000-donation-for-wildfire-and-disaster,data/raw/news/2024-05-07_td-announces-cad-24250-2c000-donation-for-wildfire-and-disaster.json,https://stories.td.com/ca/en/news/2024-05-07-td-announces-cad-24250-2c000-donation-for-wildfire-and-disaster,2026-04-18T02:09:57+00:00,23.0,0ee8ba427598c68e2ec811ff0661fa2ae0812fb4bd42867ceec06b03f2d757e3,parsed headline + body
td_newsroom,news_html,2024-05-09_td-wins-green-bond-of-the-year-financial-institution-award,data/raw/news/2024-05-09_td-wins-green-bond-of-the-year-financial-institution-award.html,https://stories.td.com/ca/en/news/2024-05-09-td-wins-green-bond-of-the-year---financial-institution-award,2026-04-18T02:09:57+00:00,,ab2fda87f5717a3e9fb2a248d83476e5fb10042575463a8ccc129f0ddb813e64,FY2024Q3; TD wins Green Bond of the Year - Financial Institution award
td_newsroom,news_json,2024-05-09_td-wins-green-bond-of-the-year-financial-institution-award,data/raw/news/2024-05-09_td-wins-green-bond-of-the-year-financial-institution-award.json,https://stories.td.com/ca/en/news/2024-05-09-td-wins-green-bond-of-the-year---financial-institution-award,2026-04-18T02:09:57+00:00,21.0,5667533f662db142eeedf53e6dde676b1d074775de48de8138c886b96727b46d,parsed headline + body
td_newsroom,news_html,2024-05-13_td-tech-26-innovation-day-highlights-human-centered-innovatio,data/raw/news/2024-05-13_td-tech-26-innovation-day-highlights-human-centered-innovatio.html,https://stories.td.com/ca/en/news/2024-05-13-td-tech-26-innovation-day-highlights-human-centered-innovatio,2026-04-18T02:09:58+00:00,,add75a8c6197ec084312e4630aac8d133ec361c84f59802207b675a8304a2f16,"FY2024Q3; TD Tech & Innovation Day highlights Human-Centered Innovation on May 15, 2024"
td_newsroom,news_json,2024-05-13_td-tech-26-innovation-day-highlights-human-centered-innovatio,data/raw/news/2024-05-13_td-tech-26-innovation-day-highlights-human-centered-innovatio.json,https://stories.td.com/ca/en/news/2024-05-13-td-tech-26-innovation-day-highlights-human-centered-innovatio,2026-04-18T02:09:58+00:00,35.0,cec590054a8b0ae404a54ad8d792b0a45df971fdde32646d9b2ea8aa07687274,parsed headline + body
td_newsroom,news_html,2024-05-16_td-recognized-with-best-corporate-sustainability-strategy-3a-b,data/raw/news/2024-05-16_td-recognized-with-best-corporate-sustainability-strategy-3a-b.html,https://stories.td.com/ca/en/news/2024-05-16-td-recognized-with-best-corporate-sustainability-strategy-3a-b,2026-04-18T02:09:59+00:00,,ecc24a8b87805cb59b0e4a36518675a4fbcba356520f3ea5dc2c24568cd98914,FY2024Q3; TD recognized with Best Corporate Sustainability Strategy: Bank award
td_newsroom,news_json,2024-05-16_td-recognized-with-best-corporate-sustainability-strategy-3a-b,data/raw/news/2024-05-16_td-recognized-with-best-corporate-sustainability-strategy-3a-b.json,https://stories.td.com/ca/en/news/2024-05-16-td-recognized-with-best-corporate-sustainability-strategy-3a-b,2026-04-18T02:09:59+00:00,35.0,099f2cda58e6dfe1a5fce679b7b25ea5fcf77899563ea5b55f64cc8cba81ad93,parsed headline + body
td_newsroom,news_html,2024-05-16_td-asset-management-inc-announces-td-etf-distributions,data/raw/news/2024-05-16_td-asset-management-inc-announces-td-etf-distributions.html,https://stories.td.com/ca/en/news/2024-05-16-td-asset-management-inc.-announces-td-etf-distributions,2026-04-18T02:10:00+00:00,,923d336942bba3291d9ac3dac193397a7bb7a62c72a36c0fdbeb42d0e482c922,FY2024Q3; TD Asset Management Inc. Announces TD ETF Distributions
td_newsroom,news_json,2024-05-16_td-asset-management-inc-announces-td-etf-distributions,data/raw/news/2024-05-16_td-asset-management-inc-announces-td-etf-distributions.json,https://stories.td.com/ca/en/news/2024-05-16-td-asset-management-inc.-announces-td-etf-distributions,2026-04-18T02:10:00+00:00,187.0,bf50dc62e8f53b86562f93402e1a098ab60c241b45e19fe3298da565da591b55,parsed headline + body
td_newsroom,news_html,2024-05-16_td-launches-new-generative-ai-pilots-to-help-empower-colleag,data/raw/news/2024-05-16_td-launches-new-generative-ai-pilots-to-help-empower-colleag.html,https://stories.td.com/ca/en/news/2024-05-16-td-launches-new-generative-ai-pilots-to-help-empower-colleag,2026-04-18T02:10:00+00:00,,cdfcdfccb133b08b76d116009a6b186ee98a67ddc7f46895664e5df01906dd50,FY2024Q3; TD launches new generative AI pilots to help empower colleagues to deliver legen
td_newsroom,news_json,2024-05-16_td-launches-new-generative-ai-pilots-to-help-empower-colleag,data/raw/news/2024-05-16_td-launches-new-generative-ai-pilots-to-help-empower-colleag.json,https://stories.td.com/ca/en/news/2024-05-16-td-launches-new-generative-ai-pilots-to-help-empower-colleag,2026-04-18T02:10:00+00:00,51.0,c3af32544ebe92c96f9d0a4673ff51754dbc8961a1aca7cd5f1b3fed72d047fe,parsed headline + body
td_newsroom,news_html,2024-05-16_td-launches-immersive-vr-tools-to-help-train-and-connect-col,data/raw/news/2024-05-16_td-launches-immersive-vr-tools-to-help-train-and-connect-col.html,https://stories.td.com/ca/en/news/2024-05-16-td-launches-immersive-vr-tools-to-help-train-and-connect-col,2026-04-18T02:10:01+00:00,,5225f0899a5c61644301833f1771883be0fbc2a38e943261688f3f5d70d8cf7c,FY2024Q3; TD launches immersive VR tools to help train and connect colleagues across North
td_newsroom,news_json,2024-05-16_td-launches-immersive-vr-tools-to-help-train-and-connect-col,data/raw/news/2024-05-16_td-launches-immersive-vr-tools-to-help-train-and-connect-col.json,https://stories.td.com/ca/en/news/2024-05-16-td-launches-immersive-vr-tools-to-help-train-and-connect-col,2026-04-18T02:10:01+00:00,57.0,dc8cb22f0617840bbd340831d5fd32cae97123e49a86e950071df20d0010b908,parsed headline + body
td_newsroom,news_html,2024-05-16_td-supports-initiatives-helping-to-prepare-underrepresented,data/raw/news/2024-05-16_td-supports-initiatives-helping-to-prepare-underrepresented.html,https://stories.td.com/ca/en/news/2024-05-16-td-supports-initiatives-helping-to-prepare-underrepresented,2026-04-18T02:10:02+00:00,,fbb3e375b56b36226f50eb1c98ffc16c0c384ec35c51b23ae0d2b0b05c81944d,FY2024Q3; TD supports initiatives helping to prepare underrepresented and underserved comm
td_newsroom,news_json,2024-05-16_td-supports-initiatives-helping-to-prepare-underrepresented,data/raw/news/2024-05-16_td-supports-initiatives-helping-to-prepare-underrepresented.json,https://stories.td.com/ca/en/news/2024-05-16-td-supports-initiatives-helping-to-prepare-underrepresented,2026-04-18T02:10:02+00:00,41.0,05ae21f09e4f972c3afa7947eda36b9b9aa8b00a34b1dca4c38359151ed46b47,parsed headline + body
td_newsroom,news_html,2024-05-16_td-grows-its-patent-inventor-base-by-more-than-40-25-in-three,data/raw/news/2024-05-16_td-grows-its-patent-inventor-base-by-more-than-40-25-in-three.html,https://stories.td.com/ca/en/news/2024-05-16-td-grows-its-patent-inventor-base-by-more-than-40-25-in-three,2026-04-18T02:10:02+00:00,,cdfa9fb83405214f96428144e9848f4233047d70b9cd0e8d9d912bd3e3e4b49d,FY2024Q3; TD grows its patent inventor base by more than 40% in three years
td_newsroom,news_json,2024-05-16_td-grows-its-patent-inventor-base-by-more-than-40-25-in-three,data/raw/news/2024-05-16_td-grows-its-patent-inventor-base-by-more-than-40-25-in-three.json,https://stories.td.com/ca/en/news/2024-05-16-td-grows-its-patent-inventor-base-by-more-than-40-25-in-three,2026-04-18T02:10:02+00:00,41.0,bbd0da8544ef2d897065433de2db52ae436805d18cf5a59918c3d6feac235fb3,parsed headline + body
td_newsroom,news_html,2024-05-21_2fr-e-p-e-a-t-media-advisory-td-bank-group-to-release-se,data/raw/news/2024-05-21_2fr-e-p-e-a-t-media-advisory-td-bank-group-to-release-se.html,https://stories.td.com/ca/en/news/2024-05-21--2fr-e-p-e-a-t----media-advisory---td-bank-group-to-release-se,2026-04-18T02:10:03+00:00,,4e2929348ea32bb83732c4675d3310eaf9eefee1decd0915395b41fd1a0b5df9,FY2024Q3; /R E P E A T -- Media Advisory - TD Bank Group to release second quarter financi
td_newsroom,news_json,2024-05-21_2fr-e-p-e-a-t-media-advisory-td-bank-group-to-release-se,data/raw/news/2024-05-21_2fr-e-p-e-a-t-media-advisory-td-bank-group-to-release-se.json,https://stories.td.com/ca/en/news/2024-05-21--2fr-e-p-e-a-t----media-advisory---td-bank-group-to-release-se,2026-04-18T02:10:03+00:00,15.0,5eb3956d662fbcf171da6c56fbb0fc1a2f62c5f3f2dd895201d7107ccbb8efb7,parsed headline + body
td_newsroom,news_html,2024-05-21_td-scholarship-for-indigenous-peoples-announces-2024-recipie,data/raw/news/2024-05-21_td-scholarship-for-indigenous-peoples-announces-2024-recipie.html,https://stories.td.com/ca/en/news/2024-05-21-td-scholarship-for-indigenous-peoples-announces-2024-recipie,2026-04-18T02:10:04+00:00,,b34ed23bbaddf800d5cdea97d5d885caf377aefe4dc20efcfbe40a2504859a71,FY2024Q3; TD Scholarship for Indigenous Peoples announces 2024 recipients
td_newsroom,news_json,2024-05-21_td-scholarship-for-indigenous-peoples-announces-2024-recipie,data/raw/news/2024-05-21_td-scholarship-for-indigenous-peoples-announces-2024-recipie.json,https://stories.td.com/ca/en/news/2024-05-21-td-scholarship-for-indigenous-peoples-announces-2024-recipie,2026-04-18T02:10:04+00:00,79.0,6a51afce2758d47756cc17672532e792d064b18afb9eb191cae06ffd9a046216,parsed headline + body
td_newsroom,news_html,2024-05-23_td-bank-group-declares-dividends,data/raw/news/2024-05-23_td-bank-group-declares-dividends.html,https://stories.td.com/ca/en/news/2024-05-23-td-bank-group-declares-dividends,2026-04-18T02:10:04+00:00,,9aacea05b15098d885a7831f07391498a17e27cec89aa74d56f6ff9d40387988,FY2024Q3; TD BANK GROUP DECLARES DIVIDENDS
td_newsroom,news_json,2024-05-23_td-bank-group-declares-dividends,data/raw/news/2024-05-23_td-bank-group-declares-dividends.json,https://stories.td.com/ca/en/news/2024-05-23-td-bank-group-declares-dividends,2026-04-18T02:10:04+00:00,39.0,9739a61cccb0cbf90ec35e537d40fe10fdef57cb849c806ab111599a01a088df,parsed headline + body
td_newsroom,news_html,2024-05-23_td-bank-group-reports-second-quarter-2024-results,data/raw/news/2024-05-23_td-bank-group-reports-second-quarter-2024-results.html,https://stories.td.com/ca/en/news/2024-05-23-td-bank-group-reports-second-quarter-2024-results,2026-04-18T02:10:05+00:00,,78685d3cb20639b1840a6f39f8b9cdc26c2ff6ddaf7ac03dfcf4a517f35b8b4d,FY2024Q3; TD Bank Group Reports Second Quarter 2024 Results
td_newsroom,news_json,2024-05-23_td-bank-group-reports-second-quarter-2024-results,data/raw/news/2024-05-23_td-bank-group-reports-second-quarter-2024-results.json,https://stories.td.com/ca/en/news/2024-05-23-td-bank-group-reports-second-quarter-2024-results,2026-04-18T02:10:05+00:00,3987.0,2f92ce9ebbc9989486ef5220581c8136d8d1379ce9d9450bbbb505be3223a28d,parsed headline + body
td_newsroom,news_html,2024-05-28_media-advisory-td-bank-group-executive-to-present-at-the-t,data/raw/news/2024-05-28_media-advisory-td-bank-group-executive-to-present-at-the-t.html,https://stories.td.com/ca/en/news/2024-05-28-media-advisory---td-bank-group-executive-to-present-at-the-t,2026-04-18T02:10:06+00:00,,08552343556dbc9153c0aff8233a02c5434fa73d840e3390a8a75b617a61b281,FY2024Q3; MEDIA ADVISORY - TD Bank Group Executive to Present at the TD Financial Services
td_newsroom,news_json,2024-05-28_media-advisory-td-bank-group-executive-to-present-at-the-t,data/raw/news/2024-05-28_media-advisory-td-bank-group-executive-to-present-at-the-t.json,https://stories.td.com/ca/en/news/2024-05-28-media-advisory---td-bank-group-executive-to-present-at-the-t,2026-04-18T02:10:06+00:00,7.0,659a5ad1a3d38712f49cec116515aa5042fe2f66158e6bb8498e52b9a8857dfd,parsed headline + body
td_newsroom,news_html,2024-05-28_td-awards-241-4-million-in-scholarships-to-20-outstanding-can,data/raw/news/2024-05-28_td-awards-241-4-million-in-scholarships-to-20-outstanding-can.html,https://stories.td.com/ca/en/news/2024-05-28-td-awards-241.4-million-in-scholarships-to-20-outstanding-can,2026-04-18T02:10:07+00:00,,73185bb87a345c0674e7d28a08d5f9eac7fa9516c8ee4c0969280d5489c62f52,FY2024Q3; TD awards $1.4 million in scholarships to 20 outstanding Canadian students
td_newsroom,news_json,2024-05-28_td-awards-241-4-million-in-scholarships-to-20-outstanding-can,data/raw/news/2024-05-28_td-awards-241-4-million-in-scholarships-to-20-outstanding-can.json,https://stories.td.com/ca/en/news/2024-05-28-td-awards-241.4-million-in-scholarships-to-20-outstanding-can,2026-04-18T02:10:07+00:00,63.0,095ffee9e1e991690619dc7933526c72dc62e40096f1bc441d41b966839de40e,parsed headline + body
td_newsroom,news_html,2024-05-30_despite-knowledge-gaps-and-financial-constraints-2c-home-owner,data/raw/news/2024-05-30_despite-knowledge-gaps-and-financial-constraints-2c-home-owner.html,https://stories.td.com/ca/en/news/2024-05-30-despite-knowledge-gaps-and-financial-constraints-2c-home-owner,2026-04-18T02:10:07+00:00,,6268d018ab28e0f7c9959aa6b0cc9793623bf37350cef6148f3aea4a7b269875,"FY2024Q3; Despite knowledge gaps and financial constraints, home ownership remains largest"
td_newsroom,news_json,2024-05-30_despite-knowledge-gaps-and-financial-constraints-2c-home-owner,data/raw/news/2024-05-30_despite-knowledge-gaps-and-financial-constraints-2c-home-owner.json,https://stories.td.com/ca/en/news/2024-05-30-despite-knowledge-gaps-and-financial-constraints-2c-home-owner,2026-04-18T02:10:07+00:00,43.0,19e4cba619c00b446a65cf4b1ca6222ba581e095c9512ed17ea88ca9668d3a67,parsed headline + body
td_newsroom,news_html,2024-06-04_2fr-e-p-e-a-t-media-advisory-td-bank-group-executive-to,data/raw/news/2024-06-04_2fr-e-p-e-a-t-media-advisory-td-bank-group-executive-to.html,https://stories.td.com/ca/en/news/2024-06-04--2fr-e-p-e-a-t----media-advisory---td-bank-group-executive-to,2026-04-18T02:10:08+00:00,,b742b4d5f8e63cbd4e34f1f707d8c39c619cff57fa641a143477b0aa25246724,FY2024Q3; /R E P E A T -- MEDIA ADVISORY - TD Bank Group Executive to Present at the TD Fi
td_newsroom,news_json,2024-06-04_2fr-e-p-e-a-t-media-advisory-td-bank-group-executive-to,data/raw/news/2024-06-04_2fr-e-p-e-a-t-media-advisory-td-bank-group-executive-to.json,https://stories.td.com/ca/en/news/2024-06-04--2fr-e-p-e-a-t----media-advisory---td-bank-group-executive-to,2026-04-18T02:10:08+00:00,7.0,5080794bcc842406b1715b34894badedf70607425646b0e3140cf2a08d99308c,parsed headline + body
td_newsroom,news_html,2024-06-04_the-majority-of-canadians-surveyed-know-all-the-ways-to-save,data/raw/news/2024-06-04_the-majority-of-canadians-surveyed-know-all-the-ways-to-save.html,https://stories.td.com/ca/en/news/2024-06-04-the-majority-of-canadians-surveyed-know-all-the-ways-to-save,2026-04-18T02:10:09+00:00,,efbd3eb8c7fc193e88a8568430660321089621dafba8d053814f34dd3ac4fbec,FY2024Q3; The majority of Canadians surveyed know all the ways to save on their monthly ex
td_newsroom,news_json,2024-06-04_the-majority-of-canadians-surveyed-know-all-the-ways-to-save,data/raw/news/2024-06-04_the-majority-of-canadians-surveyed-know-all-the-ways-to-save.json,https://stories.td.com/ca/en/news/2024-06-04-the-majority-of-canadians-surveyed-know-all-the-ways-to-save,2026-04-18T02:10:09+00:00,19.0,e76c4e70664568049bd9910565af7602ddfa80bb030722dd3112f7a603e68c57,parsed headline + body
td_newsroom,news_html,2024-06-05_td-canada-trust-announces-change-to-td-prime-rate,data/raw/news/2024-06-05_td-canada-trust-announces-change-to-td-prime-rate.html,https://stories.td.com/ca/en/news/2024-06-05-td-canada-trust-announces-change-to-td-prime-rate,2026-04-18T02:10:10+00:00,,eb1bf5353add083429a773e6d4c028e215ba70e3f2496085e6461d41ff0f55ef,FY2024Q3; TD Canada Trust announces change to TD Prime Rate
td_newsroom,news_json,2024-06-05_td-canada-trust-announces-change-to-td-prime-rate,data/raw/news/2024-06-05_td-canada-trust-announces-change-to-td-prime-rate.json,https://stories.td.com/ca/en/news/2024-06-05-td-canada-trust-announces-change-to-td-prime-rate,2026-04-18T02:10:10+00:00,7.0,ac09c77fea9bcf0cdac013b9ae51c0a732f95a4a3bd113e0579c7d2ccfcad650,parsed headline + body
td_newsroom,news_html,2024-06-05_td-asset-management-inc-announces-changes-to-its-mutual-fun,data/raw/news/2024-06-05_td-asset-management-inc-announces-changes-to-its-mutual-fun.html,https://stories.td.com/ca/en/news/2024-06-05-td-asset-management-inc.-announces-changes-to-its-mutual-fun,2026-04-18T02:10:10+00:00,,15da2aaed85e1b8a1d4296fe2eecab6c7495b0f8f4408d1ebb07544a27225d31,FY2024Q3; TD Asset Management Inc. announces changes to its mutual fund line-up
td_newsroom,news_json,2024-06-05_td-asset-management-inc-announces-changes-to-its-mutual-fun,data/raw/news/2024-06-05_td-asset-management-inc-announces-changes-to-its-mutual-fun.json,https://stories.td.com/ca/en/news/2024-06-05-td-asset-management-inc.-announces-changes-to-its-mutual-fun,2026-04-18T02:10:10+00:00,59.0,392946d236ed2afc933ebc5cfe94dde0f9f96d44395e22537c464e3843d05c93,parsed headline + body
td_newsroom,news_html,2024-06-14_td-asset-management-inc-announces-td-etf-distributions,data/raw/news/2024-06-14_td-asset-management-inc-announces-td-etf-distributions.html,https://stories.td.com/ca/en/news/2024-06-14-td-asset-management-inc.-announces-td-etf-distributions,2026-04-18T02:10:11+00:00,,9b07245a558a3e145e62223ba46ee756c481042073864ca67fc6fc6b1bec77db,FY2024Q3; TD Asset Management Inc. Announces TD ETF Distributions
td_newsroom,news_json,2024-06-14_td-asset-management-inc-announces-td-etf-distributions,data/raw/news/2024-06-14_td-asset-management-inc-announces-td-etf-distributions.json,https://stories.td.com/ca/en/news/2024-06-14-td-asset-management-inc.-announces-td-etf-distributions,2026-04-18T02:10:11+00:00,303.0,bdaa42ae5cc51eba0492ca76d55460841b7b5f13ea3acd910e78c89aa7daad37,parsed headline + body
td_newsroom,news_html,2024-06-18_td-launches-full-service-platform-supporting-technology-and,data/raw/news/2024-06-18_td-launches-full-service-platform-supporting-technology-and.html,https://stories.td.com/ca/en/news/2024-06-18-td-launches-full-service-platform-supporting-technology-and,2026-04-18T02:10:12+00:00,,b9362c177b0afce05276a292be5fcb9f04a9a5a67aa61fd7055d522ff1fde2ae,FY2024Q3; TD Launches Full-Service Platform supporting Technology and Innovation Clients i
td_newsroom,news_json,2024-06-18_td-launches-full-service-platform-supporting-technology-and,data/raw/news/2024-06-18_td-launches-full-service-platform-supporting-technology-and.json,https://stories.td.com/ca/en/news/2024-06-18-td-launches-full-service-platform-supporting-technology-and,2026-04-18T02:10:12+00:00,21.0,f2d458baf9c0013654d5d7cbfab486e52d9976ec6ed28cde27cf967fb2a812a0,parsed headline + body
td_newsroom,news_html,2024-06-19_td-asset-management-inc-announces-notional-td-etf-distribut,data/raw/news/2024-06-19_td-asset-management-inc-announces-notional-td-etf-distribut.html,https://stories.td.com/ca/en/news/2024-06-19-td-asset-management-inc.-announces-notional-td-etf-distribut,2026-04-18T02:10:12+00:00,,913713f2cf3bdff8121bfc43b98c792d4e3b04bfb0c774d99e366323fb2b1f6c,FY2024Q3; TD Asset Management Inc. Announces Notional TD ETF Distributions
td_newsroom,news_json,2024-06-19_td-asset-management-inc-announces-notional-td-etf-distribut,data/raw/news/2024-06-19_td-asset-management-inc-announces-notional-td-etf-distribut.json,https://stories.td.com/ca/en/news/2024-06-19-td-asset-management-inc.-announces-notional-td-etf-distribut,2026-04-18T02:10:12+00:00,41.0,f2b91e10560c014d32109dc622de1816c3cc10fc7c6ee743b06953d37a742a9f,parsed headline + body
td_newsroom,news_html,2024-06-20_td-bank-announces-redemption-of-3-224-25-medium-term-notes-28no,data/raw/news/2024-06-20_td-bank-announces-redemption-of-3-224-25-medium-term-notes-28no.html,https://stories.td.com/ca/en/news/2024-06-20-td-bank-announces-redemption-of-3.224-25-medium-term-notes-28no,2026-04-18T02:10:13+00:00,,944ba18583e8486903d7bc8ef666ec86ecc551b4b1a6d9f07380d2fc320789ac,FY2024Q3; TD Bank Announces Redemption of 3.224% Medium Term Notes (Non-Viability Continge
td_newsroom,news_json,2024-06-20_td-bank-announces-redemption-of-3-224-25-medium-term-notes-28no,data/raw/news/2024-06-20_td-bank-announces-redemption-of-3-224-25-medium-term-notes-28no.json,https://stories.td.com/ca/en/news/2024-06-20-td-bank-announces-redemption-of-3.224-25-medium-term-notes-28no,2026-04-18T02:10:13+00:00,11.0,98932dd03b0cd1ff23df4388d70a19966f9e470b8fee744a0194f2376adb3264,parsed headline + body
td_newsroom,news_html,2024-06-24_td-announces-non-viability-contingent-capital-at1-limited-re,data/raw/news/2024-06-24_td-announces-non-viability-contingent-capital-at1-limited-re.html,https://stories.td.com/ca/en/news/2024-06-24-td-announces-non-viability-contingent-capital-at1-limited-re,2026-04-18T02:10:14+00:00,,3de283a0b8038ffa4e659f11e5e6a2282f33343208e2327a5cd60229e2800191,FY2024Q3; TD Announces Non-Viability Contingent Capital AT1 Limited Recourse Capital Notes
td_newsroom,news_json,2024-06-24_td-announces-non-viability-contingent-capital-at1-limited-re,data/raw/news/2024-06-24_td-announces-non-viability-contingent-capital-at1-limited-re.json,https://stories.td.com/ca/en/news/2024-06-24-td-announces-non-viability-contingent-capital-at1-limited-re,2026-04-18T02:10:14+00:00,21.0,a1582b61bb1326552aeb6a94d638d1712dc4f84103026bc90aa25954f7d08483,parsed headline + body
td_newsroom,news_html,2024-06-25_td-bank-group-announces-redemption-of-non-cumulative-5-year-2,data/raw/news/2024-06-25_td-bank-group-announces-redemption-of-non-cumulative-5-year-2.html,https://stories.td.com/ca/en/news/2024-06-25-td-bank-group-announces-redemption-of-non-cumulative-5-year-2,2026-04-18T02:10:14+00:00,,b22e7a5a920e093dda52f919a9f5f4b44336de3c2411bf2351169339f080eff7,FY2024Q3; TD Bank Group Announces Redemption of Non-Cumulative 5-Year Rate Reset Class A F
td_newsroom,news_json,2024-06-25_td-bank-group-announces-redemption-of-non-cumulative-5-year-2,data/raw/news/2024-06-25_td-bank-group-announces-redemption-of-non-cumulative-5-year-2.json,https://stories.td.com/ca/en/news/2024-06-25-td-bank-group-announces-redemption-of-non-cumulative-5-year-2,2026-04-18T02:10:14+00:00,11.0,3413052eb0d8b83b72494e3a9ecd228537874b3ffba5b8cc9b976fd30c768c0c,parsed headline + body
td_newsroom,news_html,2024-06-25_td-bank-group-announces-redemption-of-non-cumulative-5-year,data/raw/news/2024-06-25_td-bank-group-announces-redemption-of-non-cumulative-5-year.html,https://stories.td.com/ca/en/news/2024-06-25-td-bank-group-announces-redemption-of-non-cumulative-5-year,2026-04-18T02:10:15+00:00,,93752bffe9ad78318c7cb7517be0344a511a4eeb706222ea80eba61170435f94,FY2024Q3; TD Bank Group Announces Redemption of Non-Cumulative 5-Year Rate Reset Class A F
td_newsroom,news_json,2024-06-25_td-bank-group-announces-redemption-of-non-cumulative-5-year,data/raw/news/2024-06-25_td-bank-group-announces-redemption-of-non-cumulative-5-year.json,https://stories.td.com/ca/en/news/2024-06-25-td-bank-group-announces-redemption-of-non-cumulative-5-year,2026-04-18T02:10:15+00:00,13.0,b8df4dc9568a440032f7259ecd950387ae96d4065f89cb765a419478e76e27c8,parsed headline + body
td_newsroom,news_html,2024-06-26_td-asset-management-announces-the-final-valuation-of-termina,data/raw/news/2024-06-26_td-asset-management-announces-the-final-valuation-of-termina.html,https://stories.td.com/ca/en/news/2024-06-26-td-asset-management-announces-the-final-valuation-of-termina,2026-04-18T02:10:16+00:00,,d903891551d050bcb33f78963c576af3726a876e4b84f03ad431f7aa4132b3f4,FY2024Q3; TD Asset Management Announces the Final Valuation of Terminating ETFs
td_newsroom,news_json,2024-06-26_td-asset-management-announces-the-final-valuation-of-termina,data/raw/news/2024-06-26_td-asset-management-announces-the-final-valuation-of-termina.json,https://stories.td.com/ca/en/news/2024-06-26-td-asset-management-announces-the-final-valuation-of-termina,2026-04-18T02:10:16+00:00,111.0,7b758e97c0a4ab130c65912b6ba5c581857e554c56ff65b115e702af8dedb9ae,parsed headline + body
td_newsroom,news_html,2024-06-26_td-and-mpower-financing-collaborate-to-help-simplify-the-ban,data/raw/news/2024-06-26_td-and-mpower-financing-collaborate-to-help-simplify-the-ban.html,https://stories.td.com/ca/en/news/2024-06-26-td-and-mpower-financing-collaborate-to-help-simplify-the-ban,2026-04-18T02:10:17+00:00,,47e5b47a589a7055bd4007eac398dbc8e8854f76e04bc6da5a9a96d97a154b90,FY2024Q3; TD and MPOWER Financing Collaborate to Help Simplify the Banking Experience for 
td_newsroom,news_json,2024-06-26_td-and-mpower-financing-collaborate-to-help-simplify-the-ban,data/raw/news/2024-06-26_td-and-mpower-financing-collaborate-to-help-simplify-the-ban.json,https://stories.td.com/ca/en/news/2024-06-26-td-and-mpower-financing-collaborate-to-help-simplify-the-ban,2026-04-18T02:10:17+00:00,25.0,ff5b1f15e741139430a915e3cddf2609feb55499705bbb134b6f8ec8dcc12d90,parsed headline + body
td_newsroom,news_html,2024-07-02_td-announces-non-viability-contingent-capital-at1-perpetual,data/raw/news/2024-07-02_td-announces-non-viability-contingent-capital-at1-perpetual.html,https://stories.td.com/ca/en/news/2024-07-02-td-announces-non-viability-contingent-capital-at1-perpetual,2026-04-18T02:10:18+00:00,,cf2ef0b9170f1e00ba553ea087ea3231df7202ac0c327f689bad31fe6a1beedc,FY2024Q3; TD Announces Non-Viability Contingent Capital AT1 Perpetual Notes Issue
td_newsroom,news_json,2024-07-02_td-announces-non-viability-contingent-capital-at1-perpetual,data/raw/news/2024-07-02_td-announces-non-viability-contingent-capital-at1-perpetual.json,https://stories.td.com/ca/en/news/2024-07-02-td-announces-non-viability-contingent-capital-at1-perpetual,2026-04-18T02:10:18+00:00,21.0,0acc3228314a8d549d32b8b982702e6c5f2354a1020edbefc5c0199220094b7a,parsed headline + body
td_newsroom,news_html,2024-07-05_td-announces-increase-to-non-viability-contingent-capital-at,data/raw/news/2024-07-05_td-announces-increase-to-non-viability-contingent-capital-at.html,https://stories.td.com/ca/en/news/2024-07-05-td-announces-increase-to-non-viability-contingent-capital-at,2026-04-18T02:10:19+00:00,,aed914e04a0e1c5530557f1744c81451162134dcf505cb6971d882d8135bdba8,FY2024Q3; TD Announces Increase to Non-Viability Contingent Capital AT1 Perpetual Notes Is
td_newsroom,news_json,2024-07-05_td-announces-increase-to-non-viability-contingent-capital-at,data/raw/news/2024-07-05_td-announces-increase-to-non-viability-contingent-capital-at.json,https://stories.td.com/ca/en/news/2024-07-05-td-announces-increase-to-non-viability-contingent-capital-at,2026-04-18T02:10:19+00:00,15.0,24f05beb9024c27e2e2a54764ac2857d85adf9507198f8b70937aaa85a4b0218,parsed headline + body
td_newsroom,news_html,2024-07-16_td-ranks-as-a-top-scorer-and-is-recognized-as-a-22best-place,data/raw/news/2024-07-16_td-ranks-as-a-top-scorer-and-is-recognized-as-a-22best-place.html,https://stories.td.com/ca/en/news/2024-07-16-td-ranks-as-a-top-scorer-and-is-recognized-as-a-22best-place,2026-04-18T02:10:19+00:00,,5c69179ff7c4cc181792c2c90a1c176cbd6712ac2bfea3decfe81cc23922c2a0,"FY2024Q3; TD ranks as a top-scorer and is recognized as a ""Best Place to Work for Disabili"
td_newsroom,news_json,2024-07-16_td-ranks-as-a-top-scorer-and-is-recognized-as-a-22best-place,data/raw/news/2024-07-16_td-ranks-as-a-top-scorer-and-is-recognized-as-a-22best-place.json,https://stories.td.com/ca/en/news/2024-07-16-td-ranks-as-a-top-scorer-and-is-recognized-as-a-22best-place,2026-04-18T02:10:19+00:00,53.0,876a3966413170ebc3d72a1acd326f82f0d569ed35a9f12e00e38413dbd9e7fb,parsed headline + body
td_newsroom,news_html,2024-07-17_td-bank-group-comments-on-expected-impact-of-the-charles-sch,data/raw/news/2024-07-17_td-bank-group-comments-on-expected-impact-of-the-charles-sch.html,https://stories.td.com/ca/en/news/2024-07-17-td-bank-group-comments-on-expected-impact-of-the-charles-sch,2026-04-18T02:10:20+00:00,,3349419e6d71a08dda50c25a6d1a5d4910c5a7823655362aea6ce6091f092828,FY2024Q3; TD Bank Group Comments on Expected Impact of the Charles Schwab Corporation's Se
td_newsroom,news_json,2024-07-17_td-bank-group-comments-on-expected-impact-of-the-charles-sch,data/raw/news/2024-07-17_td-bank-group-comments-on-expected-impact-of-the-charles-sch.json,https://stories.td.com/ca/en/news/2024-07-17-td-bank-group-comments-on-expected-impact-of-the-charles-sch,2026-04-18T02:10:20+00:00,23.0,7562c3268bb1a318520461baad933a92bb985867030a036d7f7701edc2a5dee2,parsed headline + body
td_newsroom,news_html,2024-07-23_td-asset-management-inc-announces-td-etf-distributions,data/raw/news/2024-07-23_td-asset-management-inc-announces-td-etf-distributions.html,https://stories.td.com/ca/en/news/2024-07-23-td-asset-management-inc.-announces-td-etf-distributions,2026-04-18T02:10:21+00:00,,4e446c6798e9e8d739c83f837c824777672e6f466ffcf5c00e074bfe5d50b92d,FY2024Q3; TD Asset Management Inc. Announces TD ETF Distributions
td_newsroom,news_json,2024-07-23_td-asset-management-inc-announces-td-etf-distributions,data/raw/news/2024-07-23_td-asset-management-inc-announces-td-etf-distributions.json,https://stories.td.com/ca/en/news/2024-07-23-td-asset-management-inc.-announces-td-etf-distributions,2026-04-18T02:10:21+00:00,183.0,e20feb8c6646c033a16d5df751cf26e22d7a2ff5b230fa09359fdaf53f06cc75,parsed headline + body
td_newsroom,news_html,2024-07-24_td-canada-trust-announces-change-to-td-prime-rate,data/raw/news/2024-07-24_td-canada-trust-announces-change-to-td-prime-rate.html,https://stories.td.com/ca/en/news/2024-07-24-td-canada-trust-announces-change-to-td-prime-rate,2026-04-18T02:10:22+00:00,,452e0c40db3786c748b78eee3c6727cba89445ff4ebb0586666ee8749430479b,FY2024Q3; TD Canada Trust announces change to TD Prime Rate
td_newsroom,news_json,2024-07-24_td-canada-trust-announces-change-to-td-prime-rate,data/raw/news/2024-07-24_td-canada-trust-announces-change-to-td-prime-rate.json,https://stories.td.com/ca/en/news/2024-07-24-td-canada-trust-announces-change-to-td-prime-rate,2026-04-18T02:10:22+00:00,9.0,f2ace2678ab62c597e2d16ab2dea41c168ea90fda7cdea6d963e5ec0ff3db79c,parsed headline + body
td_newsroom,news_html,2024-07-24_2024-td-ready-challenge-focuses-on-addressing-systemic-barri,data/raw/news/2024-07-24_2024-td-ready-challenge-focuses-on-addressing-systemic-barri.html,https://stories.td.com/ca/en/news/2024-07-24-2024-td-ready-challenge-focuses-on-addressing-systemic-barri,2026-04-18T02:10:23+00:00,,6f5766afc89d0ca6c6229267fae359c88bb9fab4936563eb29139c9b55a8525a,FY2024Q3; 2024 TD Ready Challenge focuses on addressing systemic barriers that underserved
td_newsroom,news_json,2024-07-24_2024-td-ready-challenge-focuses-on-addressing-systemic-barri,data/raw/news/2024-07-24_2024-td-ready-challenge-focuses-on-addressing-systemic-barri.json,https://stories.td.com/ca/en/news/2024-07-24-2024-td-ready-challenge-focuses-on-addressing-systemic-barri,2026-04-18T02:10:23+00:00,27.0,98f17a763896690078dffb1bb6ed1c7c095ba37c36b283a1736d3d151e1d6f70,parsed headline + body
td_newsroom,news_html,2024-07-25_td-asset-management-inc-announces-reductions-to-fees-2c-chang,data/raw/news/2024-07-25_td-asset-management-inc-announces-reductions-to-fees-2c-chang.html,https://stories.td.com/ca/en/news/2024-07-25-td-asset-management-inc.-announces-reductions-to-fees-2c-chang,2026-04-18T02:10:23+00:00,,34ef8158fd582231d10738a8e00b2ed963001576c26b98c4e9dabe23c814e733,"FY2024Q3; TD Asset Management Inc. announces reductions to fees, changes to fund names and"
td_newsroom,news_json,2024-07-25_td-asset-management-inc-announces-reductions-to-fees-2c-chang,data/raw/news/2024-07-25_td-asset-management-inc-announces-reductions-to-fees-2c-chang.json,https://stories.td.com/ca/en/news/2024-07-25-td-asset-management-inc.-announces-reductions-to-fees-2c-chang,2026-04-18T02:10:23+00:00,187.0,e5cf8a1dd64e92231fdc652c85f373680537c59c07060d69a8f7381702039d1f,parsed headline + body
td_newsroom,news_html,2024-08-01_media-advisory-td-bank-group-to-release-third-quarter-fina,data/raw/news/2024-08-01_media-advisory-td-bank-group-to-release-third-quarter-fina.html,https://stories.td.com/ca/en/news/2024-08-01-media-advisory---td-bank-group-to-release-third-quarter-fina,2026-04-18T02:10:24+00:00,,2a4e310c69cce1e703008abe0422f8085d9d29682f4db51b4de54329b4675075,FY2024Q4; Media Advisory - TD Bank Group to release third quarter financial results
td_newsroom,news_json,2024-08-01_media-advisory-td-bank-group-to-release-third-quarter-fina,data/raw/news/2024-08-01_media-advisory-td-bank-group-to-release-third-quarter-fina.json,https://stories.td.com/ca/en/news/2024-08-01-media-advisory---td-bank-group-to-release-third-quarter-fina,2026-04-18T02:10:24+00:00,17.0,3b3ef935f0af98bb64cb7d5966c7566cb20e4b1cb4e3199fbb32051e5046ff07,parsed headline + body
td_newsroom,news_html,2024-08-07_td-direct-investing-launches-fractional-trading-for-canadian,data/raw/news/2024-08-07_td-direct-investing-launches-fractional-trading-for-canadian.html,https://stories.td.com/ca/en/news/2024-08-07-td-direct-investing-launches-fractional-trading-for-canadian,2026-04-18T02:10:25+00:00,,4b637f760ad3dccde9c5005cf1416d06d01126ee6ccb5ef7072666028c849da5,FY2024Q4; TD Direct Investing launches fractional trading for Canadian investors
td_newsroom,news_json,2024-08-07_td-direct-investing-launches-fractional-trading-for-canadian,data/raw/news/2024-08-07_td-direct-investing-launches-fractional-trading-for-canadian.json,https://stories.td.com/ca/en/news/2024-08-07-td-direct-investing-launches-fractional-trading-for-canadian,2026-04-18T02:10:25+00:00,29.0,96d60e2ee89fae09659a74ce067e50f5161121e5a8daff362023600dbc48fabd,parsed headline + body
td_newsroom,news_html,2024-08-14_media-advisory-td-bank-group-executive-to-present-at-the-s,data/raw/news/2024-08-14_media-advisory-td-bank-group-executive-to-present-at-the-s.html,https://stories.td.com/ca/en/news/2024-08-14-media-advisory---td-bank-group-executive-to-present-at-the-s,2026-04-18T02:10:25+00:00,,28965b900f572abdbc8bad9506951576ea1b792211950423a3065cd7b90f153f,FY2024Q4; MEDIA ADVISORY - TD Bank Group Executive to Present at the Scotiabank Financials
td_newsroom,news_json,2024-08-14_media-advisory-td-bank-group-executive-to-present-at-the-s,data/raw/news/2024-08-14_media-advisory-td-bank-group-executive-to-present-at-the-s.json,https://stories.td.com/ca/en/news/2024-08-14-media-advisory---td-bank-group-executive-to-present-at-the-s,2026-04-18T02:10:25+00:00,9.0,a156c5dd4fce008bd78f76469604d61934a19fc2fdd7d326afdc5c95c9af546c,parsed headline + body
td_newsroom,news_html,2024-08-19_td-asset-management-inc-announces-td-etf-distributions,data/raw/news/2024-08-19_td-asset-management-inc-announces-td-etf-distributions.html,https://stories.td.com/ca/en/news/2024-08-19-td-asset-management-inc.-announces-td-etf-distributions,2026-04-18T02:10:26+00:00,,a3f24cc588f7acb909017d19428f8f8aaf3fdd3dbfb040e75cdaa162253b4094,FY2024Q4; TD Asset Management Inc. Announces TD ETF Distributions
td_newsroom,news_json,2024-08-19_td-asset-management-inc-announces-td-etf-distributions,data/raw/news/2024-08-19_td-asset-management-inc-announces-td-etf-distributions.json,https://stories.td.com/ca/en/news/2024-08-19-td-asset-management-inc.-announces-td-etf-distributions,2026-04-18T02:10:26+00:00,183.0,47d458da7f03647544d475098da5a454b9432fb0bd8884a3c6fd389a597e8587,parsed headline + body
td_newsroom,news_html,2024-08-20_media-advisory-td-bank-group-executive-to-present-at-the-b,data/raw/news/2024-08-20_media-advisory-td-bank-group-executive-to-present-at-the-b.html,https://stories.td.com/ca/en/news/2024-08-20-media-advisory---td-bank-group-executive-to-present-at-the-b,2026-04-18T02:10:27+00:00,,4f67530e1c188563247c4899b4d540ee36f50a3219602862c8c593958687d2aa,FY2024Q4; MEDIA ADVISORY - TD Bank Group Executive to Present at the Barclays Global Finan
td_newsroom,news_json,2024-08-20_media-advisory-td-bank-group-executive-to-present-at-the-b,data/raw/news/2024-08-20_media-advisory-td-bank-group-executive-to-present-at-the-b.json,https://stories.td.com/ca/en/news/2024-08-20-media-advisory---td-bank-group-executive-to-present-at-the-b,2026-04-18T02:10:27+00:00,9.0,ad779dc74b0db53536cdbb4d00493505d6d7e1603fa887f4c2a040e6ca0c7850,parsed headline + body
td_newsroom,news_html,2024-08-20_2fr-e-p-e-a-t-media-advisory-td-bank-group-to-release-th,data/raw/news/2024-08-20_2fr-e-p-e-a-t-media-advisory-td-bank-group-to-release-th.html,https://stories.td.com/ca/en/news/2024-08-20--2fr-e-p-e-a-t----media-advisory---td-bank-group-to-release-th,2026-04-18T02:10:28+00:00,,e6231859d66bd314a725f18d533ae741a46a3a683757bfa27f019c300a311425,FY2024Q4; /R E P E A T -- Media Advisory - TD Bank Group to release third quarter financia
td_newsroom,news_json,2024-08-20_2fr-e-p-e-a-t-media-advisory-td-bank-group-to-release-th,data/raw/news/2024-08-20_2fr-e-p-e-a-t-media-advisory-td-bank-group-to-release-th.json,https://stories.td.com/ca/en/news/2024-08-20--2fr-e-p-e-a-t----media-advisory---td-bank-group-to-release-th,2026-04-18T02:10:28+00:00,17.0,fc9564c2e34c2645544de1868e7b67b7f890abcbf251a541b3ca5df3c3446f43,parsed headline + body
td_newsroom,news_html,2024-08-21_td-bank-provides-update-on-u-s-aml-matters,data/raw/news/2024-08-21_td-bank-provides-update-on-u-s-aml-matters.html,https://stories.td.com/ca/en/news/2024-08-21-td-bank-provides-update-on-u.s.-aml-matters,2026-04-18T02:10:29+00:00,,6ecd2064f51658e5dd45791812c6a609a7a21c0b4f930d026284b8e08395acde,FY2024Q4; TD Bank Provides Update on U.S. AML Matters
td_newsroom,news_json,2024-08-21_td-bank-provides-update-on-u-s-aml-matters,data/raw/news/2024-08-21_td-bank-provides-update-on-u-s-aml-matters.json,https://stories.td.com/ca/en/news/2024-08-21-td-bank-provides-update-on-u.s.-aml-matters,2026-04-18T02:10:29+00:00,35.0,9a3c00145a247fe94221b3d9bb61dfb78841ed5841319abe03014bb6c4b3e86e,parsed headline + body
td_newsroom,news_html,2024-08-22_td-bank-group-declares-dividends,data/raw/news/2024-08-22_td-bank-group-declares-dividends.html,https://stories.td.com/ca/en/news/2024-08-22-td-bank-group-declares-dividends,2026-04-18T02:10:29+00:00,,e29aebcf0030c3dc1ee685632cf72df381fae6d097987b8983602d085daf1ca9,FY2024Q4; TD BANK GROUP DECLARES DIVIDENDS
td_newsroom,news_json,2024-08-22_td-bank-group-declares-dividends,data/raw/news/2024-08-22_td-bank-group-declares-dividends.json,https://stories.td.com/ca/en/news/2024-08-22-td-bank-group-declares-dividends,2026-04-18T02:10:29+00:00,39.0,cc70d1960482174545629d2430bc159da03e867eebbaf6b0b20fc2f5b9520236,parsed headline + body
td_newsroom,news_html,2024-08-22_td-bank-group-reports-third-quarter-2024-results,data/raw/news/2024-08-22_td-bank-group-reports-third-quarter-2024-results.html,https://stories.td.com/ca/en/news/2024-08-22-td-bank-group-reports-third-quarter-2024-results,2026-04-18T02:10:30+00:00,,75756a2f8ebdcb7776a33466562e69fbdc3124f46fb294a28b03d5ab7637487a,FY2024Q4; TD Bank Group Reports Third Quarter 2024 Results
td_newsroom,news_json,2024-08-22_td-bank-group-reports-third-quarter-2024-results,data/raw/news/2024-08-22_td-bank-group-reports-third-quarter-2024-results.json,https://stories.td.com/ca/en/news/2024-08-22-td-bank-group-reports-third-quarter-2024-results,2026-04-18T02:10:30+00:00,4059.0,54370768181ebbd8543bf7450d62382129ec2c3d512029fb3046762d3ac7f633,parsed headline + body
td_newsroom,news_html,2024-08-27_nearly-half-of-canadian-students-are-unable-to-adequately-co,data/raw/news/2024-08-27_nearly-half-of-canadian-students-are-unable-to-adequately-co.html,https://stories.td.com/ca/en/news/2024-08-27-nearly-half-of-canadian-students-are-unable-to-adequately-co,2026-04-18T02:10:31+00:00,,8685333d744e8edaf851ce9ec5f0beba64d9c581d70494fda1acfe461540813d,FY2024Q4; Nearly half of Canadian students are unable to adequately cover basic needs such
td_newsroom,news_json,2024-08-27_nearly-half-of-canadian-students-are-unable-to-adequately-co,data/raw/news/2024-08-27_nearly-half-of-canadian-students-are-unable-to-adequately-co.json,https://stories.td.com/ca/en/news/2024-08-27-nearly-half-of-canadian-students-are-unable-to-adequately-co,2026-04-18T02:10:31+00:00,43.0,faf48281f87c1c164c389467e289b550cdd3ac01b26fe8bc0333c372343e4e65,parsed headline + body
td_newsroom,news_html,2024-08-29_media-advisory-td-bank-group-executive-to-present-at-the-s,data/raw/news/2024-08-29_media-advisory-td-bank-group-executive-to-present-at-the-s.html,https://stories.td.com/ca/en/news/2024-08-29-media-advisory---td-bank-group-executive-to-present-at-the-s,2026-04-18T02:10:32+00:00,,cf8252f27bc8aa923c43e48325c40b42af1d9a0a0d67e30652560a5d035f8ea7,FY2024Q4; MEDIA ADVISORY - TD Bank Group Executive to Present at the Scotiabank Financials
td_newsroom,news_json,2024-08-29_media-advisory-td-bank-group-executive-to-present-at-the-s,data/raw/news/2024-08-29_media-advisory-td-bank-group-executive-to-present-at-the-s.json,https://stories.td.com/ca/en/news/2024-08-29-media-advisory---td-bank-group-executive-to-present-at-the-s,2026-04-18T02:10:32+00:00,9.0,984b4db3b814cea41ccb1102337f6604a8b953c87d83604fe15f6a3d2bd34773,parsed headline + body
td_newsroom,news_html,2024-09-03_td-announces-non-viability-contingent-capital-subordinated-n,data/raw/news/2024-09-03_td-announces-non-viability-contingent-capital-subordinated-n.html,https://stories.td.com/ca/en/news/2024-09-03-td-announces-non-viability-contingent-capital-subordinated-n,2026-04-18T02:10:33+00:00,,e0460cec7c5af6ea9252f53dafe906ae78d057bac9797ad312fb3bff3999baa4,FY2024Q4; TD Announces Non-Viability Contingent Capital Subordinated Notes Issue
td_newsroom,news_json,2024-09-03_td-announces-non-viability-contingent-capital-subordinated-n,data/raw/news/2024-09-03_td-announces-non-viability-contingent-capital-subordinated-n.json,https://stories.td.com/ca/en/news/2024-09-03-td-announces-non-viability-contingent-capital-subordinated-n,2026-04-18T02:10:33+00:00,21.0,f75b1bef3cd2e765a1af50b74d4f95997b2e452869f3d5f12cdb015f29163a60,parsed headline + body
td_newsroom,news_html,2024-09-04_td-canada-trust-announces-change-to-td-prime-rate,data/raw/news/2024-09-04_td-canada-trust-announces-change-to-td-prime-rate.html,https://stories.td.com/ca/en/news/2024-09-04-td-canada-trust-announces-change-to-td-prime-rate,2026-04-18T02:10:33+00:00,,a94a20b51b57d615d8763881798bcfbeac00944c2dcac8b71cd419fdbc8c6c59,FY2024Q4; TD Canada Trust announces change to TD Prime Rate
td_newsroom,news_json,2024-09-04_td-canada-trust-announces-change-to-td-prime-rate,data/raw/news/2024-09-04_td-canada-trust-announces-change-to-td-prime-rate.json,https://stories.td.com/ca/en/news/2024-09-04-td-canada-trust-announces-change-to-td-prime-rate,2026-04-18T02:10:33+00:00,9.0,a0de3f70697eec4875ecb777668f96bb3b0330316da8629beb6167b8404f92cf,parsed headline + body
td_newsroom,news_html,2024-09-05_2fr-e-p-e-a-t-media-advisory-td-bank-group-executive-to,data/raw/news/2024-09-05_2fr-e-p-e-a-t-media-advisory-td-bank-group-executive-to.html,https://stories.td.com/ca/en/news/2024-09-05--2fr-e-p-e-a-t----media-advisory---td-bank-group-executive-to,2026-04-18T02:10:34+00:00,,daf6204bf48727253a83b477fd13a8fb1aec1b75d1213efd158aa5a01b5fb4c3,FY2024Q4; /R E P E A T -- MEDIA ADVISORY - TD Bank Group Executive to Present at the Barcl
td_newsroom,news_json,2024-09-05_2fr-e-p-e-a-t-media-advisory-td-bank-group-executive-to,data/raw/news/2024-09-05_2fr-e-p-e-a-t-media-advisory-td-bank-group-executive-to.json,https://stories.td.com/ca/en/news/2024-09-05--2fr-e-p-e-a-t----media-advisory---td-bank-group-executive-to,2026-04-18T02:10:34+00:00,9.0,24c4d6988c78244882ccc2e528c43f14df1535abebb9c5167bdb0a5348c0826b,parsed headline + body
td_newsroom,news_html,2024-09-09_td-to-launch-full-service-ecommerce-platform-for-canadian-sm,data/raw/news/2024-09-09_td-to-launch-full-service-ecommerce-platform-for-canadian-sm.html,https://stories.td.com/ca/en/news/2024-09-09-td-to-launch-full-service-ecommerce-platform-for-canadian-sm,2026-04-18T02:10:35+00:00,,e4ecb1ebcc9e212b4d44660ca3c22061d67a2208a30122795cd94eba172e9abb,FY2024Q4; TD to Launch Full Service eCommerce Platform for Canadian Small Businesses
td_newsroom,news_json,2024-09-09_td-to-launch-full-service-ecommerce-platform-for-canadian-sm,data/raw/news/2024-09-09_td-to-launch-full-service-ecommerce-platform-for-canadian-sm.json,https://stories.td.com/ca/en/news/2024-09-09-td-to-launch-full-service-ecommerce-platform-for-canadian-sm,2026-04-18T02:10:35+00:00,33.0,ec0287d02e4db173c0ae7c02a9f79ba4e35d346741ab26db279a79b8a8b48c3e,parsed headline + body
td_newsroom,news_html,2024-09-13_td-asset-management-inc-announces-notional-td-exchange-trad,data/raw/news/2024-09-13_td-asset-management-inc-announces-notional-td-exchange-trad.html,https://stories.td.com/ca/en/news/2024-09-13-td-asset-management-inc.-announces-notional-td-exchange-trad,2026-04-18T02:10:36+00:00,,ff9b8ad602485650e2b422fc13cf37af73053350a4a94cd51412cf01f189c2ae,FY2024Q4; TD Asset Management Inc. Announces Notional TD Exchange Traded Fund (ETF) Distri
td_newsroom,news_json,2024-09-13_td-asset-management-inc-announces-notional-td-exchange-trad,data/raw/news/2024-09-13_td-asset-management-inc-announces-notional-td-exchange-trad.json,https://stories.td.com/ca/en/news/2024-09-13-td-asset-management-inc.-announces-notional-td-exchange-trad,2026-04-18T02:10:36+00:00,41.0,1bd68e64bbfc9e6d4c2db57aae70a43dc0eed964020f55e764b86b537480b6a8,parsed headline + body
td_newsroom,news_html,2024-09-17_td-asset-management-inc-expands-its-lineup-with-the-introdu,data/raw/news/2024-09-17_td-asset-management-inc-expands-its-lineup-with-the-introdu.html,https://stories.td.com/ca/en/news/2024-09-17-td-asset-management-inc.-expands-its-lineup-with-the-introdu,2026-04-18T02:10:37+00:00,,8d1507c5cc9c33a527c76db749574e8d7489f5452871ac37908774ae79a189ec,FY2024Q4; TD Asset Management Inc. Expands its Lineup with the Introduction of New Mutual 
td_newsroom,news_json,2024-09-17_td-asset-management-inc-expands-its-lineup-with-the-introdu,data/raw/news/2024-09-17_td-asset-management-inc-expands-its-lineup-with-the-introdu.json,https://stories.td.com/ca/en/news/2024-09-17-td-asset-management-inc.-expands-its-lineup-with-the-introdu,2026-04-18T02:10:37+00:00,71.0,3f8f2aa58d172bf23b00b2bb9eced13b34a4574147f37934be1e18668f9957a1,parsed headline + body
td_newsroom,news_html,2024-09-19_td-bank-group-president-and-ceo-bharat-masrani-to-retire-apr,data/raw/news/2024-09-19_td-bank-group-president-and-ceo-bharat-masrani-to-retire-apr.html,https://stories.td.com/ca/en/news/2024-09-19-td-bank-group-president-and-ceo-bharat-masrani-to-retire-apr,2026-04-18T02:10:38+00:00,,a8e152d76d5a06aaf218deb5c7801dca15d84f729e72d8e449265ab3b68e55c6,"FY2024Q4; TD Bank Group President and CEO Bharat Masrani to Retire April 10, 2025; Board N"
td_newsroom,news_json,2024-09-19_td-bank-group-president-and-ceo-bharat-masrani-to-retire-apr,data/raw/news/2024-09-19_td-bank-group-president-and-ceo-bharat-masrani-to-retire-apr.json,https://stories.td.com/ca/en/news/2024-09-19-td-bank-group-president-and-ceo-bharat-masrani-to-retire-apr,2026-04-18T02:10:38+00:00,91.0,72feca192871c93a49962eff2b9e4ca072f6661fe2c58220d5dabbb05c3c8029,parsed headline + body
td_newsroom,news_html,2024-09-19_td-asset-management-inc-announces-td-etf-distributions,data/raw/news/2024-09-19_td-asset-management-inc-announces-td-etf-distributions.html,https://stories.td.com/ca/en/news/2024-09-19-td-asset-management-inc.-announces-td-etf-distributions,2026-04-18T02:10:39+00:00,,a7c886527ef406eff3cbd8fd5367e63c02e07ab1364c026c009020fce35762a3,FY2024Q4; TD Asset Management Inc. Announces TD ETF Distributions
td_newsroom,news_json,2024-09-19_td-asset-management-inc-announces-td-etf-distributions,data/raw/news/2024-09-19_td-asset-management-inc-announces-td-etf-distributions.json,https://stories.td.com/ca/en/news/2024-09-19-td-asset-management-inc.-announces-td-etf-distributions,2026-04-18T02:10:39+00:00,301.0,530b7c7a27b918607b5b5fb213cca82078690807c64ec6107654aa649ca234d2,parsed headline + body
td_newsroom,news_html,2024-09-23_td-announces-conversion-privilege-of-non-cumulative-5-year-r,data/raw/news/2024-09-23_td-announces-conversion-privilege-of-non-cumulative-5-year-r.html,https://stories.td.com/ca/en/news/2024-09-23-td-announces-conversion-privilege-of-non-cumulative-5-year-r,2026-04-18T02:10:39+00:00,,a69324d49fcf63526e8abfa58c95a2d9713727e43a6c4bc4c28a847f41cb1eb4,FY2024Q4; TD Announces Conversion Privilege of Non-Cumulative 5-Year Rate Reset Class A Fi
td_newsroom,news_json,2024-09-23_td-announces-conversion-privilege-of-non-cumulative-5-year-r,data/raw/news/2024-09-23_td-announces-conversion-privilege-of-non-cumulative-5-year-r.json,https://stories.td.com/ca/en/news/2024-09-23-td-announces-conversion-privilege-of-non-cumulative-5-year-r,2026-04-18T02:10:39+00:00,15.0,7b780e3fb46097ef28528e262d5aa4d1faa8702a531c4bc1011edca04bf71927,parsed headline + body
td_newsroom,news_html,2024-09-24_a-costly-cut-3a-many-canadians-plan-to-travel-on-tight-budgets,data/raw/news/2024-09-24_a-costly-cut-3a-many-canadians-plan-to-travel-on-tight-budgets.html,https://stories.td.com/ca/en/news/2024-09-24-a-costly-cut-3a-many-canadians-plan-to-travel-on-tight-budgets,2026-04-18T02:10:40+00:00,,41d1f2cec410b58f9168215556f2f72feeadf61ebefc91c1df2012d35e9a0521,FY2024Q4; A costly cut: Many Canadians plan to travel on tight budgets that won't include 
td_newsroom,news_json,2024-09-24_a-costly-cut-3a-many-canadians-plan-to-travel-on-tight-budgets,data/raw/news/2024-09-24_a-costly-cut-3a-many-canadians-plan-to-travel-on-tight-budgets.json,https://stories.td.com/ca/en/news/2024-09-24-a-costly-cut-3a-many-canadians-plan-to-travel-on-tight-budgets,2026-04-18T02:10:40+00:00,29.0,f8e76a9cb826f6a2dd408e17948f011b39c08271a1ee4892ad65aabdb614f9e8,parsed headline + body
td_newsroom,news_html,2024-09-26_td-direct-investing-celebrates-40-years-of-excellence-in-sel,data/raw/news/2024-09-26_td-direct-investing-celebrates-40-years-of-excellence-in-sel.html,https://stories.td.com/ca/en/news/2024-09-26-td-direct-investing-celebrates-40-years-of-excellence-in-sel,2026-04-18T02:10:41+00:00,,2b640ba15fef1380e1cf305a903ce869ef7e29e701762a4a5c39a3121a766bb1,FY2024Q4; TD Direct Investing Celebrates 40 Years of Excellence in Self-Directed Investing
td_newsroom,news_json,2024-09-26_td-direct-investing-celebrates-40-years-of-excellence-in-sel,data/raw/news/2024-09-26_td-direct-investing-celebrates-40-years-of-excellence-in-sel.json,https://stories.td.com/ca/en/news/2024-09-26-td-direct-investing-celebrates-40-years-of-excellence-in-sel,2026-04-18T02:10:41+00:00,47.0,4959f1e6710b70935c4810420bd3d0343cb79d3dba7f52cb34bcd771d1311049,parsed headline + body
td_newsroom,news_html,2024-10-01_td-announces-dividend-rates-on-non-cumulative-5-year-rate-re,data/raw/news/2024-10-01_td-announces-dividend-rates-on-non-cumulative-5-year-rate-re.html,https://stories.td.com/ca/en/news/2024-10-01-td-announces-dividend-rates-on-non-cumulative-5-year-rate-re,2026-04-18T02:10:42+00:00,,f27bbc65a9e8373bd06b1bba446a5217952829dac49864cab886ebcca3af29bf,FY2024Q4; TD Announces Dividend Rates on Non-Cumulative 5-Year Rate Reset Class A First Pr
td_newsroom,news_json,2024-10-01_td-announces-dividend-rates-on-non-cumulative-5-year-rate-re,data/raw/news/2024-10-01_td-announces-dividend-rates-on-non-cumulative-5-year-rate-re.json,https://stories.td.com/ca/en/news/2024-10-01-td-announces-dividend-rates-on-non-cumulative-5-year-rate-re,2026-04-18T02:10:42+00:00,17.0,68af5808e6c2fde3821ec4ff44d7f53cb4a0e15b3291683f1276daf0716c15ab,parsed headline + body
td_newsroom,news_html,2024-10-02_td-named-best-consumer-digital-bank-in-north-america-for-fou,data/raw/news/2024-10-02_td-named-best-consumer-digital-bank-in-north-america-for-fou.html,https://stories.td.com/ca/en/news/2024-10-02-td-named-best-consumer-digital-bank-in-north-america-for-fou,2026-04-18T02:10:42+00:00,,a4f1d7ce40a6d57b2784cd070a5b42842aba1e1f73fbc24f5e5d5485ee4d392e,FY2024Q4; TD named Best Consumer Digital Bank in North America for fourth consecutive year
td_newsroom,news_json,2024-10-02_td-named-best-consumer-digital-bank-in-north-america-for-fou,data/raw/news/2024-10-02_td-named-best-consumer-digital-bank-in-north-america-for-fou.json,https://stories.td.com/ca/en/news/2024-10-02-td-named-best-consumer-digital-bank-in-north-america-for-fou,2026-04-18T02:10:42+00:00,43.0,d3135c54d6ee6c812ecb752fa25fa1a33b3e82378c23136dfb54f1234db3919d,parsed headline + body
td_newsroom,news_html,2024-10-09_td-and-the-vancouver-canucks-team-up-to-offer-exclusive-perk,data/raw/news/2024-10-09_td-and-the-vancouver-canucks-team-up-to-offer-exclusive-perk.html,https://stories.td.com/ca/en/news/2024-10-09-td-and-the-vancouver-canucks-team-up-to-offer-exclusive-perk,2026-04-18T02:10:43+00:00,,ab1bbf4c5fa4715328eeaddfe65893653f75df38f4af65128e2cc8b1d3a46dff,FY2024Q4; TD and the Vancouver Canucks team up to offer exclusive perks at home games for 
td_newsroom,news_json,2024-10-09_td-and-the-vancouver-canucks-team-up-to-offer-exclusive-perk,data/raw/news/2024-10-09_td-and-the-vancouver-canucks-team-up-to-offer-exclusive-perk.json,https://stories.td.com/ca/en/news/2024-10-09-td-and-the-vancouver-canucks-team-up-to-offer-exclusive-perk,2026-04-18T02:10:43+00:00,31.0,ec0179a4df447d0053ce3718f3d632880d828c91f3ae86323885fb6df26f9202,parsed headline + body
td_newsroom,news_html,2024-10-10_td-bank-group-announces-resolution-of-aml-investigations,data/raw/news/2024-10-10_td-bank-group-announces-resolution-of-aml-investigations.html,https://stories.td.com/ca/en/news/2024-10-10-td-bank-group-announces-resolution-of-aml-investigations,2026-04-18T02:10:44+00:00,,ee3d130788a7a8f0eee6c93139acc173ba139338eeb5882d95acdb4ba3ce937e,FY2024Q4; TD BANK GROUP ANNOUNCES RESOLUTION OF AML INVESTIGATIONS
td_newsroom,news_json,2024-10-10_td-bank-group-announces-resolution-of-aml-investigations,data/raw/news/2024-10-10_td-bank-group-announces-resolution-of-aml-investigations.json,https://stories.td.com/ca/en/news/2024-10-10-td-bank-group-announces-resolution-of-aml-investigations,2026-04-18T02:10:44+00:00,79.0,783fcee2004b5d9952ebfcce4b7d7f8864ed07ff6608fae7c857fe5bc6af90de,parsed headline + body
td_newsroom,news_html,2024-10-10_media-advisory-td-bank-group-to-host-a-conference-call-tod,data/raw/news/2024-10-10_media-advisory-td-bank-group-to-host-a-conference-call-tod.html,https://stories.td.com/ca/en/news/2024-10-10-media-advisory---td-bank-group-to-host-a-conference-call-tod,2026-04-18T02:10:44+00:00,,73d3b6d34f5932c51874ac43fa8a500043af3e57115932125e0c23c1760a19c3,FY2024Q4; Media Advisory - TD Bank Group to host a conference call today
td_newsroom,news_json,2024-10-10_media-advisory-td-bank-group-to-host-a-conference-call-tod,data/raw/news/2024-10-10_media-advisory-td-bank-group-to-host-a-conference-call-tod.json,https://stories.td.com/ca/en/news/2024-10-10-media-advisory---td-bank-group-to-host-a-conference-call-tod,2026-04-18T02:10:44+00:00,9.0,a164cd0e467a36820ed8ac2ac8055ac3884786c2c4bccd0bd46df6e7fbaf1901,parsed headline + body
td_newsroom,news_html,2024-10-16_td-announces-results-of-conversion-privilege-of-non-cumulati,data/raw/news/2024-10-16_td-announces-results-of-conversion-privilege-of-non-cumulati.html,https://stories.td.com/ca/en/news/2024-10-16-td-announces-results-of-conversion-privilege-of-non-cumulati,2026-04-18T02:10:45+00:00,,b4c0252e45dec8f851b36164797acb0991fae285b7c65ff988820399318244ab,FY2024Q4; TD Announces Results of Conversion Privilege of Non-Cumulative 5-Year Rate Reset
td_newsroom,news_json,2024-10-16_td-announces-results-of-conversion-privilege-of-non-cumulati,data/raw/news/2024-10-16_td-announces-results-of-conversion-privilege-of-non-cumulati.json,https://stories.td.com/ca/en/news/2024-10-16-td-announces-results-of-conversion-privilege-of-non-cumulati,2026-04-18T02:10:45+00:00,13.0,0f5cea34885fc19692b7fe353b0feda1f8447797573ece7ea94dd06ecc9cb0e2,parsed headline + body
td_newsroom,news_html,2024-10-16_td-bank-group-comments-on-expected-impact-of-the-charles-sch,data/raw/news/2024-10-16_td-bank-group-comments-on-expected-impact-of-the-charles-sch.html,https://stories.td.com/ca/en/news/2024-10-16-td-bank-group-comments-on-expected-impact-of-the-charles-sch,2026-04-18T02:10:46+00:00,,88f6e39c9002733f376b166d5a9dbfedc4a6eb744dfc5946e6bdabc935a2063d,FY2024Q4; TD Bank Group Comments on Expected Impact of the Charles Schwab Corporation's Th
td_newsroom,news_json,2024-10-16_td-bank-group-comments-on-expected-impact-of-the-charles-sch,data/raw/news/2024-10-16_td-bank-group-comments-on-expected-impact-of-the-charles-sch.json,https://stories.td.com/ca/en/news/2024-10-16-td-bank-group-comments-on-expected-impact-of-the-charles-sch,2026-04-18T02:10:46+00:00,25.0,b658e6d72621a8f93e6fe511421a6698c8975a7d7a4740905335fb0fa0556593,parsed headline + body
td_newsroom,news_html,2024-10-21_td-asset-management-inc-announces-td-etf-distributions,data/raw/news/2024-10-21_td-asset-management-inc-announces-td-etf-distributions.html,https://stories.td.com/ca/en/news/2024-10-21-td-asset-management-inc.-announces-td-etf-distributions,2026-04-18T02:10:46+00:00,,2e9fd8752f06dc8f34e0c4c7a67bdc2cebcef9ce2e07882a5edde5371512c858,FY2024Q4; TD Asset Management Inc. Announces TD ETF Distributions
td_newsroom,news_json,2024-10-21_td-asset-management-inc-announces-td-etf-distributions,data/raw/news/2024-10-21_td-asset-management-inc-announces-td-etf-distributions.json,https://stories.td.com/ca/en/news/2024-10-21-td-asset-management-inc.-announces-td-etf-distributions,2026-04-18T02:10:46+00:00,183.0,727edb90b57ce2ae50e69fc020f8991af791e8d0882eda8f32f80357be91afd6,parsed headline + body
td_newsroom,news_html,2024-10-23_td-canada-trust-announces-change-to-td-prime-rate,data/raw/news/2024-10-23_td-canada-trust-announces-change-to-td-prime-rate.html,https://stories.td.com/ca/en/news/2024-10-23-td-canada-trust-announces-change-to-td-prime-rate,2026-04-18T02:10:47+00:00,,68c5fa9ae4bc2658845338b0714beb9124773d9a5fdd1970a516a3d3079ddbc5,FY2024Q4; TD Canada Trust announces change to TD Prime Rate
td_newsroom,news_json,2024-10-23_td-canada-trust-announces-change-to-td-prime-rate,data/raw/news/2024-10-23_td-canada-trust-announces-change-to-td-prime-rate.json,https://stories.td.com/ca/en/news/2024-10-23-td-canada-trust-announces-change-to-td-prime-rate,2026-04-18T02:10:47+00:00,9.0,4d65472b39e4c5202dbb10ab8263fcf0816c42a45b6ed89339644821a189ec15,parsed headline + body
td_newsroom,news_html,2024-10-24_td-asset-management-inc-announces-risk-rating-changes-for-s,data/raw/news/2024-10-24_td-asset-management-inc-announces-risk-rating-changes-for-s.html,https://stories.td.com/ca/en/news/2024-10-24-td-asset-management-inc.-announces-risk-rating-changes-for-s,2026-04-18T02:10:48+00:00,,66b53188a1d4ae245e38a7b9f097f12adf465a1d4c18d4f2ecf4d069bef62a50,FY2024Q4; TD Asset Management Inc. announces risk rating changes for select TD Managed Ass
td_newsroom,news_json,2024-10-24_td-asset-management-inc-announces-risk-rating-changes-for-s,data/raw/news/2024-10-24_td-asset-management-inc-announces-risk-rating-changes-for-s.json,https://stories.td.com/ca/en/news/2024-10-24-td-asset-management-inc.-announces-risk-rating-changes-for-s,2026-04-18T02:10:48+00:00,41.0,4cc481f771820f2ab99f0d5eceb6a37e0a5b7aa9c35a5aa7c4e5f512889ecddf,parsed headline + body
td_newsroom,news_html,2024-10-28_1-in-5-small-businesses-see-a-temporary-shut-down-as-their-b,data/raw/news/2024-10-28_1-in-5-small-businesses-see-a-temporary-shut-down-as-their-b.html,https://stories.td.com/ca/en/news/2024-10-28-1-in-5-small-businesses-see-a-temporary-shut-down-as-their-b,2026-04-18T02:10:48+00:00,,76fdb9086da8354b073916ac0121b7813413c9a4cc28da88813f626a640c61d8,"FY2024Q4; 1 in 5 small businesses see a temporary shut down as their biggest liability, ye"
td_newsroom,news_json,2024-10-28_1-in-5-small-businesses-see-a-temporary-shut-down-as-their-b,data/raw/news/2024-10-28_1-in-5-small-businesses-see-a-temporary-shut-down-as-their-b.json,https://stories.td.com/ca/en/news/2024-10-28-1-in-5-small-businesses-see-a-temporary-shut-down-as-their-b,2026-04-18T02:10:48+00:00,37.0,7374b2ccc3f90cbacfc55fa4cfd3f32b3a8bde64c43613549d500480fc4ef10d,parsed headline + body
td_newsroom,news_html,2024-10-29_td-asset-management-inc-announces-risk-rating-changes-for-t,data/raw/news/2024-10-29_td-asset-management-inc-announces-risk-rating-changes-for-t.html,https://stories.td.com/ca/en/news/2024-10-29-td-asset-management-inc.-announces-risk-rating-changes-for-t,2026-04-18T02:10:49+00:00,,711ad20d7110325252929ad02313451dbca4d144d0490a55b6c6dad42cf8e0b6,FY2024Q4; TD Asset Management Inc. Announces Risk Rating Changes for TD Global Technology 
td_newsroom,news_json,2024-10-29_td-asset-management-inc-announces-risk-rating-changes-for-t,data/raw/news/2024-10-29_td-asset-management-inc-announces-risk-rating-changes-for-t.json,https://stories.td.com/ca/en/news/2024-10-29-td-asset-management-inc.-announces-risk-rating-changes-for-t,2026-04-18T02:10:49+00:00,49.0,ae7d10afa83d5f9aa0cc4857118d43bf668e784e7e7eae2a542802f805118aa7,parsed headline + body
td_newsroom,news_html,2024-10-30_td-bank-group-issues-japanese-yen-nvcc-subordinated-debentur,data/raw/news/2024-10-30_td-bank-group-issues-japanese-yen-nvcc-subordinated-debentur.html,https://stories.td.com/ca/en/news/2024-10-30-td-bank-group-issues-japanese-yen-nvcc-subordinated-debentur,2026-04-18T02:10:50+00:00,,35a9fb07520f1b8f628df69cbae5cd643e71d2b42d36b42956f877aca8c8d424,FY2024Q4; TD Bank Group Issues Japanese Yen NVCC Subordinated Debentures
td_newsroom,news_json,2024-10-30_td-bank-group-issues-japanese-yen-nvcc-subordinated-debentur,data/raw/news/2024-10-30_td-bank-group-issues-japanese-yen-nvcc-subordinated-debentur.json,https://stories.td.com/ca/en/news/2024-10-30-td-bank-group-issues-japanese-yen-nvcc-subordinated-debentur,2026-04-18T02:10:50+00:00,19.0,049a12c627b6a2e554edcac00296b020d919587573e54002bf2fdfb82fb914f5,parsed headline + body
td_newsroom,news_html,2024-10-31_nearly-3-in-5-canadian-parents-expect-to-financially-support,data/raw/news/2024-10-31_nearly-3-in-5-canadian-parents-expect-to-financially-support.html,https://stories.td.com/ca/en/news/2024-10-31-nearly-3-in-5-canadian-parents-expect-to-financially-support,2026-04-18T02:10:50+00:00,,73e3fb64483cb29f44c1830a44f056df16551464bc47f4f9e9dc4ed780169da3,FY2024Q4; Nearly 3 in 5 Canadian parents expect to financially support their children afte
td_newsroom,news_json,2024-10-31_nearly-3-in-5-canadian-parents-expect-to-financially-support,data/raw/news/2024-10-31_nearly-3-in-5-canadian-parents-expect-to-financially-support.json,https://stories.td.com/ca/en/news/2024-10-31-nearly-3-in-5-canadian-parents-expect-to-financially-support,2026-04-18T02:10:50+00:00,55.0,abb48cde4f6398862876fa5ee054e8afb84891a1ce9db9e4832b9fe2dbc5deb2,parsed headline + body
td_newsroom,news_html,2024-11-05_td-bank-group-provides-insurance-catastrophe-information,data/raw/news/2024-11-05_td-bank-group-provides-insurance-catastrophe-information.html,https://stories.td.com/ca/en/news/2024-11-05-td-bank-group-provides-insurance-catastrophe-information,2026-04-18T02:10:51+00:00,,893b301e5080687e1fe52d0516a0c89d724a708365fff21951a404ebee65251e,FY2025Q1; TD Bank Group provides insurance catastrophe information
td_newsroom,news_json,2024-11-05_td-bank-group-provides-insurance-catastrophe-information,data/raw/news/2024-11-05_td-bank-group-provides-insurance-catastrophe-information.json,https://stories.td.com/ca/en/news/2024-11-05-td-bank-group-provides-insurance-catastrophe-information,2026-04-18T02:10:51+00:00,27.0,7344dbaa9be884d636ba72dde00d24c2df4d55ceba5f938010a1f680f3e58be1,parsed headline + body
td_newsroom,news_html,2024-11-07_td-integrates-with-touchbistro-to-provide-payment-solution-t,data/raw/news/2024-11-07_td-integrates-with-touchbistro-to-provide-payment-solution-t.html,https://stories.td.com/ca/en/news/2024-11-07-td-integrates-with-touchbistro-to-provide-payment-solution-t,2026-04-18T02:10:52+00:00,,4d0c19b51dcf4511790b7d01a1dd38a51b8fcc83ff1c120bed6add2d03b4970f,FY2025Q1; TD Integrates with TouchBistro to Provide Payment Solution to Canadian Restauran
td_newsroom,news_json,2024-11-07_td-integrates-with-touchbistro-to-provide-payment-solution-t,data/raw/news/2024-11-07_td-integrates-with-touchbistro-to-provide-payment-solution-t.json,https://stories.td.com/ca/en/news/2024-11-07-td-integrates-with-touchbistro-to-provide-payment-solution-t,2026-04-18T02:10:52+00:00,27.0,a6abf59da8d5c0b26c954020b7a25c8ac9cd347f4ae61242ce439e7d763f60f0,parsed headline + body
td_newsroom,news_html,2024-11-07_td-asset-management-inc-recognized-in-six-categories-at-the,data/raw/news/2024-11-07_td-asset-management-inc-recognized-in-six-categories-at-the.html,https://stories.td.com/ca/en/news/2024-11-07-td-asset-management-inc.-recognized-in-six-categories-at-the,2026-04-18T02:10:53+00:00,,fe442458fca2e470c2f01919c2453438f42236583f2c6a76897eb0755935ba8f,FY2025Q1; TD Asset Management Inc. Recognized in Six Categories at the 2024 Canada LSEG Li
td_newsroom,news_json,2024-11-07_td-asset-management-inc-recognized-in-six-categories-at-the,data/raw/news/2024-11-07_td-asset-management-inc-recognized-in-six-categories-at-the.json,https://stories.td.com/ca/en/news/2024-11-07-td-asset-management-inc.-recognized-in-six-categories-at-the,2026-04-18T02:10:53+00:00,101.0,515a96a314f1a52a6ba1b9e34b6f77a3911426e40a94e8f00a5471beeb09436a,parsed headline + body
td_newsroom,news_html,2024-11-08_td-elevates-10th-anniversary-of-aeroplan-c2-ae-partnership-by-an,data/raw/news/2024-11-08_td-elevates-10th-anniversary-of-aeroplan-c2-ae-partnership-by-an.html,https://stories.td.com/ca/en/news/2024-11-08-td-elevates-10th-anniversary-of-aeroplan-c2-ae-partnership-by-an,2026-04-18T02:10:53+00:00,,56c48397c3cb5b96d61580c5b7907935251b561ef6362cdc1ba0d28f4ece87c2,FY2025Q1; TD elevates 10th anniversary of Aeroplan® partnership by announcing contest priz
td_newsroom,news_json,2024-11-08_td-elevates-10th-anniversary-of-aeroplan-c2-ae-partnership-by-an,data/raw/news/2024-11-08_td-elevates-10th-anniversary-of-aeroplan-c2-ae-partnership-by-an.json,https://stories.td.com/ca/en/news/2024-11-08-td-elevates-10th-anniversary-of-aeroplan-c2-ae-partnership-by-an,2026-04-18T02:10:53+00:00,41.0,b60eb7c865846a2d72242a0577873d3d5b32ce7b7e07ee033ed45680f488638f,parsed headline + body
td_newsroom,news_html,2024-11-12_elevate-your-trading-experience-with-td-active-trader-live,data/raw/news/2024-11-12_elevate-your-trading-experience-with-td-active-trader-live.html,https://stories.td.com/ca/en/news/2024-11-12-elevate-your-trading-experience-with-td-active-trader-live--,2026-04-18T02:10:54+00:00,,8f9a4585a872288cafa76b1e760ec80235d66c6dc73c736a4fb6307c632c0c4d,FY2025Q1; Elevate Your Trading Experience with TD Active Trader Live - A Dynamic New Show 
td_newsroom,news_json,2024-11-12_elevate-your-trading-experience-with-td-active-trader-live,data/raw/news/2024-11-12_elevate-your-trading-experience-with-td-active-trader-live.json,https://stories.td.com/ca/en/news/2024-11-12-elevate-your-trading-experience-with-td-active-trader-live--,2026-04-18T02:10:54+00:00,15.0,66b27c6e45b27040bfca7099cabf13c56eb8e0fa9de2af6906561b77e22daa22,parsed headline + body
td_newsroom,news_html,2024-11-14_media-advisory-td-bank-group-to-release-fourth-quarter-fin,data/raw/news/2024-11-14_media-advisory-td-bank-group-to-release-fourth-quarter-fin.html,https://stories.td.com/ca/en/news/2024-11-14-media-advisory---td-bank-group-to-release-fourth-quarter-fin,2026-04-18T02:10:55+00:00,,55585ff87b2b4c6f3c2d294095153031310a518b245a7993593cf8385b845351,FY2025Q1; Media Advisory - TD Bank Group to release fourth quarter financial results
td_newsroom,news_json,2024-11-14_media-advisory-td-bank-group-to-release-fourth-quarter-fin,data/raw/news/2024-11-14_media-advisory-td-bank-group-to-release-fourth-quarter-fin.json,https://stories.td.com/ca/en/news/2024-11-14-media-advisory---td-bank-group-to-release-fourth-quarter-fin,2026-04-18T02:10:55+00:00,17.0,ff231b3d10964c16459d83c6d9364d60faa215c69d16f1b920fc05368d41bdb6,parsed headline + body
td_newsroom,news_html,2024-11-14_only-49-25-of-canadians-believe-they-are-saving-enough-to-reac,data/raw/news/2024-11-14_only-49-25-of-canadians-believe-they-are-saving-enough-to-reac.html,https://stories.td.com/ca/en/news/2024-11-14-only-49-25-of-canadians-believe-they-are-saving-enough-to-reac,2026-04-18T02:10:55+00:00,,4d161424096915f9051c374692087abd3dab6ee13267317267785760f54f68da,FY2025Q1; Only 49% of Canadians believe they are saving enough to reach their long-term go
td_newsroom,news_json,2024-11-14_only-49-25-of-canadians-believe-they-are-saving-enough-to-reac,data/raw/news/2024-11-14_only-49-25-of-canadians-believe-they-are-saving-enough-to-reac.json,https://stories.td.com/ca/en/news/2024-11-14-only-49-25-of-canadians-believe-they-are-saving-enough-to-reac,2026-04-18T02:10:55+00:00,49.0,2814eae5c7a32cc46f8ee8447d2c4c9d8b4d3d0fc029c18556d3aab70519133e,parsed headline + body
td_newsroom,news_html,2024-11-19_td-asset-management-inc-announces-td-etf-distributions,data/raw/news/2024-11-19_td-asset-management-inc-announces-td-etf-distributions.html,https://stories.td.com/ca/en/news/2024-11-19-td-asset-management-inc.-announces-td-etf-distributions,2026-04-18T02:10:56+00:00,,82412d5cbbdcc706fdd64ec46ab29e42c62c26ae4761e079a0bbd3e0b042e911,FY2025Q1; TD Asset Management Inc. Announces TD ETF Distributions
td_newsroom,news_json,2024-11-19_td-asset-management-inc-announces-td-etf-distributions,data/raw/news/2024-11-19_td-asset-management-inc-announces-td-etf-distributions.json,https://stories.td.com/ca/en/news/2024-11-19-td-asset-management-inc.-announces-td-etf-distributions,2026-04-18T02:10:56+00:00,183.0,fd29f76651b5ffe5497a157e8d85475e0179874df17fc2fc0172297f832653e9,parsed headline + body
td_newsroom,news_html,2024-11-21_td-asset-management-inc-announces-estimated-annual-reinvest,data/raw/news/2024-11-21_td-asset-management-inc-announces-estimated-annual-reinvest.html,https://stories.td.com/ca/en/news/2024-11-21-td-asset-management-inc.-announces-estimated-annual-reinvest,2026-04-18T02:10:57+00:00,,b02c82d607c7cc4f2a8d4a34cde0aad1577ce5c47bf9403bb87ef479b344a0b2,FY2025Q1; TD Asset Management Inc. Announces Estimated Annual Reinvested Distributions for
td_newsroom,news_json,2024-11-21_td-asset-management-inc-announces-estimated-annual-reinvest,data/raw/news/2024-11-21_td-asset-management-inc-announces-estimated-annual-reinvest.json,https://stories.td.com/ca/en/news/2024-11-21-td-asset-management-inc.-announces-estimated-annual-reinvest,2026-04-18T02:10:57+00:00,321.0,6eae3d0c507b67c8139803e622ea75f0782ea2e6775f43411875ecd9bab7da32,parsed headline + body
td_newsroom,news_html,2024-11-22_td-announces-changes-to-its-senior-executive-team,data/raw/news/2024-11-22_td-announces-changes-to-its-senior-executive-team.html,https://stories.td.com/ca/en/news/2024-11-22-td-announces-changes-to-its-senior-executive-team,2026-04-18T02:10:58+00:00,,04fcc054f4e53f81470685ce6e2958bad63b89d5b33eac8306938d41ff26b378,FY2025Q1; TD announces changes to its senior executive team
td_newsroom,news_json,2024-11-22_td-announces-changes-to-its-senior-executive-team,data/raw/news/2024-11-22_td-announces-changes-to-its-senior-executive-team.json,https://stories.td.com/ca/en/news/2024-11-22-td-announces-changes-to-its-senior-executive-team,2026-04-18T02:10:58+00:00,19.0,4ecde8e90475f6c34e7a22af6f2bc9e484d3c8929329fe81e66ca2278fc1d3d5,parsed headline + body
td_newsroom,news_html,2024-11-29_sedar-2b-refiling-notice,data/raw/news/2024-11-29_sedar-2b-refiling-notice.html,https://stories.td.com/ca/en/news/2024-11-29-sedar-2b-refiling-notice,2026-04-18T02:10:58+00:00,,bd2380c30babf3ca5116be8b56672c2cd12243f65d8795fb8cb9367550c66fa3,FY2025Q1; SEDAR+ REFILING NOTICE
td_newsroom,news_json,2024-11-29_sedar-2b-refiling-notice,data/raw/news/2024-11-29_sedar-2b-refiling-notice.json,https://stories.td.com/ca/en/news/2024-11-29-sedar-2b-refiling-notice,2026-04-18T02:10:58+00:00,25.0,96d21ba974c600e3570725c22ba17dfed869c70e90c03ff00a2829be8a9702ae,parsed headline + body
td_newsroom,news_html,2024-12-03_2fr-e-p-e-a-t-media-advisory-td-bank-group-to-release-fo,data/raw/news/2024-12-03_2fr-e-p-e-a-t-media-advisory-td-bank-group-to-release-fo.html,https://stories.td.com/ca/en/news/2024-12-03--2fr-e-p-e-a-t----media-advisory---td-bank-group-to-release-fo,2026-04-18T02:10:59+00:00,,1ff33fe0f136bb4f3575376b091860624af3e50d61e26d2a36b5315593b1945b,FY2025Q1; /R E P E A T -- Media Advisory - TD Bank Group to release fourth quarter financi
td_newsroom,news_json,2024-12-03_2fr-e-p-e-a-t-media-advisory-td-bank-group-to-release-fo,data/raw/news/2024-12-03_2fr-e-p-e-a-t-media-advisory-td-bank-group-to-release-fo.json,https://stories.td.com/ca/en/news/2024-12-03--2fr-e-p-e-a-t----media-advisory---td-bank-group-to-release-fo,2026-04-18T02:10:59+00:00,17.0,0c15b5dee8bfd5276dbfef7b23560921c3f79b085b5e643dfd39a5fc3fc47229,parsed headline + body
td_newsroom,news_html,2024-12-03_td-helps-its-mbna-cardholders-support-funding-reforestation,data/raw/news/2024-12-03_td-helps-its-mbna-cardholders-support-funding-reforestation.html,https://stories.td.com/ca/en/news/2024-12-03-td-helps-its-mbna-cardholders-support-funding-reforestation,2026-04-18T02:11:00+00:00,,5e760ad46ff8b2c0221a6f0321affacaffd377e84ce291bf9e6414f58393b0d3,FY2025Q1; TD helps its MBNA cardholders support funding reforestation efforts in Canada th
td_newsroom,news_json,2024-12-03_td-helps-its-mbna-cardholders-support-funding-reforestation,data/raw/news/2024-12-03_td-helps-its-mbna-cardholders-support-funding-reforestation.json,https://stories.td.com/ca/en/news/2024-12-03-td-helps-its-mbna-cardholders-support-funding-reforestation,2026-04-18T02:11:00+00:00,29.0,c20bf3e1a18632c658a6773129992c7db2fd5f4573c4e2437f1fea0c9a06be39,parsed headline + body
td_newsroom,news_html,2024-12-05_td-bank-group-declares-dividends,data/raw/news/2024-12-05_td-bank-group-declares-dividends.html,https://stories.td.com/ca/en/news/2024-12-05-td-bank-group-declares-dividends,2026-04-18T02:11:01+00:00,,612663c306756adbcae8fbe52908850c4695c2a4c83d1a547fca78282a9144b4,FY2025Q1; TD BANK GROUP DECLARES DIVIDENDS
td_newsroom,news_json,2024-12-05_td-bank-group-declares-dividends,data/raw/news/2024-12-05_td-bank-group-declares-dividends.json,https://stories.td.com/ca/en/news/2024-12-05-td-bank-group-declares-dividends,2026-04-18T02:11:01+00:00,35.0,14583ad4705ef0f931dae01a7c9fe1a923d41f2880d140eb83edae094e92333b,parsed headline + body
td_newsroom,news_html,2024-12-05_td-bank-group-reports-fourth-quarter-and-fiscal-2024-results,data/raw/news/2024-12-05_td-bank-group-reports-fourth-quarter-and-fiscal-2024-results.html,https://stories.td.com/ca/en/news/2024-12-05-td-bank-group-reports-fourth-quarter-and-fiscal-2024-results,2026-04-18T02:11:02+00:00,,e58af37acf20ff2cc9a320cc0afc4ca41f05e1ce84b95aacb753fb2577997b65,FY2025Q1; TD Bank Group Reports Fourth Quarter and Fiscal 2024 Results
td_newsroom,news_json,2024-12-05_td-bank-group-reports-fourth-quarter-and-fiscal-2024-results,data/raw/news/2024-12-05_td-bank-group-reports-fourth-quarter-and-fiscal-2024-results.json,https://stories.td.com/ca/en/news/2024-12-05-td-bank-group-reports-fourth-quarter-and-fiscal-2024-results,2026-04-18T02:11:02+00:00,7503.0,722e7fb37e655cdeea4da0299b53f399eac22320cbc484d7dcafec32fd0f466e,parsed headline + body
td_newsroom,news_html,2024-12-10_td-announces-non-viability-contingent-capital-at1-cad-limite,data/raw/news/2024-12-10_td-announces-non-viability-contingent-capital-at1-cad-limite.html,https://stories.td.com/ca/en/news/2024-12-10-td-announces-non-viability-contingent-capital-at1-cad-limite,2026-04-18T02:11:03+00:00,,d3af50c8fcaa02fe323a65fb2d015b833c9eee070627ad7cf9f2658e3d8a6c7e,FY2025Q1; TD Announces Non-Viability Contingent Capital AT1 CAD Limited Recourse Capital N
td_newsroom,news_json,2024-12-10_td-announces-non-viability-contingent-capital-at1-cad-limite,data/raw/news/2024-12-10_td-announces-non-viability-contingent-capital-at1-cad-limite.json,https://stories.td.com/ca/en/news/2024-12-10-td-announces-non-viability-contingent-capital-at1-cad-limite,2026-04-18T02:11:03+00:00,21.0,f2ebd3df8a563d70604be3c9d4843765cc26ad5a302fef6b6f4531a3b232b391,parsed headline + body
td_newsroom,news_html,2024-12-11_td-canada-trust-announces-change-to-td-prime-rate,data/raw/news/2024-12-11_td-canada-trust-announces-change-to-td-prime-rate.html,https://stories.td.com/ca/en/news/2024-12-11-td-canada-trust-announces-change-to-td-prime-rate,2026-04-18T02:11:04+00:00,,f9afb297fabe895ffb9951b0f384f8c542095576fde8ba10a359fbddbb6f767b,FY2025Q1; TD Canada Trust announces change to TD Prime Rate
td_newsroom,news_json,2024-12-11_td-canada-trust-announces-change-to-td-prime-rate,data/raw/news/2024-12-11_td-canada-trust-announces-change-to-td-prime-rate.json,https://stories.td.com/ca/en/news/2024-12-11-td-canada-trust-announces-change-to-td-prime-rate,2026-04-18T02:11:04+00:00,9.0,7c7436e74b15598ec55454e47c05310820f03f1e5ba26addea08b6e2ad85e4a9,parsed headline + body
td_newsroom,news_html,2024-12-18_media-advisory-td-bank-group-executive-to-present-at-the-r,data/raw/news/2024-12-18_media-advisory-td-bank-group-executive-to-present-at-the-r.html,https://stories.td.com/ca/en/news/2024-12-18-media-advisory---td-bank-group-executive-to-present-at-the-r,2026-04-18T02:11:05+00:00,,51843fac4b2228422616ea65a914e572c47775eb4b4ddde88b5ae34782b67ac6,FY2025Q1; MEDIA ADVISORY - TD Bank Group Executive to Present at the RBC Capital Markets B
td_newsroom,news_json,2024-12-18_media-advisory-td-bank-group-executive-to-present-at-the-r,data/raw/news/2024-12-18_media-advisory-td-bank-group-executive-to-present-at-the-r.json,https://stories.td.com/ca/en/news/2024-12-18-media-advisory---td-bank-group-executive-to-present-at-the-r,2026-04-18T02:11:05+00:00,9.0,f1b7c3f4fe8acfe0138951b34cbffcff7bacd4cdf7ca9c02b009e4805644fd13,parsed headline + body
td_newsroom,news_html,2024-12-20_td-asset-management-inc-announces-final-annual-reinvested-d,data/raw/news/2024-12-20_td-asset-management-inc-announces-final-annual-reinvested-d.html,https://stories.td.com/ca/en/news/2024-12-20-td-asset-management-inc.-announces-final-annual-reinvested-d,2026-04-18T02:11:06+00:00,,027795bc4f25783be447f0fea0e6b6b7229e11c63cd46f559cc9220557b57884,FY2025Q1; TD Asset Management Inc. Announces Final Annual Reinvested Distributions for TD 
td_newsroom,news_json,2024-12-20_td-asset-management-inc-announces-final-annual-reinvested-d,data/raw/news/2024-12-20_td-asset-management-inc-announces-final-annual-reinvested-d.json,https://stories.td.com/ca/en/news/2024-12-20-td-asset-management-inc.-announces-final-annual-reinvested-d,2026-04-18T02:11:06+00:00,303.0,a62a2b2fb652b34910f89babd83d4e6af622998e14709bde660e9f2fc82d0423,parsed headline + body
td_newsroom,news_html,2024-12-20_td-asset-management-inc-announces-td-etf-distributions,data/raw/news/2024-12-20_td-asset-management-inc-announces-td-etf-distributions.html,https://stories.td.com/ca/en/news/2024-12-20-td-asset-management-inc.-announces-td-etf-distributions,2026-04-18T02:11:06+00:00,,783b3f7ff4c2a661df0dd5b57d7c04f8f756c9a918bb3ba519fba3ba718cd80e,FY2025Q1; TD Asset Management Inc. Announces TD ETF Distributions
td_newsroom,news_json,2024-12-20_td-asset-management-inc-announces-td-etf-distributions,data/raw/news/2024-12-20_td-asset-management-inc-announces-td-etf-distributions.json,https://stories.td.com/ca/en/news/2024-12-20-td-asset-management-inc.-announces-td-etf-distributions,2026-04-18T02:11:06+00:00,307.0,8b20d861a8c25d6734a7be92aac7134a5fd19ca6772a95c73356aad8379ba5da,parsed headline + body
td_newsroom,news_html,2024-12-23_td-bank-group-announces-redemption-of-non-cumulative-5-year,data/raw/news/2024-12-23_td-bank-group-announces-redemption-of-non-cumulative-5-year.html,https://stories.td.com/ca/en/news/2024-12-23-td-bank-group-announces-redemption-of-non-cumulative-5-year,2026-04-18T02:11:07+00:00,,03226ac184a66c04693504ee608e4cbb37130e40676510398981ecf7e2578a65,FY2025Q1; TD Bank Group Announces Redemption of Non-Cumulative 5-Year Rate Reset Class A F
td_newsroom,news_json,2024-12-23_td-bank-group-announces-redemption-of-non-cumulative-5-year,data/raw/news/2024-12-23_td-bank-group-announces-redemption-of-non-cumulative-5-year.json,https://stories.td.com/ca/en/news/2024-12-23-td-bank-group-announces-redemption-of-non-cumulative-5-year,2026-04-18T02:11:07+00:00,11.0,2390f0958e06806f5f4984fb3362968463d8adbf2fc41cd85b3523d8221d7fa3,parsed headline + body
td_newsroom,news_html,2025-01-03_2fr-e-p-e-a-t-media-advisory-td-bank-group-executive-to,data/raw/news/2025-01-03_2fr-e-p-e-a-t-media-advisory-td-bank-group-executive-to.html,https://stories.td.com/ca/en/news/2025-01-03--2fr-e-p-e-a-t----media-advisory---td-bank-group-executive-to,2026-04-18T02:11:08+00:00,,d0e989f365172decbaf1cfc6bb4068c895a905da703c6e0cc5f2b04c31f37985,FY2025Q1; /R E P E A T -- MEDIA ADVISORY - TD Bank Group Executive to Present at the RBC C
td_newsroom,news_json,2025-01-03_2fr-e-p-e-a-t-media-advisory-td-bank-group-executive-to,data/raw/news/2025-01-03_2fr-e-p-e-a-t-media-advisory-td-bank-group-executive-to.json,https://stories.td.com/ca/en/news/2025-01-03--2fr-e-p-e-a-t----media-advisory---td-bank-group-executive-to,2026-04-18T02:11:08+00:00,9.0,e0dc988a5fd8445584773c134cfb3bd91ed8454b39eaf625cc5b57d6b4b878c4,parsed headline + body
td_newsroom,news_html,2025-01-14_td-bank-group-to-issue-eur-nvcc-subordinated-debentures,data/raw/news/2025-01-14_td-bank-group-to-issue-eur-nvcc-subordinated-debentures.html,https://stories.td.com/ca/en/news/2025-01-14-td-bank-group-to-issue-eur-nvcc-subordinated-debentures,2026-04-18T02:11:08+00:00,,985ae827cb98b31e8c1d7c26c75e5640a3e2da58245594c39fb414649a97d78c,FY2025Q1; TD Bank Group to Issue EUR NVCC Subordinated Debentures
td_newsroom,news_json,2025-01-14_td-bank-group-to-issue-eur-nvcc-subordinated-debentures,data/raw/news/2025-01-14_td-bank-group-to-issue-eur-nvcc-subordinated-debentures.json,https://stories.td.com/ca/en/news/2025-01-14-td-bank-group-to-issue-eur-nvcc-subordinated-debentures,2026-04-18T02:11:08+00:00,19.0,71a87333ec5c22aa897d87a1b7630ff8ab176284fd5233abccdc64505582caac,parsed headline + body
td_newsroom,news_html,2025-01-14_td-asset-management-inc-announces-final-annual-reinvested-d,data/raw/news/2025-01-14_td-asset-management-inc-announces-final-annual-reinvested-d.html,https://stories.td.com/ca/en/news/2025-01-14-td-asset-management-inc.-announces-final-annual-reinvested-d,2026-04-18T02:11:09+00:00,,f83b0a75e8e4185b29adfb4901d572b7120b2c5e37297d3426703e7022b4a5b9,FY2025Q1; TD Asset Management Inc. Announces Final Annual Reinvested Distributions for TD 
td_newsroom,news_json,2025-01-14_td-asset-management-inc-announces-final-annual-reinvested-d,data/raw/news/2025-01-14_td-asset-management-inc-announces-final-annual-reinvested-d.json,https://stories.td.com/ca/en/news/2025-01-14-td-asset-management-inc.-announces-final-annual-reinvested-d,2026-04-18T02:11:09+00:00,43.0,20eed0a78148663f2c265c147a8bba8af4255dfc9ace9999a911d16af95d3228,parsed headline + body
td_newsroom,news_html,2025-01-14_td-asset-management-inc-broadens-its-etf-lineup-with-two-ne,data/raw/news/2025-01-14_td-asset-management-inc-broadens-its-etf-lineup-with-two-ne.html,https://stories.td.com/ca/en/news/2025-01-14-td-asset-management-inc.-broadens-its-etf-lineup-with-two-ne,2026-04-18T02:11:10+00:00,,a1012c1fdc30b2ff55dc2f8b7395b464b4525daa889c1a3e0826cc80a22c1cc5,FY2025Q1; TD Asset Management Inc. broadens its ETF lineup with two new U.S. dollar offeri
td_newsroom,news_json,2025-01-14_td-asset-management-inc-broadens-its-etf-lineup-with-two-ne,data/raw/news/2025-01-14_td-asset-management-inc-broadens-its-etf-lineup-with-two-ne.json,https://stories.td.com/ca/en/news/2025-01-14-td-asset-management-inc.-broadens-its-etf-lineup-with-two-ne,2026-04-18T02:11:10+00:00,37.0,5af60471d67528f1e5452feb9b9f3c343890c64c6eb691d6123506f27ac1943f,parsed headline + body
td_newsroom,news_html,2025-01-15_td-wins-2025-big-innovation-awards-for-fourth-consecutive-ye,data/raw/news/2025-01-15_td-wins-2025-big-innovation-awards-for-fourth-consecutive-ye.html,https://stories.td.com/ca/en/news/2025-01-15-td-wins-2025-big-innovation-awards-for-fourth-consecutive-ye,2026-04-18T02:11:10+00:00,,e789af77603e0b236a7eb255532d0fcdd29724dc96e5430885b161a090357cf2,FY2025Q1; TD wins 2025 BIG Innovation Awards for fourth consecutive year
td_newsroom,news_json,2025-01-15_td-wins-2025-big-innovation-awards-for-fourth-consecutive-ye,data/raw/news/2025-01-15_td-wins-2025-big-innovation-awards-for-fourth-consecutive-ye.json,https://stories.td.com/ca/en/news/2025-01-15-td-wins-2025-big-innovation-awards-for-fourth-consecutive-ye,2026-04-18T02:11:10+00:00,21.0,0ace1400855027c4df0cde96cedf9ce21144be5f4dd38f4c8bcf30dea610bba6,parsed headline + body
td_newsroom,news_html,2025-01-15_half-of-canadians-foresee-inflation-and-the-cost-of-living-a,data/raw/news/2025-01-15_half-of-canadians-foresee-inflation-and-the-cost-of-living-a.html,https://stories.td.com/ca/en/news/2025-01-15-half-of-canadians-foresee-inflation-and-the-cost-of-living-a,2026-04-18T02:11:11+00:00,,a183b7766ead4aed0b072525716e1ab7b4f9bf0c54a292b73e3c4ac9998288c9,FY2025Q1; Half of Canadians foresee inflation and the cost of living as biggest financial 
td_newsroom,news_json,2025-01-15_half-of-canadians-foresee-inflation-and-the-cost-of-living-a,data/raw/news/2025-01-15_half-of-canadians-foresee-inflation-and-the-cost-of-living-a.json,https://stories.td.com/ca/en/news/2025-01-15-half-of-canadians-foresee-inflation-and-the-cost-of-living-a,2026-04-18T02:11:11+00:00,55.0,2c85e0a7a94aa37be4e534eae0130b103e83cb05af054e1fdb19ca6888ec7172,parsed headline + body
td_newsroom,news_html,2025-01-17_td-bank-group-accelerates-ceo-transition-3b-announces-board-an,data/raw/news/2025-01-17_td-bank-group-accelerates-ceo-transition-3b-announces-board-an.html,https://stories.td.com/ca/en/news/2025-01-17-td-bank-group-accelerates-ceo-transition-3b-announces-board-an,2026-04-18T02:11:12+00:00,,798302148069c41c543a5b1567a521b8fab11212318033e95d339c48af17ba4e,FY2025Q1; TD Bank Group Accelerates CEO Transition; Announces Board and Committee Renewal
td_newsroom,news_json,2025-01-17_td-bank-group-accelerates-ceo-transition-3b-announces-board-an,data/raw/news/2025-01-17_td-bank-group-accelerates-ceo-transition-3b-announces-board-an.json,https://stories.td.com/ca/en/news/2025-01-17-td-bank-group-accelerates-ceo-transition-3b-announces-board-an,2026-04-18T02:11:12+00:00,79.0,1ac989c5d310f12ef261ceac2764d3cba9b9fc8f9b83dfed707a6c60cdd78398,parsed headline + body
td_newsroom,news_html,2025-01-22_td-asset-management-inc-announces-td-etf-distributions,data/raw/news/2025-01-22_td-asset-management-inc-announces-td-etf-distributions.html,https://stories.td.com/ca/en/news/2025-01-22-td-asset-management-inc.-announces-td-etf-distributions,2026-04-18T02:11:13+00:00,,7e3bfd7fd50582a7f47ccd30458074dcbaa66dd64d0a522f1469904adcab2885,FY2025Q1; TD Asset Management Inc. Announces TD ETF Distributions
td_newsroom,news_json,2025-01-22_td-asset-management-inc-announces-td-etf-distributions,data/raw/news/2025-01-22_td-asset-management-inc-announces-td-etf-distributions.json,https://stories.td.com/ca/en/news/2025-01-22-td-asset-management-inc.-announces-td-etf-distributions,2026-04-18T02:11:13+00:00,207.0,6f29414ebce6a8b03d34ad8e6ee3146fb39ca8f334f930ff9eca425da9250f9d,parsed headline + body
td_newsroom,news_html,2025-01-22_td-bank-group-comments-on-expected-impact-of-the-charles-sch,data/raw/news/2025-01-22_td-bank-group-comments-on-expected-impact-of-the-charles-sch.html,https://stories.td.com/ca/en/news/2025-01-22-td-bank-group-comments-on-expected-impact-of-the-charles-sch,2026-04-18T02:11:13+00:00,,2fa8c19347174f3343d1a3fd0a9e8bab33fde67ab1016d8692534d69ae98c0a7,FY2025Q1; TD Bank Group Comments on Expected Impact of the Charles Schwab Corporation's Fo
td_newsroom,news_json,2025-01-22_td-bank-group-comments-on-expected-impact-of-the-charles-sch,data/raw/news/2025-01-22_td-bank-group-comments-on-expected-impact-of-the-charles-sch.json,https://stories.td.com/ca/en/news/2025-01-22-td-bank-group-comments-on-expected-impact-of-the-charles-sch,2026-04-18T02:11:13+00:00,29.0,fb8fb47c7ccd807331f4eb596af2a53a16225a4740dc512f08a43691250a751d,parsed headline + body
td_newsroom,news_html,2025-01-23_td-bank-group-announces-new-global-head-of-financial-crime-r,data/raw/news/2025-01-23_td-bank-group-announces-new-global-head-of-financial-crime-r.html,https://stories.td.com/ca/en/news/2025-01-23-td-bank-group-announces-new-global-head-of-financial-crime-r,2026-04-18T02:11:14+00:00,,54f2952a11ff57258586d1b3b3d0bbb2ae543a4cd959aafc9109cc86a0e6db39,FY2025Q1; TD Bank Group Announces New Global Head of Financial Crime Risk Management
td_newsroom,news_json,2025-01-23_td-bank-group-announces-new-global-head-of-financial-crime-r,data/raw/news/2025-01-23_td-bank-group-announces-new-global-head-of-financial-crime-r.json,https://stories.td.com/ca/en/news/2025-01-23-td-bank-group-announces-new-global-head-of-financial-crime-r,2026-04-18T02:11:14+00:00,13.0,75337d939b761a2ab6749487a6a1f1ea69155c26d0a3be3df459ae3e639b17ba,parsed headline + body
td_newsroom,news_html,2025-01-23_td-insurance-successfully-sponsors-24150-million-cat-bond-wit,data/raw/news/2025-01-23_td-insurance-successfully-sponsors-24150-million-cat-bond-wit.html,https://stories.td.com/ca/en/news/2025-01-23-td-insurance-successfully-sponsors-24150-million-cat-bond-wit,2026-04-18T02:11:15+00:00,,b363df2e5c7f8a8c634795a446977874894249c6d9d08f4abfa7a30da3865203,FY2025Q1; TD Insurance Successfully Sponsors $150 Million Cat Bond with Closing of MMIFS R
td_newsroom,news_json,2025-01-23_td-insurance-successfully-sponsors-24150-million-cat-bond-wit,data/raw/news/2025-01-23_td-insurance-successfully-sponsors-24150-million-cat-bond-wit.json,https://stories.td.com/ca/en/news/2025-01-23-td-insurance-successfully-sponsors-24150-million-cat-bond-wit,2026-04-18T02:11:15+00:00,25.0,6c98f3d2582ac5721583ce51e9fddb17678ef26970d0cab6693890ebd6350ebe,parsed headline + body
td_newsroom,news_html,2025-01-27_td-bank-group-to-issue-nvcc-subordinated-debentures,data/raw/news/2025-01-27_td-bank-group-to-issue-nvcc-subordinated-debentures.html,https://stories.td.com/ca/en/news/2025-01-27-td-bank-group-to-issue-nvcc-subordinated-debentures,2026-04-18T02:11:15+00:00,,a8b506e5db4f17a1b426eda2fde3845ec35332891a8cf6265b6c0199bc036524,FY2025Q1; TD Bank Group to Issue NVCC Subordinated Debentures
td_newsroom,news_json,2025-01-27_td-bank-group-to-issue-nvcc-subordinated-debentures,data/raw/news/2025-01-27_td-bank-group-to-issue-nvcc-subordinated-debentures.json,https://stories.td.com/ca/en/news/2025-01-27-td-bank-group-to-issue-nvcc-subordinated-debentures,2026-04-18T02:11:15+00:00,19.0,b9f8ad8081621996fe9ecdfb2e282d3b6cf448d8ddb645d7cfe17062ba44573e,parsed headline + body
td_newsroom,news_html,2025-01-29_td-canada-trust-announces-change-to-td-prime-rate,data/raw/news/2025-01-29_td-canada-trust-announces-change-to-td-prime-rate.html,https://stories.td.com/ca/en/news/2025-01-29-td-canada-trust-announces-change-to-td-prime-rate,2026-04-18T02:11:16+00:00,,6437c5c77845f329e4908e3277cad4c9f3847ed94e33dc73f4fa757d2581ac8f,FY2025Q1; TD Canada Trust announces change to TD Prime Rate
td_newsroom,news_json,2025-01-29_td-canada-trust-announces-change-to-td-prime-rate,data/raw/news/2025-01-29_td-canada-trust-announces-change-to-td-prime-rate.json,https://stories.td.com/ca/en/news/2025-01-29-td-canada-trust-announces-change-to-td-prime-rate,2026-04-18T02:11:16+00:00,9.0,61b7b1067fe637977b93010f0807500a5aae32490cbb7be402776b60a8352b4f,parsed headline + body
td_newsroom,news_html,2025-01-31_td-bank-group-appoints-new-leadership-of-platforms-and-techn,data/raw/news/2025-01-31_td-bank-group-appoints-new-leadership-of-platforms-and-techn.html,https://stories.td.com/ca/en/news/2025-01-31-td-bank-group-appoints-new-leadership-of-platforms-and-techn,2026-04-18T02:11:17+00:00,,4f312e66ebc32508801463904045d8e8ac7990c76e217080b79fed8f97abd0c7,FY2025Q1; TD Bank Group Appoints New Leadership of Platforms and Technology
td_newsroom,news_json,2025-01-31_td-bank-group-appoints-new-leadership-of-platforms-and-techn,data/raw/news/2025-01-31_td-bank-group-appoints-new-leadership-of-platforms-and-techn.json,https://stories.td.com/ca/en/news/2025-01-31-td-bank-group-appoints-new-leadership-of-platforms-and-techn,2026-04-18T02:11:17+00:00,19.0,c20cc87c551e4bf95ba4154d08eb808cb85e50f8b68ea6bae147146cfcc3acd1,parsed headline + body
td_newsroom,news_html,2025-02-06_media-advisory-td-bank-group-to-release-first-quarter-fina,data/raw/news/2025-02-06_media-advisory-td-bank-group-to-release-first-quarter-fina.html,https://stories.td.com/ca/en/news/2025-02-06-media-advisory---td-bank-group-to-release-first-quarter-fina,2026-04-18T02:11:17+00:00,,3a7a34dfebf36254018ce39bd06c58c0ee5f478e0f076a9fbd5d6762bb01327a,FY2025Q2; Media Advisory - TD Bank Group to release first-quarter financial results
td_newsroom,news_json,2025-02-06_media-advisory-td-bank-group-to-release-first-quarter-fina,data/raw/news/2025-02-06_media-advisory-td-bank-group-to-release-first-quarter-fina.json,https://stories.td.com/ca/en/news/2025-02-06-media-advisory---td-bank-group-to-release-first-quarter-fina,2026-04-18T02:11:17+00:00,17.0,b566b90e4e3e474466555cf1cf769dc2140f6e999b009f88cbfc4572d6ad519d,parsed headline + body
td_newsroom,news_html,2025-02-07_td-bank-group-provides-insurance-catastrophe-information,data/raw/news/2025-02-07_td-bank-group-provides-insurance-catastrophe-information.html,https://stories.td.com/ca/en/news/2025-02-07-td-bank-group-provides-insurance-catastrophe-information,2026-04-18T02:11:18+00:00,,4359e02113e4b9e28c58d010b86ee37d2897a3fdf73ed3c8f2d1f5fd73f88c5c,FY2025Q2; TD Bank Group provides insurance catastrophe information
td_newsroom,news_json,2025-02-07_td-bank-group-provides-insurance-catastrophe-information,data/raw/news/2025-02-07_td-bank-group-provides-insurance-catastrophe-information.json,https://stories.td.com/ca/en/news/2025-02-07-td-bank-group-provides-insurance-catastrophe-information,2026-04-18T02:11:18+00:00,31.0,0a19cc7a7f6baaba7ebebf47eee25b672deedcc325375e6d6dfe8b3fa3465be0,parsed headline + body
td_newsroom,news_html,2025-02-07_24-mutual-funds-and-etfs-managed-by-td-asset-management-inc,data/raw/news/2025-02-07_24-mutual-funds-and-etfs-managed-by-td-asset-management-inc.html,https://stories.td.com/ca/en/news/2025-02-07-24-mutual-funds-and-etfs-managed-by-td-asset-management-inc.,2026-04-18T02:11:19+00:00,,98f85739ce623231b8e2522046a8d8ea4d010685c0bdb995ca8afb3803276c8b,FY2025Q2; 24 mutual funds and ETFs managed by TD Asset Management Inc. recognized at the F
td_newsroom,news_json,2025-02-07_24-mutual-funds-and-etfs-managed-by-td-asset-management-inc,data/raw/news/2025-02-07_24-mutual-funds-and-etfs-managed-by-td-asset-management-inc.json,https://stories.td.com/ca/en/news/2025-02-07-24-mutual-funds-and-etfs-managed-by-td-asset-management-inc.,2026-04-18T02:11:19+00:00,271.0,eb4417b6e9a489bb3fc285d70b86482dda9fb67d7caeb14b91c96656fe5163bd,parsed headline + body
td_newsroom,news_html,2025-02-10_td-bank-group-announces-intention-to-purchase-for-cancellati,data/raw/news/2025-02-10_td-bank-group-announces-intention-to-purchase-for-cancellati.html,https://stories.td.com/ca/en/news/2025-02-10-td-bank-group-announces-intention-to-purchase-for-cancellati,2026-04-18T02:11:19+00:00,,69dded50200e54e1f408b717f3885f3d892d0a2c489ce4c39688eb26e8dcfd13,FY2025Q2; TD Bank Group Announces Intention to Purchase for Cancellation up to 100 Million
td_newsroom,news_json,2025-02-10_td-bank-group-announces-intention-to-purchase-for-cancellati,data/raw/news/2025-02-10_td-bank-group-announces-intention-to-purchase-for-cancellati.json,https://stories.td.com/ca/en/news/2025-02-10-td-bank-group-announces-intention-to-purchase-for-cancellati,2026-04-18T02:11:19+00:00,27.0,cf035e3dcf1ec366d804444aa3b234bdf8500a3ea7e3139ed9f6352c1332a080,parsed headline + body
td_newsroom,news_html,2025-02-10_td-bank-group-announces-intent-to-sell-its-equity-investment,data/raw/news/2025-02-10_td-bank-group-announces-intent-to-sell-its-equity-investment.html,https://stories.td.com/ca/en/news/2025-02-10-td-bank-group-announces-intent-to-sell-its-equity-investment,2026-04-18T02:11:20+00:00,,29e2605972580d56bbae8ffdc683bec0371727e970c14515bbc5314423172217,FY2025Q2; TD Bank Group Announces Intent to Sell its Equity Investment in Schwab
td_newsroom,news_json,2025-02-10_td-bank-group-announces-intent-to-sell-its-equity-investment,data/raw/news/2025-02-10_td-bank-group-announces-intent-to-sell-its-equity-investment.json,https://stories.td.com/ca/en/news/2025-02-10-td-bank-group-announces-intent-to-sell-its-equity-investment,2026-04-18T02:11:20+00:00,49.0,cdd82c3d82975d3bba7696a4c79414156fafea0d634d8c51a08c62bf69cbf431,parsed headline + body
td_newsroom,news_html,2025-02-11_love-or-money-3f-half-of-gen-z-canadians-want-a-prenup-3a-td-sur,data/raw/news/2025-02-11_love-or-money-3f-half-of-gen-z-canadians-want-a-prenup-3a-td-sur.html,https://stories.td.com/ca/en/news/2025-02-11-love-or-money-3f-half-of-gen-z-canadians-want-a-prenup-3a-td-sur,2026-04-18T02:11:21+00:00,,a247a797a60da47c9e5a385594ce5963878295f774369b78929b743bde488d53,FY2025Q2; Love or money? Half of Gen Z Canadians want a prenup: TD survey
td_newsroom,news_json,2025-02-11_love-or-money-3f-half-of-gen-z-canadians-want-a-prenup-3a-td-sur,data/raw/news/2025-02-11_love-or-money-3f-half-of-gen-z-canadians-want-a-prenup-3a-td-sur.json,https://stories.td.com/ca/en/news/2025-02-11-love-or-money-3f-half-of-gen-z-canadians-want-a-prenup-3a-td-sur,2026-04-18T02:11:21+00:00,51.0,f08759424834b6d824301ffda664a98178d519b44f284e4c545e279f430e0a2d,parsed headline + body
td_newsroom,news_html,2025-02-11_td-bank-group-announces-pricing-of-offering-of-schwab-stock,data/raw/news/2025-02-11_td-bank-group-announces-pricing-of-offering-of-schwab-stock.html,https://stories.td.com/ca/en/news/2025-02-11-td-bank-group-announces-pricing-of-offering-of-schwab-stock,2026-04-18T02:11:21+00:00,,f2ab74c57219cf2fdf8274ffe4c549ceb851af2fdaa3d894eedbbb28d36a6cf1,FY2025Q2; TD Bank Group Announces Pricing of Offering of Schwab Stock
td_newsroom,news_json,2025-02-11_td-bank-group-announces-pricing-of-offering-of-schwab-stock,data/raw/news/2025-02-11_td-bank-group-announces-pricing-of-offering-of-schwab-stock.json,https://stories.td.com/ca/en/news/2025-02-11-td-bank-group-announces-pricing-of-offering-of-schwab-stock,2026-04-18T02:11:21+00:00,57.0,2294598e1c93ff1033582a75a8c74f6da2ddf1e69f3fdfa2556648759b1c5f03,parsed headline + body
td_newsroom,news_html,2025-02-12_td-bank-group-announces-closing-of-sale-of-schwab-stock,data/raw/news/2025-02-12_td-bank-group-announces-closing-of-sale-of-schwab-stock.html,https://stories.td.com/ca/en/news/2025-02-12-td-bank-group-announces-closing-of-sale-of-schwab-stock,2026-04-18T02:11:22+00:00,,19390f5df2cb57a55bbf63c11bd32d841c02e6358595c1fc90536877103e7b5c,FY2025Q2; TD Bank Group Announces Closing of Sale of Schwab Stock
td_newsroom,news_json,2025-02-12_td-bank-group-announces-closing-of-sale-of-schwab-stock,data/raw/news/2025-02-12_td-bank-group-announces-closing-of-sale-of-schwab-stock.json,https://stories.td.com/ca/en/news/2025-02-12-td-bank-group-announces-closing-of-sale-of-schwab-stock,2026-04-18T02:11:22+00:00,13.0,4f0d3c9954a3ea06dd0c8d71dda0c3d5d8f6c42151636cab2da387faacd0e29c,parsed headline + body
td_newsroom,news_html,2025-02-13_media-advisory-td-bank-group-executive-to-present-at-the-r,data/raw/news/2025-02-13_media-advisory-td-bank-group-executive-to-present-at-the-r.html,https://stories.td.com/ca/en/news/2025-02-13-media-advisory---td-bank-group-executive-to-present-at-the-r,2026-04-18T02:11:23+00:00,,f0c03465093d9cc14189d63972c3e2259a22ef05ab77aacfb518188b22991805,FY2025Q2; MEDIA ADVISORY - TD Bank Group Executive to Present at the RBC Global Financial 
td_newsroom,news_json,2025-02-13_media-advisory-td-bank-group-executive-to-present-at-the-r,data/raw/news/2025-02-13_media-advisory-td-bank-group-executive-to-present-at-the-r.json,https://stories.td.com/ca/en/news/2025-02-13-media-advisory---td-bank-group-executive-to-present-at-the-r,2026-04-18T02:11:23+00:00,9.0,3e1fb508404391e68fbdf0056cff31d72b4783ba06615e09dd680da0e11696dd,parsed headline + body
td_newsroom,news_html,2025-02-14_a-three-peat-21-td-direct-investing-tops-the-globe-and-mail-di,data/raw/news/2025-02-14_a-three-peat-21-td-direct-investing-tops-the-globe-and-mail-di.html,https://stories.td.com/ca/en/news/2025-02-14-a-three-peat-21-td-direct-investing-tops-the-globe-and-mail-di,2026-04-18T02:11:23+00:00,,349bbd395116031ba7404529c83bbd461c202e679faf522ae51d37012a41be48,FY2025Q2; A three-peat! TD Direct Investing tops The Globe and Mail Digital Brokerage Rank
td_newsroom,news_json,2025-02-14_a-three-peat-21-td-direct-investing-tops-the-globe-and-mail-di,data/raw/news/2025-02-14_a-three-peat-21-td-direct-investing-tops-the-globe-and-mail-di.json,https://stories.td.com/ca/en/news/2025-02-14-a-three-peat-21-td-direct-investing-tops-the-globe-and-mail-di,2026-04-18T02:11:23+00:00,29.0,27c3a2b2ab14a2a5eefc36e14fecb3452e223e02d886d8276d767a1caeadf295,parsed headline + body
td_newsroom,news_html,2025-02-18_gen-z-most-likely-to-shy-away-from-talking-about-fraud-exper,data/raw/news/2025-02-18_gen-z-most-likely-to-shy-away-from-talking-about-fraud-exper.html,https://stories.td.com/ca/en/news/2025-02-18-gen-z-most-likely-to-shy-away-from-talking-about-fraud-exper,2026-04-18T02:11:24+00:00,,a3a7a9f4fe7aace811c1fb9564377abb05516c4dd32dde4f25d0ed89e11dfcfb,FY2025Q2; Gen Z most likely to shy away from talking about fraud experiences at home despi
td_newsroom,news_json,2025-02-18_gen-z-most-likely-to-shy-away-from-talking-about-fraud-exper,data/raw/news/2025-02-18_gen-z-most-likely-to-shy-away-from-talking-about-fraud-exper.json,https://stories.td.com/ca/en/news/2025-02-18-gen-z-most-likely-to-shy-away-from-talking-about-fraud-exper,2026-04-18T02:11:24+00:00,57.0,72bfed8bea41d866d891660e1c8aa59988e7bcf27d2fc6a00222dad4353cdb9b,parsed headline + body
td_newsroom,news_html,2025-02-20_td-asset-management-inc-announces-td-etf-distributions,data/raw/news/2025-02-20_td-asset-management-inc-announces-td-etf-distributions.html,https://stories.td.com/ca/en/news/2025-02-20-td-asset-management-inc.-announces-td-etf-distributions,2026-04-18T02:11:25+00:00,,53a863c21b586fc3dd675e6d5d9a014a3fab02d86ff7186a4f54a46d90e47925,FY2025Q2; TD Asset Management Inc. Announces TD ETF Distributions
td_newsroom,news_json,2025-02-20_td-asset-management-inc-announces-td-etf-distributions,data/raw/news/2025-02-20_td-asset-management-inc-announces-td-etf-distributions.json,https://stories.td.com/ca/en/news/2025-02-20-td-asset-management-inc.-announces-td-etf-distributions,2026-04-18T02:11:25+00:00,207.0,4ae32bb091a4d703e73f55a4f1c24b4dd883b727376c4e5486afd79c78826702,parsed headline + body
td_newsroom,news_html,2025-02-24_the-toronto-dominion-bank-receives-regulatory-approval-for-n,data/raw/news/2025-02-24_the-toronto-dominion-bank-receives-regulatory-approval-for-n.html,https://stories.td.com/ca/en/news/2025-02-24-the-toronto-dominion-bank-receives-regulatory-approval-for-n,2026-04-18T02:11:25+00:00,,32dcc49eb4b681099a21a0bdb65161fe8e42faecf4963790ae63c4bc825ec454,FY2025Q2; The Toronto-Dominion Bank Receives Regulatory Approval for Normal Course Issuer 
td_newsroom,news_json,2025-02-24_the-toronto-dominion-bank-receives-regulatory-approval-for-n,data/raw/news/2025-02-24_the-toronto-dominion-bank-receives-regulatory-approval-for-n.json,https://stories.td.com/ca/en/news/2025-02-24-the-toronto-dominion-bank-receives-regulatory-approval-for-n,2026-04-18T02:11:25+00:00,33.0,1e2f1df3948282dd8961f1167eb2c149a8aec8a883e9d25a3f2a6a9ad81c9e1a,parsed headline + body
td_newsroom,news_html,2025-02-25_2fr-e-p-e-a-t-media-advisory-td-bank-group-to-release-fi,data/raw/news/2025-02-25_2fr-e-p-e-a-t-media-advisory-td-bank-group-to-release-fi.html,https://stories.td.com/ca/en/news/2025-02-25--2fr-e-p-e-a-t----media-advisory---td-bank-group-to-release-fi,2026-04-18T02:11:26+00:00,,628f929232fca2d87b7d5a1a88a59aebcce5e760bc624c9a2c286ecee7882866,FY2025Q2; /R E P E A T -- Media Advisory - TD Bank Group to release first-quarter financia
td_newsroom,news_json,2025-02-25_2fr-e-p-e-a-t-media-advisory-td-bank-group-to-release-fi,data/raw/news/2025-02-25_2fr-e-p-e-a-t-media-advisory-td-bank-group-to-release-fi.json,https://stories.td.com/ca/en/news/2025-02-25--2fr-e-p-e-a-t----media-advisory---td-bank-group-to-release-fi,2026-04-18T02:11:26+00:00,17.0,098c043b36b5152c8c21deb7a406173dd76b647517b8a3f7793d8246ba8b9ece,parsed headline + body
td_newsroom,news_html,2025-02-27_td-asset-management-inc-announces-risk-rating-change-for-td,data/raw/news/2025-02-27_td-asset-management-inc-announces-risk-rating-change-for-td.html,https://stories.td.com/ca/en/news/2025-02-27-td-asset-management-inc.-announces-risk-rating-change-for-td,2026-04-18T02:11:27+00:00,,b72ba7439cea97a2a83cd07ba896bd80b65c86caf303e3b15c66822b3669a0a2,FY2025Q2; TD Asset Management Inc. Announces Risk Rating Change for TD Q U.S. Low Volatili
td_newsroom,news_json,2025-02-27_td-asset-management-inc-announces-risk-rating-change-for-td,data/raw/news/2025-02-27_td-asset-management-inc-announces-risk-rating-change-for-td.json,https://stories.td.com/ca/en/news/2025-02-27-td-asset-management-inc.-announces-risk-rating-change-for-td,2026-04-18T02:11:27+00:00,25.0,954229bb0fc58ce628a8933f987d4ef18c57766f3f98052b337c96ab9c99e0d5,parsed headline + body
td_newsroom,news_html,2025-02-27_td-bank-group-declares-dividends,data/raw/news/2025-02-27_td-bank-group-declares-dividends.html,https://stories.td.com/ca/en/news/2025-02-27-td-bank-group-declares-dividends,2026-04-18T02:11:28+00:00,,0e1e878e30726a456f384145451fdd6a03cb02843c6a2211f4441e03f4b69bb6,FY2025Q2; TD BANK GROUP DECLARES DIVIDENDS
td_newsroom,news_json,2025-02-27_td-bank-group-declares-dividends,data/raw/news/2025-02-27_td-bank-group-declares-dividends.json,https://stories.td.com/ca/en/news/2025-02-27-td-bank-group-declares-dividends,2026-04-18T02:11:28+00:00,37.0,0308d2b75a23300f0800bfe9442d6c0b12b89aba5596c86cc32a3ae1715e378f,parsed headline + body
td_newsroom,news_html,2025-02-27_td-bank-group-reports-first-quarter-2025-results,data/raw/news/2025-02-27_td-bank-group-reports-first-quarter-2025-results.html,https://stories.td.com/ca/en/news/2025-02-27-td-bank-group-reports-first-quarter-2025-results,2026-04-18T02:11:29+00:00,,3d692824865649cbab1c8f1d05260ce135c73cd099ff96f842882c125f741e75,FY2025Q2; TD Bank Group Reports First Quarter 2025 Results
td_newsroom,news_json,2025-02-27_td-bank-group-reports-first-quarter-2025-results,data/raw/news/2025-02-27_td-bank-group-reports-first-quarter-2025-results.json,https://stories.td.com/ca/en/news/2025-02-27-td-bank-group-reports-first-quarter-2025-results,2026-04-18T02:11:29+00:00,2889.0,22bd3f3d110d557db1226eff2fe8741ead76bc8fa24bbbf266dd98094bb4b346,parsed headline + body
td_newsroom,news_html,2025-03-03_2fr-e-p-e-a-t-media-advisory-td-bank-group-executive-to,data/raw/news/2025-03-03_2fr-e-p-e-a-t-media-advisory-td-bank-group-executive-to.html,https://stories.td.com/ca/en/news/2025-03-03--2fr-e-p-e-a-t----media-advisory---td-bank-group-executive-to,2026-04-18T02:11:29+00:00,,a325daad38b156a8172279c1b440aa2986d32068640a440251ce92aebbafbbfd,FY2025Q2; /R E P E A T -- MEDIA ADVISORY - TD Bank Group Executive to Present at the RBC G
td_newsroom,news_json,2025-03-03_2fr-e-p-e-a-t-media-advisory-td-bank-group-executive-to,data/raw/news/2025-03-03_2fr-e-p-e-a-t-media-advisory-td-bank-group-executive-to.json,https://stories.td.com/ca/en/news/2025-03-03--2fr-e-p-e-a-t----media-advisory---td-bank-group-executive-to,2026-04-18T02:11:29+00:00,9.0,e34e0d65ae2504459f55b8f57ac8e53199a13904bea6797e2630dc32ed073a63,parsed headline + body
td_newsroom,news_html,2025-03-04_td-bank-group-management-proxy-circular-now-available-3b-new-d,data/raw/news/2025-03-04_td-bank-group-management-proxy-circular-now-available-3b-new-d.html,https://stories.td.com/ca/en/news/2025-03-04-td-bank-group-management-proxy-circular-now-available-3b-new-d,2026-04-18T02:11:30+00:00,,5e48fabd6df8d5fa27d3d36f02d80a39868907e012e9b5612d3760e6bbff16d4,FY2025Q2; TD Bank Group Management Proxy Circular Now Available; New Director Nominee Anno
td_newsroom,news_json,2025-03-04_td-bank-group-management-proxy-circular-now-available-3b-new-d,data/raw/news/2025-03-04_td-bank-group-management-proxy-circular-now-available-3b-new-d.json,https://stories.td.com/ca/en/news/2025-03-04-td-bank-group-management-proxy-circular-now-available-3b-new-d,2026-04-18T02:11:30+00:00,43.0,3c669d3ad95fd323e90dd97f89b6fec73c022eb36d5751473b54d704e5f45911,parsed headline + body
td_newsroom,news_html,2025-03-07_td-donates-over-241-million-to-three-initiatives-focused-on-f,data/raw/news/2025-03-07_td-donates-over-241-million-to-three-initiatives-focused-on-f.html,https://stories.td.com/ca/en/news/2025-03-07-td-donates-over-241-million-to-three-initiatives-focused-on-f,2026-04-18T02:11:31+00:00,,aab8eae46064cf7959b81e7ecd813cc01075cdbc016a54aae71aa1ba8a9db556,FY2025Q2; TD donates over $1 million to three initiatives focused on financial literacy an
td_newsroom,news_json,2025-03-07_td-donates-over-241-million-to-three-initiatives-focused-on-f,data/raw/news/2025-03-07_td-donates-over-241-million-to-three-initiatives-focused-on-f.json,https://stories.td.com/ca/en/news/2025-03-07-td-donates-over-241-million-to-three-initiatives-focused-on-f,2026-04-18T02:11:31+00:00,21.0,c3f0301bd646d9aba2f9b4eaebb80903e4076eb05ff28b3e866cb87fd5f232f2,parsed headline + body
td_newsroom,news_html,2025-03-11_media-advisory-td-bank-group-executive-to-present-at-the-n,data/raw/news/2025-03-11_media-advisory-td-bank-group-executive-to-present-at-the-n.html,https://stories.td.com/ca/en/news/2025-03-11-media-advisory---td-bank-group-executive-to-present-at-the-n,2026-04-18T02:11:32+00:00,,5dc836dff7da454659bdfe27e15dd97172d9d08dc06d2f4ef1306f54f0a989cf,FY2025Q2; MEDIA ADVISORY - TD Bank Group Executive to Present at the National Bank Financi
td_newsroom,news_json,2025-03-11_media-advisory-td-bank-group-executive-to-present-at-the-n,data/raw/news/2025-03-11_media-advisory-td-bank-group-executive-to-present-at-the-n.json,https://stories.td.com/ca/en/news/2025-03-11-media-advisory---td-bank-group-executive-to-present-at-the-n,2026-04-18T02:11:32+00:00,9.0,db43b5773b9c3b6fb9f395dab15783b42c30cdfea2b8e8d833815a81a725a7b8,parsed headline + body
td_newsroom,news_html,2025-03-12_td-canada-trust-announces-change-to-td-prime-rate,data/raw/news/2025-03-12_td-canada-trust-announces-change-to-td-prime-rate.html,https://stories.td.com/ca/en/news/2025-03-12-td-canada-trust-announces-change-to-td-prime-rate,2026-04-18T02:11:32+00:00,,5d09590cef4687822cfc5be895d9b3dc257ca78a2ba1bb8b4d08e45da171132f,FY2025Q2; TD Canada Trust announces change to TD Prime Rate
td_newsroom,news_json,2025-03-12_td-canada-trust-announces-change-to-td-prime-rate,data/raw/news/2025-03-12_td-canada-trust-announces-change-to-td-prime-rate.json,https://stories.td.com/ca/en/news/2025-03-12-td-canada-trust-announces-change-to-td-prime-rate,2026-04-18T02:11:32+00:00,9.0,d75044bbe8763164fa28a63b1e0bd6e624bb399e9252f34e9e389617845d5c8e,parsed headline + body
td_newsroom,news_html,2025-03-13_td-empowers-canadian-youth-with-engaging-financial-education,data/raw/news/2025-03-13_td-empowers-canadian-youth-with-engaging-financial-education.html,https://stories.td.com/ca/en/news/2025-03-13-td-empowers-canadian-youth-with-engaging-financial-education,2026-04-18T02:11:33+00:00,,e2807a1662c92be07329a3130f0610230be7b61c762f49f8a6530cb2c7e1b084,FY2025Q2; TD empowers Canadian youth with engaging financial education through innovative 
td_newsroom,news_json,2025-03-13_td-empowers-canadian-youth-with-engaging-financial-education,data/raw/news/2025-03-13_td-empowers-canadian-youth-with-engaging-financial-education.json,https://stories.td.com/ca/en/news/2025-03-13-td-empowers-canadian-youth-with-engaging-financial-education,2026-04-18T02:11:33+00:00,29.0,1111903ecc253d278b0a1cb64b4cb43a21ebb730d58233c619ed3a2f772738b9,parsed headline + body
td_newsroom,news_html,2025-03-17_td-2024-sustainability-report-available,data/raw/news/2025-03-17_td-2024-sustainability-report-available.html,https://stories.td.com/ca/en/news/2025-03-17-td-2024-sustainability-report-available,2026-04-18T02:11:34+00:00,,331c6ac4fecf889dd8ffe24e438766b63d40f3a33af5a1310b2c6303206e7c97,FY2025Q2; TD 2024 Sustainability Report available
td_newsroom,news_json,2025-03-17_td-2024-sustainability-report-available,data/raw/news/2025-03-17_td-2024-sustainability-report-available.json,https://stories.td.com/ca/en/news/2025-03-17-td-2024-sustainability-report-available,2026-04-18T02:11:34+00:00,29.0,747fdf9924df85a09891d55be4f3d7af3e365c30d02ae2a0c8bcf266c5400850,parsed headline + body
td_newsroom,news_html,2025-03-18_td-asset-management-inc-announces-td-etf-distributions,data/raw/news/2025-03-18_td-asset-management-inc-announces-td-etf-distributions.html,https://stories.td.com/ca/en/news/2025-03-18-td-asset-management-inc.-announces-td-etf-distributions,2026-04-18T02:11:35+00:00,,ad461fb4e2b6a90303474031ff300f95ec1ad79f8a225ce5a14a7c13229cca4f,FY2025Q2; TD Asset Management Inc. Announces TD ETF Distributions
td_newsroom,news_json,2025-03-18_td-asset-management-inc-announces-td-etf-distributions,data/raw/news/2025-03-18_td-asset-management-inc-announces-td-etf-distributions.json,https://stories.td.com/ca/en/news/2025-03-18-td-asset-management-inc.-announces-td-etf-distributions,2026-04-18T02:11:35+00:00,343.0,4c1f29d304ce4e86f3b1c7ec5d1c04a2f644ba2232be1d5ec8b519ead5be6bb2,parsed headline + body
td_newsroom,news_html,2025-03-19_2024-td-ready-challenge-awards-2410-million-to-10-canadian-an,data/raw/news/2025-03-19_2024-td-ready-challenge-awards-2410-million-to-10-canadian-an.html,https://stories.td.com/ca/en/news/2025-03-19-2024-td-ready-challenge-awards-2410-million-to-10-canadian-an,2026-04-18T02:11:36+00:00,,a75d8a0768201f614d4863f1beed981502d0ddefbde7da9859f48a3d7509842b,FY2025Q2; 2024 TD Ready Challenge awards $10 million to 10 Canadian and U.S. organizations
td_newsroom,news_json,2025-03-19_2024-td-ready-challenge-awards-2410-million-to-10-canadian-an,data/raw/news/2025-03-19_2024-td-ready-challenge-awards-2410-million-to-10-canadian-an.json,https://stories.td.com/ca/en/news/2025-03-19-2024-td-ready-challenge-awards-2410-million-to-10-canadian-an,2026-04-18T02:11:36+00:00,49.0,7ae1831f2909498debaa4376374170d8cc0a6ab346086df0ecce20fd48ba6360,parsed headline + body
td_newsroom,news_html,2025-03-20_td-bank-announces-redemption-of-3-105-25-medium-term-notes-28no,data/raw/news/2025-03-20_td-bank-announces-redemption-of-3-105-25-medium-term-notes-28no.html,https://stories.td.com/ca/en/news/2025-03-20-td-bank-announces-redemption-of-3.105-25-medium-term-notes-28no,2026-04-18T02:11:36+00:00,,4d0e93fe8e6d363cd7fa663d00875d12d138da200a05fbf9fefbc61f36e0fb5e,FY2025Q2; TD Bank Announces Redemption of 3.105% Medium Term Notes (Non-Viability Continge
td_newsroom,news_json,2025-03-20_td-bank-announces-redemption-of-3-105-25-medium-term-notes-28no,data/raw/news/2025-03-20_td-bank-announces-redemption-of-3-105-25-medium-term-notes-28no.json,https://stories.td.com/ca/en/news/2025-03-20-td-bank-announces-redemption-of-3.105-25-medium-term-notes-28no,2026-04-18T02:11:36+00:00,11.0,325ef59a50934eef3c618b752db8ba9d195c542ee4fc6a47b1f5642c74c6adc2,parsed headline + body
td_newsroom,news_html,2025-03-20_2fr-e-p-e-a-t-media-advisory-td-bank-group-executive-to,data/raw/news/2025-03-20_2fr-e-p-e-a-t-media-advisory-td-bank-group-executive-to.html,https://stories.td.com/ca/en/news/2025-03-20--2fr-e-p-e-a-t----media-advisory---td-bank-group-executive-to,2026-04-18T02:11:37+00:00,,081b934a2e921553104bfff7cfcfd4443102baf851e2b3301f73a4ec8553ced2,FY2025Q2; /R E P E A T -- MEDIA ADVISORY - TD Bank Group Executive to Present at the Natio
td_newsroom,news_json,2025-03-20_2fr-e-p-e-a-t-media-advisory-td-bank-group-executive-to,data/raw/news/2025-03-20_2fr-e-p-e-a-t-media-advisory-td-bank-group-executive-to.json,https://stories.td.com/ca/en/news/2025-03-20--2fr-e-p-e-a-t----media-advisory---td-bank-group-executive-to,2026-04-18T02:11:37+00:00,9.0,2a9d86be3675c72cc1147ce965a33c4faa6dc41419cd4dfb12fbd75683e2bc0a,parsed headline + body
td_newsroom,news_html,2025-03-27_td-offers-eligible-td-credit-cardholders-exclusive-perks-at,data/raw/news/2025-03-27_td-offers-eligible-td-credit-cardholders-exclusive-perks-at.html,https://stories.td.com/ca/en/news/2025-03-27-td-offers-eligible-td-credit-cardholders-exclusive-perks-at,2026-04-18T02:11:38+00:00,,821e988da2dbb7b6972766838397bc15873a6f0ecf43358293be6a3e64227ed5,FY2025Q2; TD offers eligible TD Credit Cardholders exclusive perks at Blue Jays™ home game
td_newsroom,news_json,2025-03-27_td-offers-eligible-td-credit-cardholders-exclusive-perks-at,data/raw/news/2025-03-27_td-offers-eligible-td-credit-cardholders-exclusive-perks-at.json,https://stories.td.com/ca/en/news/2025-03-27-td-offers-eligible-td-credit-cardholders-exclusive-perks-at,2026-04-18T02:11:38+00:00,29.0,336bafe8c28f1a2fae780d91bdcd7900f67b8f4b1f9bacf7120eb6cb4f82460d,parsed headline + body
td_newsroom,news_html,2025-04-10_td-bank-group-announces-election-of-directors,data/raw/news/2025-04-10_td-bank-group-announces-election-of-directors.html,https://stories.td.com/ca/en/news/2025-04-10-td-bank-group-announces-election-of-directors,2026-04-18T02:11:38+00:00,,d6cfa52e2fdf8c45761c48c0fb3cb955968af7c17a9c04373ac64f4dc16c17aa,FY2025Q2; TD Bank Group Announces Election of Directors
td_newsroom,news_json,2025-04-10_td-bank-group-announces-election-of-directors,data/raw/news/2025-04-10_td-bank-group-announces-election-of-directors.json,https://stories.td.com/ca/en/news/2025-04-10-td-bank-group-announces-election-of-directors,2026-04-18T02:11:38+00:00,163.0,8e5e88d6ec8489766ee875211459dc8615528553124bd923a77acb320c350fe9,parsed headline + body
td_newsroom,news_html,2025-04-15_td-asset-management-inc-launches-the-td-all-equity-etf-port,data/raw/news/2025-04-15_td-asset-management-inc-launches-the-td-all-equity-etf-port.html,https://stories.td.com/ca/en/news/2025-04-15-td-asset-management-inc.-launches-the-td-all-equity-etf-port,2026-04-18T02:11:39+00:00,,2a26120eada9b49b12afb381af5c2dc0e46974294babae7a404ff4d221db4032,FY2025Q2; TD Asset Management Inc. Launches the TD All-Equity ETF Portfolio
td_newsroom,news_json,2025-04-15_td-asset-management-inc-launches-the-td-all-equity-etf-port,data/raw/news/2025-04-15_td-asset-management-inc-launches-the-td-all-equity-etf-port.json,https://stories.td.com/ca/en/news/2025-04-15-td-asset-management-inc.-launches-the-td-all-equity-etf-port,2026-04-18T02:11:39+00:00,37.0,5c574cc87de6dc7ac46c5385348aedf946471ecfd4a9df61283974349248b362,parsed headline + body
td_newsroom,news_html,2025-04-17_td-asset-management-inc-announces-td-etf-distributions,data/raw/news/2025-04-17_td-asset-management-inc-announces-td-etf-distributions.html,https://stories.td.com/ca/en/news/2025-04-17-td-asset-management-inc.-announces-td-etf-distributions,2026-04-18T02:11:40+00:00,,4e49120c6c3652a871862fa5c07bac313c8b69683a195ef2bde175e0647a8cfe,FY2025Q2; TD Asset Management Inc. Announces TD ETF Distributions
td_newsroom,news_json,2025-04-17_td-asset-management-inc-announces-td-etf-distributions,data/raw/news/2025-04-17_td-asset-management-inc-announces-td-etf-distributions.json,https://stories.td.com/ca/en/news/2025-04-17-td-asset-management-inc.-announces-td-etf-distributions,2026-04-18T02:11:40+00:00,205.0,219fbcc15762cbe20b7787bae2816e466fb69284c504159c31d41e093c7b670d,parsed headline + body
td_newsroom,news_html,2025-04-18_td-bank-group-comments-on-expected-impact-of-the-charles-sch,data/raw/news/2025-04-18_td-bank-group-comments-on-expected-impact-of-the-charles-sch.html,https://stories.td.com/ca/en/news/2025-04-18-td-bank-group-comments-on-expected-impact-of-the-charles-sch,2026-04-18T02:11:41+00:00,,b2bba4c8fabaef31fb85970c59e4e1c304d8b1a0a06f42e0c06ada222107f4a0,FY2025Q2; TD Bank Group Comments on Expected Impact of the Charles Schwab Corporation's Fi
td_newsroom,news_json,2025-04-18_td-bank-group-comments-on-expected-impact-of-the-charles-sch,data/raw/news/2025-04-18_td-bank-group-comments-on-expected-impact-of-the-charles-sch.json,https://stories.td.com/ca/en/news/2025-04-18-td-bank-group-comments-on-expected-impact-of-the-charles-sch,2026-04-18T02:11:41+00:00,29.0,c90deae07e2c9bd38026cee9424a65f5b6d5700b89183a5ed0f4229d092a544e,parsed headline + body
td_newsroom,news_html,2025-04-22_td-announces-opening-of-new-layer-6-office-in-new-york-city,data/raw/news/2025-04-22_td-announces-opening-of-new-layer-6-office-in-new-york-city.html,https://stories.td.com/ca/en/news/2025-04-22-td-announces-opening-of-new-layer-6-office-in-new-york-city,2026-04-18T02:11:41+00:00,,9b4245bb238f7cb740543ffcfd3964eb2d6b5a514840c59c4c030f4a1a0be3f2,FY2025Q2; TD Announces Opening of New Layer 6 Office in New York City
td_newsroom,news_json,2025-04-22_td-announces-opening-of-new-layer-6-office-in-new-york-city,data/raw/news/2025-04-22_td-announces-opening-of-new-layer-6-office-in-new-york-city.json,https://stories.td.com/ca/en/news/2025-04-22-td-announces-opening-of-new-layer-6-office-in-new-york-city,2026-04-18T02:11:41+00:00,19.0,f0474a109760294d70dfe6dcb89cc142a371d1fdf97f965f93098e72b5f8adea,parsed headline + body
td_newsroom,news_html,2025-04-23_76-25-of-gen-z-canadians-expecting-a-tax-return-are-ready-to-i,data/raw/news/2025-04-23_76-25-of-gen-z-canadians-expecting-a-tax-return-are-ready-to-i.html,https://stories.td.com/ca/en/news/2025-04-23-76-25-of-gen-z-canadians-expecting-a-tax-return-are-ready-to-i,2026-04-18T02:11:42+00:00,,bf62b710c85eed0cf3a4f3600253237b590968fc578126733ce73f0f52b90285,FY2025Q2; 76% of Gen Z Canadians expecting a tax return are ready to invest it but many ar
td_newsroom,news_json,2025-04-23_76-25-of-gen-z-canadians-expecting-a-tax-return-are-ready-to-i,data/raw/news/2025-04-23_76-25-of-gen-z-canadians-expecting-a-tax-return-are-ready-to-i.json,https://stories.td.com/ca/en/news/2025-04-23-76-25-of-gen-z-canadians-expecting-a-tax-return-are-ready-to-i,2026-04-18T02:11:42+00:00,59.0,5da73c8050439b74b2843fc55794ed1249446d2af581ee429b6105cff1e582af,parsed headline + body
td_newsroom,news_html,2025-05-01_media-advisory-td-bank-group-to-release-second-quarter-fin,data/raw/news/2025-05-01_media-advisory-td-bank-group-to-release-second-quarter-fin.html,https://stories.td.com/ca/en/news/2025-05-01-media-advisory---td-bank-group-to-release-second-quarter-fin,2026-04-18T02:11:43+00:00,,3d68ab4d23d34a54b99636b839a1e71c682be643383a3360af61123a1ef7f9a6,FY2025Q3; Media Advisory - TD Bank Group to release second-quarter financial results
td_newsroom,news_json,2025-05-01_media-advisory-td-bank-group-to-release-second-quarter-fin,data/raw/news/2025-05-01_media-advisory-td-bank-group-to-release-second-quarter-fin.json,https://stories.td.com/ca/en/news/2025-05-01-media-advisory---td-bank-group-to-release-second-quarter-fin,2026-04-18T02:11:43+00:00,17.0,0d24c8a67eb20716b7cbc5069e6ad5ce4ecaeb87505534d0f2e155f2d3f2e84b,parsed headline + body
td_newsroom,news_html,2025-05-05_td-bank-group-provides-insurance-catastrophe-information,data/raw/news/2025-05-05_td-bank-group-provides-insurance-catastrophe-information.html,https://stories.td.com/ca/en/news/2025-05-05-td-bank-group-provides-insurance-catastrophe-information,2026-04-18T02:11:43+00:00,,c5c288c5a70613aa2274d6e063390d634b7d1e54b56172e259bffff36f788c10,FY2025Q3; TD Bank Group provides insurance catastrophe information
td_newsroom,news_json,2025-05-05_td-bank-group-provides-insurance-catastrophe-information,data/raw/news/2025-05-05_td-bank-group-provides-insurance-catastrophe-information.json,https://stories.td.com/ca/en/news/2025-05-05-td-bank-group-provides-insurance-catastrophe-information,2026-04-18T02:11:43+00:00,31.0,dcf5422b076935a34d402521efef8abc6b29a2ccd3dc83570a888a1af644e7dc,parsed headline + body
td_newsroom,news_html,2025-05-06_td-auto-finance-canada-achieves-its-eighth-consecutive-j-d,data/raw/news/2025-05-06_td-auto-finance-canada-achieves-its-eighth-consecutive-j-d.html,https://stories.td.com/ca/en/news/2025-05-06-td-auto-finance-canada-achieves-its-eighth-consecutive-j.d.,2026-04-18T02:11:44+00:00,,610523029844bda6bd6ff6f75847c75c2396b998eb4435e738cb643d2f56e752,FY2025Q3; TD Auto Finance Canada Achieves its Eighth Consecutive J.D. Power Award: Thank Y
td_newsroom,news_json,2025-05-06_td-auto-finance-canada-achieves-its-eighth-consecutive-j-d,data/raw/news/2025-05-06_td-auto-finance-canada-achieves-its-eighth-consecutive-j-d.json,https://stories.td.com/ca/en/news/2025-05-06-td-auto-finance-canada-achieves-its-eighth-consecutive-j.d.,2026-04-18T02:11:44+00:00,21.0,55de69f692f0b219a2d2b6c19e27051244faa1889935b25eb12c3461b984533b,parsed headline + body
td_newsroom,news_html,2025-05-07_td-asset-management-inc-and-icapital-network-canada-ltd-ha,data/raw/news/2025-05-07_td-asset-management-inc-and-icapital-network-canada-ltd-ha.html,https://stories.td.com/ca/en/news/2025-05-07-td-asset-management-inc.-and-icapital-network-canada-ltd.-ha,2026-04-18T02:11:45+00:00,,a673220c5a8e6f7bcab4db5765cc0a69bb0a35a64d53eed1dd01a7934b3375df,FY2025Q3; TD Asset Management Inc. and iCapital Network Canada Ltd. have collaborated to b
td_newsroom,news_json,2025-05-07_td-asset-management-inc-and-icapital-network-canada-ltd-ha,data/raw/news/2025-05-07_td-asset-management-inc-and-icapital-network-canada-ltd-ha.json,https://stories.td.com/ca/en/news/2025-05-07-td-asset-management-inc.-and-icapital-network-canada-ltd.-ha,2026-04-18T02:11:45+00:00,37.0,8a5ca77d3ef9c5eb75abd4b65db449683232c5c81d7156e126f88092e8b34b19,parsed headline + body
td_newsroom,news_html,2025-05-20_2fr-e-p-e-a-t-media-advisory-td-bank-group-to-release-se,data/raw/news/2025-05-20_2fr-e-p-e-a-t-media-advisory-td-bank-group-to-release-se.html,https://stories.td.com/ca/en/news/2025-05-20--2fr-e-p-e-a-t----media-advisory---td-bank-group-to-release-se,2026-04-18T02:11:45+00:00,,d336d27fd26b61f43f1dae03eb19cdfc107df14bab9bf074f504b4cd34f14f00,FY2025Q3; /R E P E A T -- Media Advisory - TD Bank Group to release second-quarter financi
td_newsroom,news_json,2025-05-20_2fr-e-p-e-a-t-media-advisory-td-bank-group-to-release-se,data/raw/news/2025-05-20_2fr-e-p-e-a-t-media-advisory-td-bank-group-to-release-se.json,https://stories.td.com/ca/en/news/2025-05-20--2fr-e-p-e-a-t----media-advisory---td-bank-group-to-release-se,2026-04-18T02:11:45+00:00,17.0,482d0839e6063376734f5e4ce0616f21b3e58bf20653b8e33d683b10e009ea33,parsed headline + body
td_newsroom,news_html,2025-05-21_td-asset-management-inc-announces-td-etf-distributions,data/raw/news/2025-05-21_td-asset-management-inc-announces-td-etf-distributions.html,https://stories.td.com/ca/en/news/2025-05-21-td-asset-management-inc.-announces-td-etf-distributions,2026-04-18T02:11:46+00:00,,c8397144bc25abd66ec41fa005c90ad4440cb529f410c6510d037254f1231eab,FY2025Q3; TD Asset Management Inc. Announces TD ETF Distributions
td_newsroom,news_json,2025-05-21_td-asset-management-inc-announces-td-etf-distributions,data/raw/news/2025-05-21_td-asset-management-inc-announces-td-etf-distributions.json,https://stories.td.com/ca/en/news/2025-05-21-td-asset-management-inc.-announces-td-etf-distributions,2026-04-18T02:11:46+00:00,205.0,674b28b2cee1d861bcfa88e3734bb41efd08944eaa98f6d5a747e0eadd1c5705,parsed headline + body
td_newsroom,news_html,2025-05-22_td-bank-group-declares-dividends,data/raw/news/2025-05-22_td-bank-group-declares-dividends.html,https://stories.td.com/ca/en/news/2025-05-22-td-bank-group-declares-dividends,2026-04-18T02:11:47+00:00,,a25cf4e27dd014a7f35ff1d5b48a5d64683e723890989d12fd9148509f4b4e7c,FY2025Q3; TD BANK GROUP DECLARES DIVIDENDS
td_newsroom,news_json,2025-05-22_td-bank-group-declares-dividends,data/raw/news/2025-05-22_td-bank-group-declares-dividends.json,https://stories.td.com/ca/en/news/2025-05-22-td-bank-group-declares-dividends,2026-04-18T02:11:47+00:00,33.0,9993382d26ee52c10e71853dfb7523c8f80b1f5f77171df5e9a8abe7a185a67f,parsed headline + body
td_newsroom,news_html,2025-05-22_td-bank-group-reports-second-quarter-2025-results,data/raw/news/2025-05-22_td-bank-group-reports-second-quarter-2025-results.html,https://stories.td.com/ca/en/news/2025-05-22-td-bank-group-reports-second-quarter-2025-results,2026-04-18T02:11:48+00:00,,49bc2a6fa7ae182186a4ad889fe56208112949c3182b38423114caa20a8b55bd,FY2025Q3; TD Bank Group Reports Second Quarter 2025 Results
td_newsroom,news_json,2025-05-22_td-bank-group-reports-second-quarter-2025-results,data/raw/news/2025-05-22_td-bank-group-reports-second-quarter-2025-results.json,https://stories.td.com/ca/en/news/2025-05-22-td-bank-group-reports-second-quarter-2025-results,2026-04-18T02:11:48+00:00,4135.0,2309988d41fb496fa9276e5e2cd79ad45156462c81db8af38f19a21bfa4624de,parsed headline + body
td_newsroom,news_html,2025-05-27_td-marks-30-years-championing-canada-27s-young-changemakers,data/raw/news/2025-05-27_td-marks-30-years-championing-canada-27s-young-changemakers.html,https://stories.td.com/ca/en/news/2025-05-27-td-marks-30-years-championing-canada-27s-young-changemakers,2026-04-18T02:11:48+00:00,,d510282acc1a40eddc3dae5e35eed2aa4673c731b3c0bd62746b0014573cfc5e,FY2025Q3; TD marks 30 years championing Canada's young changemakers
td_newsroom,news_json,2025-05-27_td-marks-30-years-championing-canada-27s-young-changemakers,data/raw/news/2025-05-27_td-marks-30-years-championing-canada-27s-young-changemakers.json,https://stories.td.com/ca/en/news/2025-05-27-td-marks-30-years-championing-canada-27s-young-changemakers,2026-04-18T02:11:48+00:00,63.0,f6d893614eba984596ffc4a42d80f04201ce3f0b5a3c981617d50fd5eec86f11,parsed headline + body
td_newsroom,news_html,2025-06-05_td-asset-management-inc-announces-notional-td-etf-distribut,data/raw/news/2025-06-05_td-asset-management-inc-announces-notional-td-etf-distribut.html,https://stories.td.com/ca/en/news/2025-06-05-td-asset-management-inc.-announces-notional-td-etf-distribut,2026-04-18T02:11:49+00:00,,d885fd28fb543c455eddf6a6d59c33e4faa217ea2dbff8732189e5e360f068a6,FY2025Q3; TD Asset Management Inc. Announces Notional TD ETF Distributions
td_newsroom,news_json,2025-06-05_td-asset-management-inc-announces-notional-td-etf-distribut,data/raw/news/2025-06-05_td-asset-management-inc-announces-notional-td-etf-distribut.json,https://stories.td.com/ca/en/news/2025-06-05-td-asset-management-inc.-announces-notional-td-etf-distribut,2026-04-18T02:11:49+00:00,49.0,3d3b34f0b5120b17cf825188614ac31dd0a1536d06c36f90ab632aae5409caf2,parsed headline + body
td_newsroom,news_html,2025-06-05_nearly-three-quarters-of-impacted-canadian-mortgage-renewers,data/raw/news/2025-06-05_nearly-three-quarters-of-impacted-canadian-mortgage-renewers.html,https://stories.td.com/ca/en/news/2025-06-05-nearly-three-quarters-of-impacted-canadian-mortgage-renewers,2026-04-18T02:11:50+00:00,,deabee2232288598c81084f5dfd1dcfa99459a7ac978fff382ec0a7a5ebda56b,FY2025Q3; Nearly three quarters of impacted Canadian mortgage renewers plan to tighten poc
td_newsroom,news_json,2025-06-05_nearly-three-quarters-of-impacted-canadian-mortgage-renewers,data/raw/news/2025-06-05_nearly-three-quarters-of-impacted-canadian-mortgage-renewers.json,https://stories.td.com/ca/en/news/2025-06-05-nearly-three-quarters-of-impacted-canadian-mortgage-renewers,2026-04-18T02:11:50+00:00,43.0,de7610ef86e9a4155beb649d5351906e3e3408debb56fb797cbb3fc1aba4101f,parsed headline + body
td_newsroom,news_html,2025-06-11_summer-plans-3f-stay-local-2c-spend-local-3a-majority-of-canadians,data/raw/news/2025-06-11_summer-plans-3f-stay-local-2c-spend-local-3a-majority-of-canadians.html,https://stories.td.com/ca/en/news/2025-06-11-summer-plans-3f-stay-local-2c-spend-local-3a-majority-of-canadians,2026-04-18T02:11:50+00:00,,85bf0856441b2bc33b016e5a9a2b8ee7865ed5f81049beedd492f777431d5ca0,"FY2025Q3; Summer Plans? Stay Local, Spend Local: Majority of Canadians Intend to Support S"
td_newsroom,news_json,2025-06-11_summer-plans-3f-stay-local-2c-spend-local-3a-majority-of-canadians,data/raw/news/2025-06-11_summer-plans-3f-stay-local-2c-spend-local-3a-majority-of-canadians.json,https://stories.td.com/ca/en/news/2025-06-11-summer-plans-3f-stay-local-2c-spend-local-3a-majority-of-canadians,2026-04-18T02:11:50+00:00,23.0,e9d4b5af6d207f77605ca59b893df96e19df5214b328eff14f46d90d06d57bf1,parsed headline + body
td_newsroom,news_html,2025-06-11_td-announces-launch-of-groundbreaking-predictive-foundation,data/raw/news/2025-06-11_td-announces-launch-of-groundbreaking-predictive-foundation.html,https://stories.td.com/ca/en/news/2025-06-11-td-announces-launch-of-groundbreaking-predictive-foundation,2026-04-18T02:11:51+00:00,,5db946232f932a88f85e631dc75b23f29337cde83a258c74946875492801ffce,FY2025Q3; TD Announces Launch of Groundbreaking Predictive Foundation Model
td_newsroom,news_json,2025-06-11_td-announces-launch-of-groundbreaking-predictive-foundation,data/raw/news/2025-06-11_td-announces-launch-of-groundbreaking-predictive-foundation.json,https://stories.td.com/ca/en/news/2025-06-11-td-announces-launch-of-groundbreaking-predictive-foundation,2026-04-18T02:11:51+00:00,29.0,75ced977e1b3367dd4f712f95b2057fdcc21c41c627a5becfa0477d1fb7069b2,parsed headline + body
td_newsroom,news_html,2025-06-17_canadians-grade-themselves-a-27c-27-in-ai-knowledge-and-profici,data/raw/news/2025-06-17_canadians-grade-themselves-a-27c-27-in-ai-knowledge-and-profici.html,https://stories.td.com/ca/en/news/2025-06-17-canadians-grade-themselves-a-27c-27-in-ai-knowledge-and-profici,2026-04-18T02:11:52+00:00,,6ce7608fb48eba65f2b2680bd67199c287abf7ef463edc90a5e33cccdab5b19f,"FY2025Q3; Canadians grade themselves a 'C' in AI knowledge and proficiency, TD survey find"
td_newsroom,news_json,2025-06-17_canadians-grade-themselves-a-27c-27-in-ai-knowledge-and-profici,data/raw/news/2025-06-17_canadians-grade-themselves-a-27c-27-in-ai-knowledge-and-profici.json,https://stories.td.com/ca/en/news/2025-06-17-canadians-grade-themselves-a-27c-27-in-ai-knowledge-and-profici,2026-04-18T02:11:52+00:00,37.0,6a200fae69b777368860efaea3dc7fb020da5f702c9a01d57b0c5c9f9028ef9e,parsed headline + body
td_newsroom,news_html,2025-06-18_td-asset-management-inc-announces-td-etf-distributions,data/raw/news/2025-06-18_td-asset-management-inc-announces-td-etf-distributions.html,https://stories.td.com/ca/en/news/2025-06-18-td-asset-management-inc.-announces-td-etf-distributions,2026-04-18T02:11:53+00:00,,221f6dafb844dc7a67674a2172ba95405d0ee312bc72d8013b0d8ff9124a62a6,FY2025Q3; TD Asset Management Inc. Announces TD ETF Distributions
td_newsroom,news_json,2025-06-18_td-asset-management-inc-announces-td-etf-distributions,data/raw/news/2025-06-18_td-asset-management-inc-announces-td-etf-distributions.json,https://stories.td.com/ca/en/news/2025-06-18-td-asset-management-inc.-announces-td-etf-distributions,2026-04-18T02:11:53+00:00,349.0,38c2ef84375d7570c993f1906ef2dc52bc69c9120546895b31f4c29e79dd5f43,parsed headline + body
td_newsroom,news_html,2025-06-19_close-to-home-2c-far-from-covered-3a-travel-insurance-misconcept,data/raw/news/2025-06-19_close-to-home-2c-far-from-covered-3a-travel-insurance-misconcept.html,https://stories.td.com/ca/en/news/2025-06-19-close-to-home-2c-far-from-covered-3a-travel-insurance-misconcept,2026-04-18T02:11:54+00:00,,ca8adb76d23f756a03bdd8c9f36d5fb5b7c7a911188ddf17c1cfcf439a6740ac,"FY2025Q3; Close to Home, Far from Covered: Travel Insurance Misconceptions Persist Among C"
td_newsroom,news_json,2025-06-19_close-to-home-2c-far-from-covered-3a-travel-insurance-misconcept,data/raw/news/2025-06-19_close-to-home-2c-far-from-covered-3a-travel-insurance-misconcept.json,https://stories.td.com/ca/en/news/2025-06-19-close-to-home-2c-far-from-covered-3a-travel-insurance-misconcept,2026-04-18T02:11:54+00:00,59.0,c4db1d32ee81443e345c9494fae771c9fc9f616f6f7ee97456ae81002c3228fc,parsed headline + body
td_newsroom,news_html,2025-06-23_td-bank-announces-redemption-of-non-cumulative-5-year-rate-r,data/raw/news/2025-06-23_td-bank-announces-redemption-of-non-cumulative-5-year-rate-r.html,https://stories.td.com/ca/en/news/2025-06-23-td-bank-announces-redemption-of-non-cumulative-5-year-rate-r,2026-04-18T02:11:54+00:00,,8a6d3e111c83aded71343d492300d33c172abbf6c59311a4fa47675c56313efb,FY2025Q3; TD Bank Announces Redemption of Non-Cumulative 5-Year Rate Reset Class A First P
td_newsroom,news_json,2025-06-23_td-bank-announces-redemption-of-non-cumulative-5-year-rate-r,data/raw/news/2025-06-23_td-bank-announces-redemption-of-non-cumulative-5-year-rate-r.json,https://stories.td.com/ca/en/news/2025-06-23-td-bank-announces-redemption-of-non-cumulative-5-year-rate-r,2026-04-18T02:11:54+00:00,13.0,5dd63382c836a72129044e4cdeea7a12bd01c3661f15c24b5e781cfd235b3b99,parsed headline + body
td_newsroom,news_html,2025-06-25_introducing-td-coliseum-21-oak-view-group-and-td-bank-group-an,data/raw/news/2025-06-25_introducing-td-coliseum-21-oak-view-group-and-td-bank-group-an.html,https://stories.td.com/ca/en/news/2025-06-25-introducing-td-coliseum-21-oak-view-group-and-td-bank-group-an,2026-04-18T02:11:55+00:00,,9de116e1411b2f5f86e14d22c598aa543b950dce3dc79a174f00224723e2244e,FY2025Q3; Introducing TD Coliseum! Oak View Group and TD Bank Group Announce Landmark Nami
td_newsroom,news_json,2025-06-25_introducing-td-coliseum-21-oak-view-group-and-td-bank-group-an,data/raw/news/2025-06-25_introducing-td-coliseum-21-oak-view-group-and-td-bank-group-an.json,https://stories.td.com/ca/en/news/2025-06-25-introducing-td-coliseum-21-oak-view-group-and-td-bank-group-an,2026-04-18T02:11:55+00:00,31.0,8a203ad989c3a34a52488ba51f268ba17da84c1be2e788297b7b95f63b7d34ff,parsed headline + body
td_newsroom,news_html,2025-07-07_media-advisory-td-bank-group-to-host-investor-day,data/raw/news/2025-07-07_media-advisory-td-bank-group-to-host-investor-day.html,https://stories.td.com/ca/en/news/2025-07-07-media-advisory---td-bank-group-to-host-investor-day,2026-04-18T02:11:56+00:00,,9952b664211ecad145e8552e72d4822d8f5487a82231ebe66ed2ab946584b401,FY2025Q3; Media Advisory - TD Bank Group to host Investor Day
td_newsroom,news_json,2025-07-07_media-advisory-td-bank-group-to-host-investor-day,data/raw/news/2025-07-07_media-advisory-td-bank-group-to-host-investor-day.json,https://stories.td.com/ca/en/news/2025-07-07-media-advisory---td-bank-group-to-host-investor-day,2026-04-18T02:11:56+00:00,13.0,ce08c2dd89e3a23686199011349550c38fc6597739db4d567c7196cc58ebcee7,parsed headline + body
td_newsroom,news_html,2025-07-08_virtual-ai-assistant-to-help-power-td-securities,data/raw/news/2025-07-08_virtual-ai-assistant-to-help-power-td-securities.html,https://stories.td.com/ca/en/news/2025-07-08-virtual-ai-assistant-to-help-power-td-securities,2026-04-18T02:11:56+00:00,,27b0d928cf8cf8abf46ad330ad99ef175047307ef4864282a584a7e165c0e42c,FY2025Q3; Virtual AI Assistant To Help Power TD Securities
td_newsroom,news_json,2025-07-08_virtual-ai-assistant-to-help-power-td-securities,data/raw/news/2025-07-08_virtual-ai-assistant-to-help-power-td-securities.json,https://stories.td.com/ca/en/news/2025-07-08-virtual-ai-assistant-to-help-power-td-securities,2026-04-18T02:11:56+00:00,29.0,caddad0c5dc827b489d54dda0641a3ce907924b4c3012d990802e7b72b9c32bf,parsed headline + body
td_newsroom,news_html,2025-07-10_td-bank-group-to-issue-australian-dollar-nvcc-subordinated-d,data/raw/news/2025-07-10_td-bank-group-to-issue-australian-dollar-nvcc-subordinated-d.html,https://stories.td.com/ca/en/news/2025-07-10-td-bank-group-to-issue-australian-dollar-nvcc-subordinated-d,2026-04-18T02:11:57+00:00,,28bc7b5df8e6f0824bba92a65e576a2410c4b270833b6835cc3fb42b0ae3834a,FY2025Q3; TD Bank Group to Issue Australian Dollar NVCC Subordinated Debentures
td_newsroom,news_json,2025-07-10_td-bank-group-to-issue-australian-dollar-nvcc-subordinated-d,data/raw/news/2025-07-10_td-bank-group-to-issue-australian-dollar-nvcc-subordinated-d.json,https://stories.td.com/ca/en/news/2025-07-10-td-bank-group-to-issue-australian-dollar-nvcc-subordinated-d,2026-04-18T02:11:57+00:00,19.0,14021d830f4b3761fcd4a6ff3337d87cfa6276cac5226c927d427e20009c8d46,parsed headline + body
td_newsroom,news_html,2025-07-18_td-asset-management-inc-announces-the-termination-of-the-td,data/raw/news/2025-07-18_td-asset-management-inc-announces-the-termination-of-the-td.html,https://stories.td.com/ca/en/news/2025-07-18-td-asset-management-inc.-announces-the-termination-of-the-td,2026-04-18T02:11:58+00:00,,38cb7a1ab433da273e56479d048adf724e6564b79823c05a41420cd1f45ed85d,FY2025Q3; TD Asset Management Inc. Announces the Termination of the TD Global Carbon Credi
td_newsroom,news_json,2025-07-18_td-asset-management-inc-announces-the-termination-of-the-td,data/raw/news/2025-07-18_td-asset-management-inc-announces-the-termination-of-the-td.json,https://stories.td.com/ca/en/news/2025-07-18-td-asset-management-inc.-announces-the-termination-of-the-td,2026-04-18T02:11:58+00:00,25.0,266c1db3763c82717a51c511093f235603e4ac362cc04b32945f452119eaa5e2,parsed headline + body
td_newsroom,news_html,2025-07-18_td-asset-management-inc-announces-mergers-and-terminations,data/raw/news/2025-07-18_td-asset-management-inc-announces-mergers-and-terminations.html,https://stories.td.com/ca/en/news/2025-07-18-td-asset-management-inc.-announces-mergers-and-terminations,2026-04-18T02:11:58+00:00,,ad06d89a82d6f9c612d2943e23923617920232e1d52b9b384c14719faab6490a,FY2025Q3; TD Asset Management Inc. announces mergers and terminations to its investment fu
td_newsroom,news_json,2025-07-18_td-asset-management-inc-announces-mergers-and-terminations,data/raw/news/2025-07-18_td-asset-management-inc-announces-mergers-and-terminations.json,https://stories.td.com/ca/en/news/2025-07-18-td-asset-management-inc.-announces-mergers-and-terminations,2026-04-18T02:11:58+00:00,63.0,e3d18f653c8b9a772e997d1fd104214fa5518c899f083378e808ce82cec9fc91,parsed headline + body
td_newsroom,news_html,2025-07-21_td-asset-management-inc-announces-td-etf-distributions,data/raw/news/2025-07-21_td-asset-management-inc-announces-td-etf-distributions.html,https://stories.td.com/ca/en/news/2025-07-21-td-asset-management-inc.-announces-td-etf-distributions,2026-04-18T02:11:59+00:00,,1761057a67611fa01b79a1c91eb4519e56fe15294016b357e850394c01d4d5e1,FY2025Q3; TD Asset Management Inc. Announces TD ETF Distributions
td_newsroom,news_json,2025-07-21_td-asset-management-inc-announces-td-etf-distributions,data/raw/news/2025-07-21_td-asset-management-inc-announces-td-etf-distributions.json,https://stories.td.com/ca/en/news/2025-07-21-td-asset-management-inc.-announces-td-etf-distributions,2026-04-18T02:11:59+00:00,205.0,21487f4e8b21a141a8cf028150f5501b70e2faa3b42c8149187776f913f02d82,parsed headline + body
td_newsroom,news_html,2025-07-23_td-announces-strategic-relationship-with-fiserv-to-enhance-t,data/raw/news/2025-07-23_td-announces-strategic-relationship-with-fiserv-to-enhance-t.html,https://stories.td.com/ca/en/news/2025-07-23-td-announces-strategic-relationship-with-fiserv-to-enhance-t,2026-04-18T02:12:00+00:00,,fe439c6f3b146184c810fc5fc9930327fb4bd92e5b322d617bd3ca39c017d41a,FY2025Q3; TD Announces Strategic Relationship with Fiserv to Enhance TD Merchant Solutions
td_newsroom,news_json,2025-07-23_td-announces-strategic-relationship-with-fiserv-to-enhance-t,data/raw/news/2025-07-23_td-announces-strategic-relationship-with-fiserv-to-enhance-t.json,https://stories.td.com/ca/en/news/2025-07-23-td-announces-strategic-relationship-with-fiserv-to-enhance-t,2026-04-18T02:12:00+00:00,29.0,586f413b1be8c54ea1ac16a712770ac7eed2a0cde3cec8b471058ddfd4157471,parsed headline + body
td_newsroom,news_html,2025-07-24_td-asset-management-inc-announces-risk-rating-changes-for-c,data/raw/news/2025-07-24_td-asset-management-inc-announces-risk-rating-changes-for-c.html,https://stories.td.com/ca/en/news/2025-07-24-td-asset-management-inc.-announces-risk-rating-changes-for-c,2026-04-18T02:12:00+00:00,,d374c9d32ad96268aaecd1fa3538e1fb430cb7e5e95475ebdece322b906718b4,FY2025Q3; TD Asset Management Inc. announces risk rating changes for certain TD Mutual Fun
td_newsroom,news_json,2025-07-24_td-asset-management-inc-announces-risk-rating-changes-for-c,data/raw/news/2025-07-24_td-asset-management-inc-announces-risk-rating-changes-for-c.json,https://stories.td.com/ca/en/news/2025-07-24-td-asset-management-inc.-announces-risk-rating-changes-for-c,2026-04-18T02:12:00+00:00,55.0,be8f486562a6491e4cc93609d04d9ededc80ee4bc49b3d0b407f6cd5e32d1b97,parsed headline + body
td_newsroom,news_html,2025-07-28_td-bank-group-names-new-board-chair,data/raw/news/2025-07-28_td-bank-group-names-new-board-chair.html,https://stories.td.com/ca/en/news/2025-07-28-td-bank-group-names-new-board-chair,2026-04-18T02:12:01+00:00,,b125467533d17705852e1e59ceced4603d90ed1928ca2ccf258884c60f1a2e90,FY2025Q3; TD Bank Group Names New Board Chair
td_newsroom,news_json,2025-07-28_td-bank-group-names-new-board-chair,data/raw/news/2025-07-28_td-bank-group-names-new-board-chair.json,https://stories.td.com/ca/en/news/2025-07-28-td-bank-group-names-new-board-chair,2026-04-18T02:12:01+00:00,13.0,8cbfb410ffc87e7ad31ff60730b29c7ee75286edf574bb9f6c5d5632f268ef4f,parsed headline + body
td_newsroom,news_html,2025-07-28_new-td-survey-reveals-76-25-of-newcomers-polled-fear-making-fi,data/raw/news/2025-07-28_new-td-survey-reveals-76-25-of-newcomers-polled-fear-making-fi.html,https://stories.td.com/ca/en/news/2025-07-28-new-td-survey-reveals-76-25-of-newcomers-polled-fear-making-fi,2026-04-18T02:12:02+00:00,,002a5f27ed62697d7bd76c2b70cc74b8ea9d0c7a2edeb66b995ac3d93178edb4,FY2025Q3; NEW TD SURVEY REVEALS 76% OF NEWCOMERS POLLED FEAR MAKING FINANCIAL MISTAKES
td_newsroom,news_json,2025-07-28_new-td-survey-reveals-76-25-of-newcomers-polled-fear-making-fi,data/raw/news/2025-07-28_new-td-survey-reveals-76-25-of-newcomers-polled-fear-making-fi.json,https://stories.td.com/ca/en/news/2025-07-28-new-td-survey-reveals-76-25-of-newcomers-polled-fear-making-fi,2026-04-18T02:12:02+00:00,61.0,0262580d22f343b510677acb08319d02df6144abafac1628d5516a59a87ece98,parsed headline + body
td_newsroom,news_html,2025-08-06_td-bank-group-provides-insurance-catastrophe-information,data/raw/news/2025-08-06_td-bank-group-provides-insurance-catastrophe-information.html,https://stories.td.com/ca/en/news/2025-08-06-td-bank-group-provides-insurance-catastrophe-information,2026-04-18T02:12:02+00:00,,7a1f1102c71fe6bbd98db7aed473929dd18cf4fe35039ca7d086bf38bec6c751,FY2025Q4; TD Bank Group provides insurance catastrophe information
td_newsroom,news_json,2025-08-06_td-bank-group-provides-insurance-catastrophe-information,data/raw/news/2025-08-06_td-bank-group-provides-insurance-catastrophe-information.json,https://stories.td.com/ca/en/news/2025-08-06-td-bank-group-provides-insurance-catastrophe-information,2026-04-18T02:12:02+00:00,31.0,5b1c19cba2d2c67c56e839f6598d8d3fdc653b7504f9740baf61c280dcbf3d48,parsed headline + body
td_newsroom,news_html,2025-08-07_media-advisory-td-bank-group-to-release-third-quarter-fina,data/raw/news/2025-08-07_media-advisory-td-bank-group-to-release-third-quarter-fina.html,https://stories.td.com/ca/en/news/2025-08-07-media-advisory---td-bank-group-to-release-third-quarter-fina,2026-04-18T02:12:03+00:00,,84b4b5e668a4895b4b2bcd1ad927923484af18d5ff1687c44d256ac9347b089e,FY2025Q4; Media Advisory - TD Bank Group to release third-quarter financial results
td_newsroom,news_json,2025-08-07_media-advisory-td-bank-group-to-release-third-quarter-fina,data/raw/news/2025-08-07_media-advisory-td-bank-group-to-release-third-quarter-fina.json,https://stories.td.com/ca/en/news/2025-08-07-media-advisory---td-bank-group-to-release-third-quarter-fina,2026-04-18T02:12:03+00:00,17.0,8eec888565277c988656e4cc8b3d294e341b523d07f400e0a04b94389556003c,parsed headline + body
td_newsroom,news_html,2025-08-12_fifty-nine-per-cent-of-new-canadians-say-better-access-to-cr,data/raw/news/2025-08-12_fifty-nine-per-cent-of-new-canadians-say-better-access-to-cr.html,https://stories.td.com/ca/en/news/2025-08-12-fifty-nine-per-cent-of-new-canadians-say-better-access-to-cr,2026-04-18T02:12:04+00:00,,cd41a692eb1848b5763723bfba78b821f3f5a5ce5e46a2a33992832124bb983d,FY2025Q4; Fifty-nine per cent of new Canadians say better access to credit would improve t
td_newsroom,news_json,2025-08-12_fifty-nine-per-cent-of-new-canadians-say-better-access-to-cr,data/raw/news/2025-08-12_fifty-nine-per-cent-of-new-canadians-say-better-access-to-cr.json,https://stories.td.com/ca/en/news/2025-08-12-fifty-nine-per-cent-of-new-canadians-say-better-access-to-cr,2026-04-18T02:12:04+00:00,51.0,50c10f3cf192e8a1d9006d3cbef0eff74eab2684f1b1065fe8d6cd1fbdf0574d,parsed headline + body
td_newsroom,news_html,2025-08-14_majority-of-canadian-workers-are-optimistic-about-ai-but-are,data/raw/news/2025-08-14_majority-of-canadian-workers-are-optimistic-about-ai-but-are.html,https://stories.td.com/ca/en/news/2025-08-14-majority-of-canadian-workers-are-optimistic-about-ai-but-are,2026-04-18T02:12:05+00:00,,7cf07b6c2d90fd1ca2267ef283f379761e9acd81372e9560945a3f0f0a9633d9,FY2025Q4; Majority of Canadian workers are optimistic about AI but aren't ready
td_newsroom,news_json,2025-08-14_majority-of-canadian-workers-are-optimistic-about-ai-but-are,data/raw/news/2025-08-14_majority-of-canadian-workers-are-optimistic-about-ai-but-are.json,https://stories.td.com/ca/en/news/2025-08-14-majority-of-canadian-workers-are-optimistic-about-ai-but-are,2026-04-18T02:12:05+00:00,33.0,585b2a36636ffc2bfdb821302046e7fd8bd4a4b7e2bfcf3d52f6b04d9c291998,parsed headline + body
td_newsroom,news_html,2025-08-20_media-advisory-td-bank-group-executive-to-present-at-the-s,data/raw/news/2025-08-20_media-advisory-td-bank-group-executive-to-present-at-the-s.html,https://stories.td.com/ca/en/news/2025-08-20-media-advisory---td-bank-group-executive-to-present-at-the-s,2026-04-18T02:12:05+00:00,,83207435529862efb124cd6936b4052ec521362829ebd0c9c3fae8471c77b93a,FY2025Q4; MEDIA ADVISORY - TD Bank Group Executive to Present at the Scotiabank Financials
td_newsroom,news_json,2025-08-20_media-advisory-td-bank-group-executive-to-present-at-the-s,data/raw/news/2025-08-20_media-advisory-td-bank-group-executive-to-present-at-the-s.json,https://stories.td.com/ca/en/news/2025-08-20-media-advisory---td-bank-group-executive-to-present-at-the-s,2026-04-18T02:12:05+00:00,9.0,f40db7c49ba0edd6f8b84ed79650ea93959cdbdecf108da7b2afd706fefe94d4,parsed headline + body
td_newsroom,news_html,2025-08-20_td-asset-management-inc-announces-td-etf-distributions,data/raw/news/2025-08-20_td-asset-management-inc-announces-td-etf-distributions.html,https://stories.td.com/ca/en/news/2025-08-20-td-asset-management-inc.-announces-td-etf-distributions,2026-04-18T02:12:06+00:00,,8ee3ce30434b8900af55018430d3a19271e60dc2b81b3f7f15c714cbe6a658e2,FY2025Q4; TD Asset Management Inc. Announces TD ETF Distributions
td_newsroom,news_json,2025-08-20_td-asset-management-inc-announces-td-etf-distributions,data/raw/news/2025-08-20_td-asset-management-inc-announces-td-etf-distributions.json,https://stories.td.com/ca/en/news/2025-08-20-td-asset-management-inc.-announces-td-etf-distributions,2026-04-18T02:12:06+00:00,205.0,dff48323cfd1f8e8bbd1348a96771f9883aaa3a38b46c444a6652c8b4f5c3825,parsed headline + body
td_newsroom,news_html,2025-08-20_market-uncertainty-leaves-canadians-divided-2c-expert-advice-b,data/raw/news/2025-08-20_market-uncertainty-leaves-canadians-divided-2c-expert-advice-b.html,https://stories.td.com/ca/en/news/2025-08-20-market-uncertainty-leaves-canadians-divided-2c-expert-advice-b,2026-04-18T02:12:07+00:00,,1dfa28119a5548ea45a78df348a0ac0b34fd88b029cf5d061b4e7c4e500ade29,"FY2025Q4; Market uncertainty leaves Canadians divided, expert advice becomes a key resourc"
td_newsroom,news_json,2025-08-20_market-uncertainty-leaves-canadians-divided-2c-expert-advice-b,data/raw/news/2025-08-20_market-uncertainty-leaves-canadians-divided-2c-expert-advice-b.json,https://stories.td.com/ca/en/news/2025-08-20-market-uncertainty-leaves-canadians-divided-2c-expert-advice-b,2026-04-18T02:12:07+00:00,45.0,565a87a694b8176a93d49e6837f4305e4d08ac555339b29bd3d167fea61c1b34,parsed headline + body
td_newsroom,news_html,2025-08-25_media-advisory-td-bank-group-executive-to-present-at-the-b,data/raw/news/2025-08-25_media-advisory-td-bank-group-executive-to-present-at-the-b.html,https://stories.td.com/ca/en/news/2025-08-25-media-advisory---td-bank-group-executive-to-present-at-the-b,2026-04-18T02:12:07+00:00,,1ab97da8aca1a6609f84e350209cccfa23cfd7d38ea5b146d332a0f53948324f,FY2025Q4; MEDIA ADVISORY - TD Bank Group Executive to Present at the Barclays Global Finan
td_newsroom,news_json,2025-08-25_media-advisory-td-bank-group-executive-to-present-at-the-b,data/raw/news/2025-08-25_media-advisory-td-bank-group-executive-to-present-at-the-b.json,https://stories.td.com/ca/en/news/2025-08-25-media-advisory---td-bank-group-executive-to-present-at-the-b,2026-04-18T02:12:07+00:00,9.0,4e9c7d20eb32f58d1038a6293365e722f9cf95a9590a0ccf99a2947f48b49c57,parsed headline + body
td_newsroom,news_html,2025-08-26_2fr-e-p-e-a-t-media-advisory-td-bank-group-to-release-th,data/raw/news/2025-08-26_2fr-e-p-e-a-t-media-advisory-td-bank-group-to-release-th.html,https://stories.td.com/ca/en/news/2025-08-26--2fr-e-p-e-a-t----media-advisory---td-bank-group-to-release-th,2026-04-18T02:12:08+00:00,,bd490dd5489bf7fccb84462e3eb21eb2ce6353045bb77518609f3f0b7f14f09e,FY2025Q4; /R E P E A T -- Media Advisory - TD Bank Group to release third-quarter financia
td_newsroom,news_json,2025-08-26_2fr-e-p-e-a-t-media-advisory-td-bank-group-to-release-th,data/raw/news/2025-08-26_2fr-e-p-e-a-t-media-advisory-td-bank-group-to-release-th.json,https://stories.td.com/ca/en/news/2025-08-26--2fr-e-p-e-a-t----media-advisory---td-bank-group-to-release-th,2026-04-18T02:12:08+00:00,17.0,d6e752ade3b77d328f17eef6a822fae6480aa90e6195965a47f8a0060361a655,parsed headline + body
td_newsroom,news_html,2025-08-26_back-to-school-adds-extra-financial-stress-to-students-2c-td-s,data/raw/news/2025-08-26_back-to-school-adds-extra-financial-stress-to-students-2c-td-s.html,https://stories.td.com/ca/en/news/2025-08-26-back-to-school-adds-extra-financial-stress-to-students-2c-td-s,2026-04-18T02:12:09+00:00,,76a7e5dcd15c304a4a14083fc6f991111acdf5db6dc821d62310db3e8dc72571,"FY2025Q4; Back-to-School Adds Extra Financial Stress to Students, TD Survey Finds"
td_newsroom,news_json,2025-08-26_back-to-school-adds-extra-financial-stress-to-students-2c-td-s,data/raw/news/2025-08-26_back-to-school-adds-extra-financial-stress-to-students-2c-td-s.json,https://stories.td.com/ca/en/news/2025-08-26-back-to-school-adds-extra-financial-stress-to-students-2c-td-s,2026-04-18T02:12:09+00:00,37.0,0c486b4bbaaf816984c737f8d0ef3dfb56ec99c92be1d6a8e13ac918443d4fc6,parsed headline + body
td_newsroom,news_html,2025-08-28_td-bank-group-declares-dividends,data/raw/news/2025-08-28_td-bank-group-declares-dividends.html,https://stories.td.com/ca/en/news/2025-08-28-td-bank-group-declares-dividends,2026-04-18T02:12:09+00:00,,eb48444b4fe64a31fab7610b50a3f1d583a3424f6a95389b4a02337b11040de9,FY2025Q4; TD BANK GROUP DECLARES DIVIDENDS
td_newsroom,news_json,2025-08-28_td-bank-group-declares-dividends,data/raw/news/2025-08-28_td-bank-group-declares-dividends.json,https://stories.td.com/ca/en/news/2025-08-28-td-bank-group-declares-dividends,2026-04-18T02:12:09+00:00,35.0,6e3d21ace5c5ba4613c29f11fa19f35b0d879efa9d573c15e76c344b181eeef3,parsed headline + body
td_newsroom,news_html,2025-08-28_td-bank-group-reports-third-quarter-2025-results,data/raw/news/2025-08-28_td-bank-group-reports-third-quarter-2025-results.html,https://stories.td.com/ca/en/news/2025-08-28-td-bank-group-reports-third-quarter-2025-results,2026-04-18T02:12:10+00:00,,5c3c0d7bffcefe7e6f6908e169dff2e259f0882098e903e2fb81e9733bb2dbf3,FY2025Q4; TD Bank Group Reports Third Quarter 2025 Results
td_newsroom,news_json,2025-08-28_td-bank-group-reports-third-quarter-2025-results,data/raw/news/2025-08-28_td-bank-group-reports-third-quarter-2025-results.json,https://stories.td.com/ca/en/news/2025-08-28-td-bank-group-reports-third-quarter-2025-results,2026-04-18T02:12:10+00:00,4235.0,e918682ee4dace2cbeae6785c42f553c160c07c3403924b5e89df06def8fe93e,parsed headline + body
td_newsroom,news_html,2025-08-29_2fr-e-p-e-a-t-media-advisory-td-bank-group-executive-to,data/raw/news/2025-08-29_2fr-e-p-e-a-t-media-advisory-td-bank-group-executive-to.html,https://stories.td.com/ca/en/news/2025-08-29--2fr-e-p-e-a-t----media-advisory---td-bank-group-executive-to,2026-04-18T02:12:11+00:00,,6849cd261db718c066221111bbea4d8e1c0dd840400afa677eb28e1f32b7894c,FY2025Q4; /R E P E A T -- MEDIA ADVISORY - TD Bank Group Executive to Present at the Scoti
td_newsroom,news_json,2025-08-29_2fr-e-p-e-a-t-media-advisory-td-bank-group-executive-to,data/raw/news/2025-08-29_2fr-e-p-e-a-t-media-advisory-td-bank-group-executive-to.json,https://stories.td.com/ca/en/news/2025-08-29--2fr-e-p-e-a-t----media-advisory---td-bank-group-executive-to,2026-04-18T02:12:11+00:00,9.0,b17cbd7169045a875963497bdd146cde8d73df796a7f08242f43e2322f196ec4,parsed headline + body
td_newsroom,news_html,2025-09-03_preparing-to-pay-3a-td-insurance-survey-finds-more-than-half-o,data/raw/news/2025-09-03_preparing-to-pay-3a-td-insurance-survey-finds-more-than-half-o.html,https://stories.td.com/ca/en/news/2025-09-03-preparing-to-pay-3a-td-insurance-survey-finds-more-than-half-o,2026-04-18T02:12:12+00:00,,31eb91feccaa65738990994c14f5de491c67408a293d13acb2020bcee06bd933,FY2025Q4; Preparing to Pay: TD Insurance survey finds more than half of small business own
td_newsroom,news_json,2025-09-03_preparing-to-pay-3a-td-insurance-survey-finds-more-than-half-o,data/raw/news/2025-09-03_preparing-to-pay-3a-td-insurance-survey-finds-more-than-half-o.json,https://stories.td.com/ca/en/news/2025-09-03-preparing-to-pay-3a-td-insurance-survey-finds-more-than-half-o,2026-04-18T02:12:12+00:00,27.0,8836f477dffab9ea1a43e37f21e7d6e1a25a6c05fc85843620a135299671f449,parsed headline + body
td_newsroom,news_html,2025-09-04_2fr-e-p-e-a-t-media-advisory-td-bank-group-executive-to,data/raw/news/2025-09-04_2fr-e-p-e-a-t-media-advisory-td-bank-group-executive-to.html,https://stories.td.com/ca/en/news/2025-09-04--2fr-e-p-e-a-t----media-advisory---td-bank-group-executive-to,2026-04-18T02:12:12+00:00,,c85f2db90a8059b0e2a0637278faa76a865c3e914d1477a0d1b1fc2efbd760a6,FY2025Q4; /R E P E A T -- MEDIA ADVISORY - TD Bank Group Executive to Present at the Barcl
td_newsroom,news_json,2025-09-04_2fr-e-p-e-a-t-media-advisory-td-bank-group-executive-to,data/raw/news/2025-09-04_2fr-e-p-e-a-t-media-advisory-td-bank-group-executive-to.json,https://stories.td.com/ca/en/news/2025-09-04--2fr-e-p-e-a-t----media-advisory---td-bank-group-executive-to,2026-04-18T02:12:12+00:00,9.0,ac52d916c0b9f04e15cbb130deadc67daf88c58bc7e8779d90a3854ed76428d6,parsed headline + body
td_newsroom,news_html,2025-09-10_td-bank-group-announces-new-executive-appointments-to-drive,data/raw/news/2025-09-10_td-bank-group-announces-new-executive-appointments-to-drive.html,https://stories.td.com/ca/en/news/2025-09-10-td-bank-group-announces-new-executive-appointments-to-drive,2026-04-18T02:12:13+00:00,,5ec25dc5a8bab6635fdb6535c08250c4188f867e926b09cf70ce3979486cd7f6,FY2025Q4; TD Bank Group Announces New Executive Appointments to Drive Execution Excellence
td_newsroom,news_json,2025-09-10_td-bank-group-announces-new-executive-appointments-to-drive,data/raw/news/2025-09-10_td-bank-group-announces-new-executive-appointments-to-drive.json,https://stories.td.com/ca/en/news/2025-09-10-td-bank-group-announces-new-executive-appointments-to-drive,2026-04-18T02:12:13+00:00,39.0,231bbabef6e793c7080afedee87fb011baca040a5e24af40ce7b4d2a8edaaa65,parsed headline + body
td_newsroom,news_html,2025-09-10_td-asset-management-inc-announces-details-regarding-the-mat,data/raw/news/2025-09-10_td-asset-management-inc-announces-details-regarding-the-mat.html,https://stories.td.com/ca/en/news/2025-09-10-td-asset-management-inc.-announces-details-regarding-the-mat,2026-04-18T02:12:14+00:00,,2a3c4f9daecb2284a22e4b74cf86d1cf1b3d516a3f250997b96e5f770728f325,FY2025Q4; TD Asset Management Inc. Announces Details Regarding the Maturity of the 2025 TD
td_newsroom,news_json,2025-09-10_td-asset-management-inc-announces-details-regarding-the-mat,data/raw/news/2025-09-10_td-asset-management-inc-announces-details-regarding-the-mat.json,https://stories.td.com/ca/en/news/2025-09-10-td-asset-management-inc.-announces-details-regarding-the-mat,2026-04-18T02:12:14+00:00,51.0,40c6d845be47f359e509ce8eb71fe7326f2a11845d30fbcfdb95ca1b7a13ec03,parsed headline + body
td_newsroom,news_html,2025-09-12_td-announces-pricing-of-usd-non-viability-contingent-capital,data/raw/news/2025-09-12_td-announces-pricing-of-usd-non-viability-contingent-capital.html,https://stories.td.com/ca/en/news/2025-09-12-td-announces-pricing-of-usd-non-viability-contingent-capital,2026-04-18T02:12:14+00:00,,7508fb0126dfd00fcf9cd819d5564440252b20aecd04b33105413105a87c35a8,FY2025Q4; TD Announces Pricing of USD Non-Viability Contingent Capital AT1 Limited Recours
td_newsroom,news_json,2025-09-12_td-announces-pricing-of-usd-non-viability-contingent-capital,data/raw/news/2025-09-12_td-announces-pricing-of-usd-non-viability-contingent-capital.json,https://stories.td.com/ca/en/news/2025-09-12-td-announces-pricing-of-usd-non-viability-contingent-capital,2026-04-18T02:12:14+00:00,23.0,fc4d7d0336b7ea5c3c021880fa0ce6c921c9b071398b1c6bcf64ebd618a12685,parsed headline + body
td_newsroom,news_html,2025-09-16_td-announces-pricing-of-japanese-yen-nvcc-subordinated-deben,data/raw/news/2025-09-16_td-announces-pricing-of-japanese-yen-nvcc-subordinated-deben.html,https://stories.td.com/ca/en/news/2025-09-16-td-announces-pricing-of-japanese-yen-nvcc-subordinated-deben,2026-04-18T02:12:15+00:00,,637da0b670e9469c07dd6831645dcbd9fd905a168a2c2ab91cc0ba3e49902ad4,FY2025Q4; TD Announces Pricing of Japanese Yen NVCC Subordinated Debentures
td_newsroom,news_json,2025-09-16_td-announces-pricing-of-japanese-yen-nvcc-subordinated-deben,data/raw/news/2025-09-16_td-announces-pricing-of-japanese-yen-nvcc-subordinated-deben.json,https://stories.td.com/ca/en/news/2025-09-16-td-announces-pricing-of-japanese-yen-nvcc-subordinated-deben,2026-04-18T02:12:15+00:00,17.0,384391c8e36e743ecbcb5992ff50e07427dca8cc4ccc1fd8223ce383e9ebc02b,parsed headline + body
td_newsroom,news_html,2025-09-16_td-asset-management-inc-expands-investment-lineup-with-laun,data/raw/news/2025-09-16_td-asset-management-inc-expands-investment-lineup-with-laun.html,https://stories.td.com/ca/en/news/2025-09-16-td-asset-management-inc.-expands-investment-lineup-with-laun,2026-04-18T02:12:16+00:00,,9f0691523aa7a15763a43833fe267ad6952475add8645a07dbafb033fa15741d,FY2025Q4; TD Asset Management Inc. Expands Investment Lineup with Launch of TD North Ameri
td_newsroom,news_json,2025-09-16_td-asset-management-inc-expands-investment-lineup-with-laun,data/raw/news/2025-09-16_td-asset-management-inc-expands-investment-lineup-with-laun.json,https://stories.td.com/ca/en/news/2025-09-16-td-asset-management-inc.-expands-investment-lineup-with-laun,2026-04-18T02:12:16+00:00,41.0,193f8dfa2a0ed2084bb5cf045fca3480a9c309c179cb723accdae5f47cd4d02c,parsed headline + body
td_newsroom,news_html,2025-09-16_uber-has-teamed-up-with-td-to-give-cardholders-free-uber-one,data/raw/news/2025-09-16_uber-has-teamed-up-with-td-to-give-cardholders-free-uber-one.html,https://stories.td.com/ca/en/news/2025-09-16-uber-has-teamed-up-with-td-to-give-cardholders-free-uber-one,2026-04-18T02:12:17+00:00,,1134a0f2ec819e883165de9960b6dab5723279301847e48b207495fdb64d2cd8,FY2025Q4; Uber has teamed up with TD to give cardholders free Uber One membership trials a
td_newsroom,news_json,2025-09-16_uber-has-teamed-up-with-td-to-give-cardholders-free-uber-one,data/raw/news/2025-09-16_uber-has-teamed-up-with-td-to-give-cardholders-free-uber-one.json,https://stories.td.com/ca/en/news/2025-09-16-uber-has-teamed-up-with-td-to-give-cardholders-free-uber-one,2026-04-18T02:12:17+00:00,39.0,ee4ba8a71233cba7dbf15953592dcf0fb47dfd17b0e74f1675b8e3b96d3f25f6,parsed headline + body
td_newsroom,news_html,2025-09-17_td-canada-trust-announces-change-to-td-prime-rate,data/raw/news/2025-09-17_td-canada-trust-announces-change-to-td-prime-rate.html,https://stories.td.com/ca/en/news/2025-09-17-td-canada-trust-announces-change-to-td-prime-rate,2026-04-18T02:12:17+00:00,,fa949e8f07e5ce5d467e78ee7b806d192211bdd2289436c2bb84b201ad206bc9,FY2025Q4; TD Canada Trust announces change to TD Prime Rate
td_newsroom,news_json,2025-09-17_td-canada-trust-announces-change-to-td-prime-rate,data/raw/news/2025-09-17_td-canada-trust-announces-change-to-td-prime-rate.json,https://stories.td.com/ca/en/news/2025-09-17-td-canada-trust-announces-change-to-td-prime-rate,2026-04-18T02:12:17+00:00,9.0,f222e26298d8205c6c70e482ee4a40a606388718cba161f7c798f1961e94b790,parsed headline + body
td_newsroom,news_html,2025-09-18_td-asset-management-inc-announces-td-etf-distributions,data/raw/news/2025-09-18_td-asset-management-inc-announces-td-etf-distributions.html,https://stories.td.com/ca/en/news/2025-09-18-td-asset-management-inc.-announces-td-etf-distributions,2026-04-18T02:12:18+00:00,,a3c4630d08efdb0514e872bd8f4365a5057763547576df0110f553fe167b6f53,FY2025Q4; TD Asset Management Inc. Announces TD ETF Distributions
td_newsroom,news_json,2025-09-18_td-asset-management-inc-announces-td-etf-distributions,data/raw/news/2025-09-18_td-asset-management-inc-announces-td-etf-distributions.json,https://stories.td.com/ca/en/news/2025-09-18-td-asset-management-inc.-announces-td-etf-distributions,2026-04-18T02:12:18+00:00,357.0,afa93ba1daafd6577247646009b019af821c260d82f3a9e161484e976e33f5cc,parsed headline + body
td_newsroom,news_html,2025-09-22_td-bank-announces-redemption-of-non-cumulative-5-year-rate-r,data/raw/news/2025-09-22_td-bank-announces-redemption-of-non-cumulative-5-year-rate-r.html,https://stories.td.com/ca/en/news/2025-09-22-td-bank-announces-redemption-of-non-cumulative-5-year-rate-r,2026-04-18T02:12:19+00:00,,a8ee868c10f33b2e9f4a98b696ef7fcaf91b899a0f454c9bf500cb33e01d433e,FY2025Q4; TD Bank Announces Redemption of Non-Cumulative 5-Year Rate Reset Class A First P
td_newsroom,news_json,2025-09-22_td-bank-announces-redemption-of-non-cumulative-5-year-rate-r,data/raw/news/2025-09-22_td-bank-announces-redemption-of-non-cumulative-5-year-rate-r.json,https://stories.td.com/ca/en/news/2025-09-22-td-bank-announces-redemption-of-non-cumulative-5-year-rate-r,2026-04-18T02:12:19+00:00,13.0,048615bc0b0da8cb302df6bfde8a1d992911cfe76dcf8f024e6e15c7fdde8bd3,parsed headline + body
td_newsroom,news_html,2025-09-22_td-bank-group-to-host-investor-day,data/raw/news/2025-09-22_td-bank-group-to-host-investor-day.html,https://stories.td.com/ca/en/news/2025-09-22-td-bank-group-to-host-investor-day,2026-04-18T02:12:19+00:00,,789c396a5ecb0418b7f24f13b4d0c0970142940ee4e7f2e39df70633db781b30,FY2025Q4; TD Bank Group To Host Investor Day
td_newsroom,news_json,2025-09-22_td-bank-group-to-host-investor-day,data/raw/news/2025-09-22_td-bank-group-to-host-investor-day.json,https://stories.td.com/ca/en/news/2025-09-22-td-bank-group-to-host-investor-day,2026-04-18T02:12:19+00:00,13.0,f29f27e0fb8d428e782441defad7ffdb707a9a639c2e1748fb720313107096b1,parsed headline + body
td_newsroom,news_html,2025-09-29_td-bank-group-presents-strategy-to-accelerate-growth-and-enh,data/raw/news/2025-09-29_td-bank-group-presents-strategy-to-accelerate-growth-and-enh.html,https://stories.td.com/ca/en/news/2025-09-29-td-bank-group-presents-strategy-to-accelerate-growth-and-enh,2026-04-18T02:12:20+00:00,,0a621033043f61cda944be6ad2c8b9586c8bbfd4a85110ce8ca980c7f19df340,FY2025Q4; TD Bank Group Presents Strategy to Accelerate Growth and Enhance Performance
td_newsroom,news_json,2025-09-29_td-bank-group-presents-strategy-to-accelerate-growth-and-enh,data/raw/news/2025-09-29_td-bank-group-presents-strategy-to-accelerate-growth-and-enh.json,https://stories.td.com/ca/en/news/2025-09-29-td-bank-group-presents-strategy-to-accelerate-growth-and-enh,2026-04-18T02:12:20+00:00,15.0,7ae7cedb6675f8cefee9718b3ea0fe2e09c6808bcec581398c4d46d8e0ba5002,parsed headline + body
td_newsroom,news_html,2025-10-01_canada-27s-future-economic-engine-3a-td-survey-finds-3-in-4-gen,data/raw/news/2025-10-01_canada-27s-future-economic-engine-3a-td-survey-finds-3-in-4-gen.html,https://stories.td.com/ca/en/news/2025-10-01-canada-27s-future-economic-engine-3a-td-survey-finds-3-in-4-gen,2026-04-18T02:12:21+00:00,,9ae5dd52a17e6e6eccc9297c9a84e75b43b91f1be47519ff3e0974a3b023c4e1,FY2025Q4; Canada's Future Economic Engine: TD Survey Finds 3 in 4 Gen Zs Want to Run Their
td_newsroom,news_json,2025-10-01_canada-27s-future-economic-engine-3a-td-survey-finds-3-in-4-gen,data/raw/news/2025-10-01_canada-27s-future-economic-engine-3a-td-survey-finds-3-in-4-gen.json,https://stories.td.com/ca/en/news/2025-10-01-canada-27s-future-economic-engine-3a-td-survey-finds-3-in-4-gen,2026-04-18T02:12:21+00:00,37.0,02bbed5270d168de6d6cf4b1277d106e487f81020ee84f97c23c4340d368882f,parsed headline + body
td_newsroom,news_html,2025-10-14_more-than-half-of-gen-z-canadians-feel-pressured-to-27fake-27-f,data/raw/news/2025-10-14_more-than-half-of-gen-z-canadians-feel-pressured-to-27fake-27-f.html,https://stories.td.com/ca/en/news/2025-10-14-more-than-half-of-gen-z-canadians-feel-pressured-to-27fake-27-f,2026-04-18T02:12:21+00:00,,6d91b8a93715c765767bcc53f8df391b95496b0a94092467a579f7978978a59c,FY2025Q4; More than Half of Gen Z Canadians Feel Pressured to 'Fake' Financial Stability: 
td_newsroom,news_json,2025-10-14_more-than-half-of-gen-z-canadians-feel-pressured-to-27fake-27-f,data/raw/news/2025-10-14_more-than-half-of-gen-z-canadians-feel-pressured-to-27fake-27-f.json,https://stories.td.com/ca/en/news/2025-10-14-more-than-half-of-gen-z-canadians-feel-pressured-to-27fake-27-f,2026-04-18T02:12:21+00:00,53.0,13d75527d4d440547fd76732af99e411a68d88739d8348c8dfdb6f3ad081d056,parsed headline + body
td_newsroom,news_html,2025-10-20_new-td-wealth-virtual-assistant-set-to-enhance-the-colleague,data/raw/news/2025-10-20_new-td-wealth-virtual-assistant-set-to-enhance-the-colleague.html,https://stories.td.com/ca/en/news/2025-10-20-new-td-wealth-virtual-assistant-set-to-enhance-the-colleague,2026-04-18T02:12:22+00:00,,453cb538c8773675a5c729d814cd18b748d056b357d43c1408938ea51ad384b7,FY2025Q4; New TD Wealth Virtual Assistant Set to Enhance the Colleague and Client Experien
td_newsroom,news_json,2025-10-20_new-td-wealth-virtual-assistant-set-to-enhance-the-colleague,data/raw/news/2025-10-20_new-td-wealth-virtual-assistant-set-to-enhance-the-colleague.json,https://stories.td.com/ca/en/news/2025-10-20-new-td-wealth-virtual-assistant-set-to-enhance-the-colleague,2026-04-18T02:12:22+00:00,31.0,5bf4f8e7ae2d89eeb1393d151429d08027b0144b99b3ac6e0a65603f2f117fb1,parsed headline + body
td_newsroom,news_html,2025-10-20_td-asset-management-inc-announces-td-etf-distributions,data/raw/news/2025-10-20_td-asset-management-inc-announces-td-etf-distributions.html,https://stories.td.com/ca/en/news/2025-10-20-td-asset-management-inc.-announces-td-etf-distributions,2026-04-18T02:12:23+00:00,,b31c8e3e1e3259dea05e4407eda4740ba13e223c2aaeb5dd1f0c976f81cef893,FY2025Q4; TD Asset Management Inc. Announces TD ETF Distributions
td_newsroom,news_json,2025-10-20_td-asset-management-inc-announces-td-etf-distributions,data/raw/news/2025-10-20_td-asset-management-inc-announces-td-etf-distributions.json,https://stories.td.com/ca/en/news/2025-10-20-td-asset-management-inc.-announces-td-etf-distributions,2026-04-18T02:12:23+00:00,205.0,44ec469d6378a30fcba58c252e07f13cff2140537ce80b7b294f520643583593,parsed headline + body
td_newsroom,news_html,2025-10-20_td-securities-announces-integration-of-public-finance-and-au-2,data/raw/news/2025-10-20_td-securities-announces-integration-of-public-finance-and-au-2.html,https://stories.td.com/ca/en/news/2025-10-20-td-securities-announces-integration-of-public-finance-and-au-2,2026-04-18T02:12:24+00:00,,0436794a987e91bb132eb4cc614db83bdc28db5aee3804a6018bc76994be35ef,FY2025Q4; TD Securities Announces Integration of Public Finance and Automated Trading busi
td_newsroom,news_json,2025-10-20_td-securities-announces-integration-of-public-finance-and-au-2,data/raw/news/2025-10-20_td-securities-announces-integration-of-public-finance-and-au-2.json,https://stories.td.com/ca/en/news/2025-10-20-td-securities-announces-integration-of-public-finance-and-au-2,2026-04-18T02:12:24+00:00,21.0,9466a83966b7b0ffc3ce942f1c07edc42230d4fe10bf211762cb87f469df04af,parsed headline + body
td_newsroom,news_html,2025-10-23_td-asset-management-inc-announces-risk-rating-changes-for-c,data/raw/news/2025-10-23_td-asset-management-inc-announces-risk-rating-changes-for-c.html,https://stories.td.com/ca/en/news/2025-10-23-td-asset-management-inc.-announces-risk-rating-changes-for-c,2026-04-18T02:12:24+00:00,,76d87bdd9109227e128b72f7cab62bcb0de5f7649cfb63162f3828469e05ce73,FY2025Q4; TD Asset Management Inc. Announces Risk Rating Changes for Certain TD Mutual Fun
td_newsroom,news_json,2025-10-23_td-asset-management-inc-announces-risk-rating-changes-for-c,data/raw/news/2025-10-23_td-asset-management-inc-announces-risk-rating-changes-for-c.json,https://stories.td.com/ca/en/news/2025-10-23-td-asset-management-inc.-announces-risk-rating-changes-for-c,2026-04-18T02:12:24+00:00,49.0,2f13ef3d96d37c67b8e432674a414c0bb029138c411bc27ad822fc24373808cc,parsed headline + body
td_newsroom,news_html,2025-10-24_td-asset-management-announces-the-final-valuation-of-td-glob,data/raw/news/2025-10-24_td-asset-management-announces-the-final-valuation-of-td-glob.html,https://stories.td.com/ca/en/news/2025-10-24-td-asset-management-announces-the-final-valuation-of-td-glob,2026-04-18T02:12:25+00:00,,12ea32bf3682728335acfc8facf1a1241db574dcf10e318f7fe3b981796412d1,FY2025Q4; TD Asset Management Announces the Final Valuation of TD Global Carbon Credit Ind
td_newsroom,news_json,2025-10-24_td-asset-management-announces-the-final-valuation-of-td-glob,data/raw/news/2025-10-24_td-asset-management-announces-the-final-valuation-of-td-glob.json,https://stories.td.com/ca/en/news/2025-10-24-td-asset-management-announces-the-final-valuation-of-td-glob,2026-04-18T02:12:25+00:00,49.0,450c78c7a0346c54fc3856ebd139bb8397e2440075edf8b9b8bfe420733f6343,parsed headline + body
td_newsroom,news_html,2025-10-27_canadian-parents-cite-social-media-as-key-influence-and-co,data/raw/news/2025-10-27_canadian-parents-cite-social-media-as-key-influence-and-co.html,https://stories.td.com/ca/en/news/2025-10-27-canadian-parents-cite-social-media-as-key-influence---and-co,2026-04-18T02:12:26+00:00,,6be2308becd6d801f287f523730776f3189fba84e1a98b2f8abd131a2bc2a3f7,FY2025Q4; Canadian Parents Cite Social Media As Key Influence - And Concern - On Kids' Spe
td_newsroom,news_json,2025-10-27_canadian-parents-cite-social-media-as-key-influence-and-co,data/raw/news/2025-10-27_canadian-parents-cite-social-media-as-key-influence-and-co.json,https://stories.td.com/ca/en/news/2025-10-27-canadian-parents-cite-social-media-as-key-influence---and-co,2026-04-18T02:12:26+00:00,43.0,b3954003cc572e98d16c9060af3e00325784a420825cddd59aa603ced59fcc91,parsed headline + body
td_newsroom,news_html,2025-10-28_td-joins-the-massachusetts-institute-of-technology-27s-media-l,data/raw/news/2025-10-28_td-joins-the-massachusetts-institute-of-technology-27s-media-l.html,https://stories.td.com/ca/en/news/2025-10-28-td-joins-the-massachusetts-institute-of-technology-27s-media-l,2026-04-18T02:12:26+00:00,,09f1c7ecc6cb1507fb1b409622be65afceb684039a9b4d0e2af9e4118921dbe4,FY2025Q4; TD joins the Massachusetts Institute of Technology's Media Lab to Explore AI Inn
td_newsroom,news_json,2025-10-28_td-joins-the-massachusetts-institute-of-technology-27s-media-l,data/raw/news/2025-10-28_td-joins-the-massachusetts-institute-of-technology-27s-media-l.json,https://stories.td.com/ca/en/news/2025-10-28-td-joins-the-massachusetts-institute-of-technology-27s-media-l,2026-04-18T02:12:26+00:00,19.0,cedd29c45ed84763377e4567ff9d7f61e6501fcd9c48bb696886fd84129af293,parsed headline + body
td_newsroom,news_html,2025-10-29_td-canada-trust-announces-change-to-td-prime-rate,data/raw/news/2025-10-29_td-canada-trust-announces-change-to-td-prime-rate.html,https://stories.td.com/ca/en/news/2025-10-29-td-canada-trust-announces-change-to-td-prime-rate,2026-04-18T02:12:27+00:00,,57c4e8595959e319151e8af7f032c1a578b896c6abfdacc093de3c8edfb6b2bf,FY2025Q4; TD Canada Trust announces change to TD Prime Rate
td_newsroom,news_json,2025-10-29_td-canada-trust-announces-change-to-td-prime-rate,data/raw/news/2025-10-29_td-canada-trust-announces-change-to-td-prime-rate.json,https://stories.td.com/ca/en/news/2025-10-29-td-canada-trust-announces-change-to-td-prime-rate,2026-04-18T02:12:27+00:00,9.0,551d7435c7ad73eae65530ec500dc5a3ee986e0100d0dc7b5a3452449ab6b714,parsed headline + body
td_newsroom,news_html,2025-10-29_td-asset-management-inc-announces-risk-rating-change-for-td,data/raw/news/2025-10-29_td-asset-management-inc-announces-risk-rating-change-for-td.html,https://stories.td.com/ca/en/news/2025-10-29-td-asset-management-inc.-announces-risk-rating-change-for-td,2026-04-18T02:12:28+00:00,,519e7dfd094324794419ed3e9feb77711858417c3455c5631f9e6a82076f4213,FY2025Q4; TD Asset Management Inc. Announces Risk Rating Change for TD U.S. Long Term Trea
td_newsroom,news_json,2025-10-29_td-asset-management-inc-announces-risk-rating-change-for-td,data/raw/news/2025-10-29_td-asset-management-inc-announces-risk-rating-change-for-td.json,https://stories.td.com/ca/en/news/2025-10-29-td-asset-management-inc.-announces-risk-rating-change-for-td,2026-04-18T02:12:28+00:00,23.0,bc422fc6fba1d9e688004371aa0ebefa5f45dc9957fc143c195503a50eb2521d,parsed headline + body
td_newsroom,news_html,2025-11-06_td-bank-group-provides-insurance-catastrophe-information,data/raw/news/2025-11-06_td-bank-group-provides-insurance-catastrophe-information.html,https://stories.td.com/ca/en/news/2025-11-06-td-bank-group-provides-insurance-catastrophe-information,2026-04-18T02:12:29+00:00,,571c3c5ef76351af44163d135dad57fbf313f18e38a08cf6d9d593b0dac241b8,FY2026Q1; TD Bank Group Provides Insurance Catastrophe Information
td_newsroom,news_json,2025-11-06_td-bank-group-provides-insurance-catastrophe-information,data/raw/news/2025-11-06_td-bank-group-provides-insurance-catastrophe-information.json,https://stories.td.com/ca/en/news/2025-11-06-td-bank-group-provides-insurance-catastrophe-information,2026-04-18T02:12:29+00:00,21.0,81976afb7a609459c9e21b9127488d83cc852db88788e3f5dff1cb250a05d9aa,parsed headline + body
td_newsroom,news_html,2025-11-06_td-asset-management-inc-funds-recognized-in-seven-categorie,data/raw/news/2025-11-06_td-asset-management-inc-funds-recognized-in-seven-categorie.html,https://stories.td.com/ca/en/news/2025-11-06-td-asset-management-inc.-funds-recognized-in-seven-categorie,2026-04-18T02:12:29+00:00,,a003a764bd413a2b8e4e78b86c346844acbaebe92d41dda7ebb034acb27e2a67,FY2026Q1; TD Asset Management Inc. Funds Recognized in Seven Categories at the 2025 Canada
td_newsroom,news_json,2025-11-06_td-asset-management-inc-funds-recognized-in-seven-categorie,data/raw/news/2025-11-06_td-asset-management-inc-funds-recognized-in-seven-categorie.json,https://stories.td.com/ca/en/news/2025-11-06-td-asset-management-inc.-funds-recognized-in-seven-categorie,2026-04-18T02:12:29+00:00,119.0,00c56d3e64e3d43ffdce4110e04d82648e6879d7d92b8757f049d2c8a30b38e5,parsed headline + body
td_newsroom,news_html,2025-11-12_td-meets-loss-with-care-2c-not-complexity-introducing-empathy,data/raw/news/2025-11-12_td-meets-loss-with-care-2c-not-complexity-introducing-empathy.html,https://stories.td.com/ca/en/news/2025-11-12-td-meets-loss-with-care-2c-not-complexity--introducing-empathy,2026-04-18T02:12:30+00:00,,a7c07a2bae7ed57c01828a452ebc58acbd45c96786e429f388752f9a618e141a,"FY2026Q1; TD meets loss with care, not complexity--introducing Empathy"
td_newsroom,news_json,2025-11-12_td-meets-loss-with-care-2c-not-complexity-introducing-empathy,data/raw/news/2025-11-12_td-meets-loss-with-care-2c-not-complexity-introducing-empathy.json,https://stories.td.com/ca/en/news/2025-11-12-td-meets-loss-with-care-2c-not-complexity--introducing-empathy,2026-04-18T02:12:30+00:00,37.0,50a2fc48a84839a625abb76048128c3e8859597a2b9c9efb0b59b797819287d1,parsed headline + body
td_newsroom,news_html,2025-11-12_risking-no-returns-3f-4-in-10-young-canadians-missing-out-on-t,data/raw/news/2025-11-12_risking-no-returns-3f-4-in-10-young-canadians-missing-out-on-t.html,https://stories.td.com/ca/en/news/2025-11-12-risking-no-returns-3f-4-in-10-young-canadians-missing-out-on-t,2026-04-18T02:12:31+00:00,,d5872a5dab284f23b12e2c5bbd94efbc39d0def44950d82148affaec35dc253c,FY2026Q1; Risking No Returns? 4 in 10 Young Canadians Missing Out on TFSA Growth: TD Surve
td_newsroom,news_json,2025-11-12_risking-no-returns-3f-4-in-10-young-canadians-missing-out-on-t,data/raw/news/2025-11-12_risking-no-returns-3f-4-in-10-young-canadians-missing-out-on-t.json,https://stories.td.com/ca/en/news/2025-11-12-risking-no-returns-3f-4-in-10-young-canadians-missing-out-on-t,2026-04-18T02:12:31+00:00,37.0,afdbdcc7cea2c14c0b5053081f75ddd39e4fe7fe34a89152a8c8136924ec7b24,parsed headline + body
td_newsroom,news_html,2025-11-13_media-advisory-td-bank-group-to-release-fourth-quarter-202,data/raw/news/2025-11-13_media-advisory-td-bank-group-to-release-fourth-quarter-202.html,https://stories.td.com/ca/en/news/2025-11-13-media-advisory---td-bank-group-to-release-fourth-quarter-202,2026-04-18T02:12:32+00:00,,4e743374db5a4db99f02c1a8c0d6471c1430b2ae177b87c147c0c40b875a9eeb,FY2026Q1; Media Advisory - TD Bank Group to Release Fourth Quarter 2025 Results
td_newsroom,news_json,2025-11-13_media-advisory-td-bank-group-to-release-fourth-quarter-202,data/raw/news/2025-11-13_media-advisory-td-bank-group-to-release-fourth-quarter-202.json,https://stories.td.com/ca/en/news/2025-11-13-media-advisory---td-bank-group-to-release-fourth-quarter-202,2026-04-18T02:12:32+00:00,17.0,1faf48c2d99416505d3f9987bd9639c949b418ebc949fd8a2570bc5a1d5ca00a,parsed headline + body
td_newsroom,news_html,2025-11-13_td-invests-241-million-to-local-organizations-to-help-break-d,data/raw/news/2025-11-13_td-invests-241-million-to-local-organizations-to-help-break-d.html,https://stories.td.com/ca/en/news/2025-11-13-td-invests-241-million-to-local-organizations-to-help-break-d,2026-04-18T02:12:33+00:00,,d2dc6bf8e028ea6625e5e84ed4764482ccdd05e8926f4eedf3a4cd8951c4cde8,FY2026Q1; TD invests $1 million to local organizations to help break down barriers for new
td_newsroom,news_json,2025-11-13_td-invests-241-million-to-local-organizations-to-help-break-d,data/raw/news/2025-11-13_td-invests-241-million-to-local-organizations-to-help-break-d.json,https://stories.td.com/ca/en/news/2025-11-13-td-invests-241-million-to-local-organizations-to-help-break-d,2026-04-18T02:12:33+00:00,49.0,4e4d17178d742c85b65163a702da09d3896a396009f2ae5c95edbfdd8b4d42d0,parsed headline + body
td_newsroom,news_html,2025-11-18_td-asset-management-inc-announces-td-etf-distributions,data/raw/news/2025-11-18_td-asset-management-inc-announces-td-etf-distributions.html,https://stories.td.com/ca/en/news/2025-11-18-td-asset-management-inc.-announces-td-etf-distributions,2026-04-18T02:12:33+00:00,,7cecb4434a37f8ad4981b934c96e30d7273535b7789f82a310ae545bd0d7e2ef,FY2026Q1; TD Asset Management Inc. Announces TD ETF Distributions
td_newsroom,news_json,2025-11-18_td-asset-management-inc-announces-td-etf-distributions,data/raw/news/2025-11-18_td-asset-management-inc-announces-td-etf-distributions.json,https://stories.td.com/ca/en/news/2025-11-18-td-asset-management-inc.-announces-td-etf-distributions,2026-04-18T02:12:33+00:00,193.0,eb726ec7ab41b6d7b956cc62c2a2eb815730ed67462bb75ae19578a27f61cf7a,parsed headline + body
td_newsroom,news_html,2025-11-18_2fc-o-r-r-e-c-t-i-o-n-td-bank-group-2f,data/raw/news/2025-11-18_2fc-o-r-r-e-c-t-i-o-n-td-bank-group-2f.html,https://stories.td.com/ca/en/news/2025-11-18--2fc-o-r-r-e-c-t-i-o-n----td-bank-group-2f,2026-04-18T02:12:35+00:00,,b7c2abe015e4225faf724181f6684ede82ea98088a39d640db789ba499bb3031,FY2026Q1; /C O R R E C T I O N -- TD Bank Group/
td_newsroom,news_json,2025-11-18_2fc-o-r-r-e-c-t-i-o-n-td-bank-group-2f,data/raw/news/2025-11-18_2fc-o-r-r-e-c-t-i-o-n-td-bank-group-2f.json,https://stories.td.com/ca/en/news/2025-11-18--2fc-o-r-r-e-c-t-i-o-n----td-bank-group-2f,2026-04-18T02:12:35+00:00,61.0,743614f8d0c885f18c9101b2784ab06166c1bd0d18df0c18da8db1e19573c0fa,parsed headline + body
td_newsroom,news_html,2025-11-20_td-asset-management-inc-announces-management-fee-reductions,data/raw/news/2025-11-20_td-asset-management-inc-announces-management-fee-reductions.html,https://stories.td.com/ca/en/news/2025-11-20-td-asset-management-inc.-announces-management-fee-reductions,2026-04-18T02:12:36+00:00,,58917321ce0f651af29a6692da1cd4710704a4408b8543cb115eaffbabdd5a11,FY2026Q1; TD Asset Management Inc. announces management fee reductions for certain TD Mutu
td_newsroom,news_json,2025-11-20_td-asset-management-inc-announces-management-fee-reductions,data/raw/news/2025-11-20_td-asset-management-inc-announces-management-fee-reductions.json,https://stories.td.com/ca/en/news/2025-11-20-td-asset-management-inc.-announces-management-fee-reductions,2026-04-18T02:12:36+00:00,151.0,cd28d11aa33150224b171d49b2edb2ede2ce5166fd78ba7485d25054f8fb654f,parsed headline + body
td_newsroom,news_html,2025-11-20_td-asset-management-inc-announces-estimated-annual-reinvest,data/raw/news/2025-11-20_td-asset-management-inc-announces-estimated-annual-reinvest.html,https://stories.td.com/ca/en/news/2025-11-20-td-asset-management-inc.-announces-estimated-annual-reinvest,2026-04-18T02:12:36+00:00,,d93500a3170f80992e910c8ac21e9de029b60647dcf3861de71c03a6614a1530,FY2026Q1; TD Asset Management Inc. Announces Estimated Annual Reinvested Distributions for
td_newsroom,news_json,2025-11-20_td-asset-management-inc-announces-estimated-annual-reinvest,data/raw/news/2025-11-20_td-asset-management-inc-announces-estimated-annual-reinvest.json,https://stories.td.com/ca/en/news/2025-11-20-td-asset-management-inc.-announces-estimated-annual-reinvest,2026-04-18T02:12:36+00:00,449.0,0c9d6f0c0d9c927977e0dfbd54d587bf9e0216afda1f4a3e943b1be72920e142,parsed headline + body
td_newsroom,news_html,2025-11-20_would-you-rather-3f-canadians-choose-to-build-furniture-2c-sit-i,data/raw/news/2025-11-20_would-you-rather-3f-canadians-choose-to-build-furniture-2c-sit-i.html,https://stories.td.com/ca/en/news/2025-11-20-would-you-rather-3f-canadians-choose-to-build-furniture-2c-sit-i,2026-04-18T02:12:37+00:00,,ba66a4cef4804471f3040daf510d240fb325cea6b3c63161565c7352007bac8e,"FY2026Q1; Would You Rather? Canadians choose to build furniture, sit in traffic, or do the"
td_newsroom,news_json,2025-11-20_would-you-rather-3f-canadians-choose-to-build-furniture-2c-sit-i,data/raw/news/2025-11-20_would-you-rather-3f-canadians-choose-to-build-furniture-2c-sit-i.json,https://stories.td.com/ca/en/news/2025-11-20-would-you-rather-3f-canadians-choose-to-build-furniture-2c-sit-i,2026-04-18T02:12:37+00:00,37.0,75a654f036d508df8154b03faaf9cb7ac63afabc6221da65417d0021e4af942b,parsed headline + body
td_newsroom,news_html,2025-11-21_td-asset-management-announces-the-final-valuation-of-maturin,data/raw/news/2025-11-21_td-asset-management-announces-the-final-valuation-of-maturin.html,https://stories.td.com/ca/en/news/2025-11-21-td-asset-management-announces-the-final-valuation-of-maturin,2026-04-18T02:12:38+00:00,,6352e6f28dbae7e8fa8656c5a1df7a175e8fc902b2e3777739c7b29788414594,FY2026Q1; TD Asset Management Announces the Final Valuation of Maturing ETFs
td_newsroom,news_json,2025-11-21_td-asset-management-announces-the-final-valuation-of-maturin,data/raw/news/2025-11-21_td-asset-management-announces-the-final-valuation-of-maturin.json,https://stories.td.com/ca/en/news/2025-11-21-td-asset-management-announces-the-final-valuation-of-maturin,2026-04-18T02:12:38+00:00,59.0,2ad281d4b77596d043c14d9250e9ee8f1e8c58a4e68122b93fe068f50391ab12,parsed headline + body
td_newsroom,news_html,2025-11-25_td-asset-management-inc-launches-advisor-series-for-td-mana,data/raw/news/2025-11-25_td-asset-management-inc-launches-advisor-series-for-td-mana.html,https://stories.td.com/ca/en/news/2025-11-25-td-asset-management-inc.-launches-advisor-series-for-td-mana,2026-04-18T02:12:39+00:00,,910cd55588ab6a7e5bc7da8f7f0552c3c4b7805afdebf0982badb0414350e202,FY2026Q1; TD Asset Management Inc. Launches Advisor Series for TD Managed Assets Program (
td_newsroom,news_json,2025-11-25_td-asset-management-inc-launches-advisor-series-for-td-mana,data/raw/news/2025-11-25_td-asset-management-inc-launches-advisor-series-for-td-mana.json,https://stories.td.com/ca/en/news/2025-11-25-td-asset-management-inc.-launches-advisor-series-for-td-mana,2026-04-18T02:12:39+00:00,35.0,5dd18a271f20ddc38d2d76045db245d1bd6faf68750ed04bf6aa67f76012c262,parsed headline + body
td_newsroom,news_html,2025-11-25_td-expands-access-to-affordable-everyday-banking-for-indigen,data/raw/news/2025-11-25_td-expands-access-to-affordable-everyday-banking-for-indigen.html,https://stories.td.com/ca/en/news/2025-11-25-td-expands-access-to-affordable-everyday-banking-for-indigen,2026-04-18T02:12:40+00:00,,f9e80fd301ca8c3a65cbb40017c9323a50fcd52d6ec0196b0f7ccf57a5440f5d,FY2026Q1; TD Expands Access to Affordable Everyday Banking for Indigenous Peoples
td_newsroom,news_json,2025-11-25_td-expands-access-to-affordable-everyday-banking-for-indigen,data/raw/news/2025-11-25_td-expands-access-to-affordable-everyday-banking-for-indigen.json,https://stories.td.com/ca/en/news/2025-11-25-td-expands-access-to-affordable-everyday-banking-for-indigen,2026-04-18T02:12:40+00:00,45.0,b129a74fecd739b36bb860ee4654eee063939db35fcda3d4e3b2627946d32e01,parsed headline + body
td_newsroom,news_html,2025-12-02_2fr-e-p-e-a-t-media-advisory-td-bank-group-to-release-fo,data/raw/news/2025-12-02_2fr-e-p-e-a-t-media-advisory-td-bank-group-to-release-fo.html,https://stories.td.com/ca/en/news/2025-12-02--2fr-e-p-e-a-t----media-advisory---td-bank-group-to-release-fo,2026-04-18T02:12:41+00:00,,65e84caa738398d0af64f1f653f94f206b63c45d5106c6681fb230bbff0020f1,FY2026Q1; /R E P E A T -- Media Advisory - TD Bank Group to Release Fourth Quarter 2025 Re
td_newsroom,news_json,2025-12-02_2fr-e-p-e-a-t-media-advisory-td-bank-group-to-release-fo,data/raw/news/2025-12-02_2fr-e-p-e-a-t-media-advisory-td-bank-group-to-release-fo.json,https://stories.td.com/ca/en/news/2025-12-02--2fr-e-p-e-a-t----media-advisory---td-bank-group-to-release-fo,2026-04-18T02:12:41+00:00,17.0,be653cb23801c08dacc1ea88145127a74667b56811647ee2bd0b28826a592ac9,parsed headline + body
td_newsroom,news_html,2025-12-04_td-bank-group-declares-dividends,data/raw/news/2025-12-04_td-bank-group-declares-dividends.html,https://stories.td.com/ca/en/news/2025-12-04-td-bank-group-declares-dividends,2026-04-18T02:12:42+00:00,,62182c1b38aa2d7726127a67781198cf8a8ac8d0c56db69dc476c7f4e68d59c7,FY2026Q1; TD BANK GROUP DECLARES DIVIDENDS
td_newsroom,news_json,2025-12-04_td-bank-group-declares-dividends,data/raw/news/2025-12-04_td-bank-group-declares-dividends.json,https://stories.td.com/ca/en/news/2025-12-04-td-bank-group-declares-dividends,2026-04-18T02:12:42+00:00,27.0,9ff55db46dd7b45e2571bfe15fc02d70479a3db0fbb59844b36291a2ee0e4a8e,parsed headline + body
td_newsroom,news_html,2025-12-04_td-bank-group-reports-fourth-quarter-and-fiscal-2025-results,data/raw/news/2025-12-04_td-bank-group-reports-fourth-quarter-and-fiscal-2025-results.html,https://stories.td.com/ca/en/news/2025-12-04-td-bank-group-reports-fourth-quarter-and-fiscal-2025-results,2026-04-18T02:12:43+00:00,,31e39ec4ca7887ee86d33abaebfd800b3b7f2506ea2c97839076dc327a888410,FY2026Q1; TD Bank Group Reports Fourth Quarter and Fiscal 2025 Results
td_newsroom,news_json,2025-12-04_td-bank-group-reports-fourth-quarter-and-fiscal-2025-results,data/raw/news/2025-12-04_td-bank-group-reports-fourth-quarter-and-fiscal-2025-results.json,https://stories.td.com/ca/en/news/2025-12-04-td-bank-group-reports-fourth-quarter-and-fiscal-2025-results,2026-04-18T02:12:43+00:00,7309.0,1093bbd60f74e1cade4f39ea4604d7c07dc82de16a607b825e216232f47b80f3,parsed headline + body
td_newsroom,news_html,2025-12-08_smaller-budgets-with-bigger-impact-3a-canadians-plan-to-slash,data/raw/news/2025-12-08_smaller-budgets-with-bigger-impact-3a-canadians-plan-to-slash.html,https://stories.td.com/ca/en/news/2025-12-08-smaller-budgets-with-bigger-impact-3a-canadians-plan-to-slash,2026-04-18T02:12:44+00:00,,30578bcd7bfcec4bb285a7bbe81a2cd3424ba221f3257883653750ffbda03d3a,"FY2026Q1; Smaller Budgets with Bigger Impact: Canadians Plan to Slash Holiday Spending, Bu"
td_newsroom,news_json,2025-12-08_smaller-budgets-with-bigger-impact-3a-canadians-plan-to-slash,data/raw/news/2025-12-08_smaller-budgets-with-bigger-impact-3a-canadians-plan-to-slash.json,https://stories.td.com/ca/en/news/2025-12-08-smaller-budgets-with-bigger-impact-3a-canadians-plan-to-slash,2026-04-18T02:12:44+00:00,43.0,c3b4deb989b170dc39a0c7349044c929f9f90d6d5d09a8e5bb18cd0786b2d3b7,parsed headline + body
td_newsroom,news_html,2025-12-09_td-asset-management-inc-expands-its-lineup-with-the-introdu,data/raw/news/2025-12-09_td-asset-management-inc-expands-its-lineup-with-the-introdu.html,https://stories.td.com/ca/en/news/2025-12-09-td-asset-management-inc.-expands-its-lineup-with-the-introdu,2026-04-18T02:12:46+00:00,,f0143a610fec154a1c7d017a171fd73954102e4f9d74d64d54649153a0789282,FY2026Q1; TD Asset Management Inc. Expands its Lineup with the Introduction of a Global Pr
td_newsroom,news_json,2025-12-09_td-asset-management-inc-expands-its-lineup-with-the-introdu,data/raw/news/2025-12-09_td-asset-management-inc-expands-its-lineup-with-the-introdu.json,https://stories.td.com/ca/en/news/2025-12-09-td-asset-management-inc.-expands-its-lineup-with-the-introdu,2026-04-18T02:12:46+00:00,15.0,b947c5baec2b2e2e96ed9934c92626c74ffa037667c270baed77135d2a665e6d,parsed headline + body
td_newsroom,news_html,2025-12-16_media-advisory-td-bank-group-executive-to-present-at-the-r,data/raw/news/2025-12-16_media-advisory-td-bank-group-executive-to-present-at-the-r.html,https://stories.td.com/ca/en/news/2025-12-16-media-advisory---td-bank-group-executive-to-present-at-the-r,2026-04-18T02:12:46+00:00,,cb2443cfc8f68bb0bd86e8cc185e4c3499a63935ff62a7aeb2e0acb2790acee8,FY2026Q1; MEDIA ADVISORY - TD Bank Group Executive to Present at the RBC Capital Markets 2
td_newsroom,news_json,2025-12-16_media-advisory-td-bank-group-executive-to-present-at-the-r,data/raw/news/2025-12-16_media-advisory-td-bank-group-executive-to-present-at-the-r.json,https://stories.td.com/ca/en/news/2025-12-16-media-advisory---td-bank-group-executive-to-present-at-the-r,2026-04-18T02:12:46+00:00,9.0,5003d9607c5881df14edd4401413cd70b32a1da7a01df4cd76fa99f1b06e4252,parsed headline + body
td_newsroom,news_html,2025-12-22_td-asset-management-inc-announces-final-annual-reinvested-d,data/raw/news/2025-12-22_td-asset-management-inc-announces-final-annual-reinvested-d.html,https://stories.td.com/ca/en/news/2025-12-22-td-asset-management-inc.-announces-final-annual-reinvested-d,2026-04-18T02:12:47+00:00,,5fba72b7de9842088afed1a61a01956d810e85629f78f3ba42003da7499ddb67,FY2026Q1; TD Asset Management Inc. Announces Final Annual Reinvested Distributions for TD 
td_newsroom,news_json,2025-12-22_td-asset-management-inc-announces-final-annual-reinvested-d,data/raw/news/2025-12-22_td-asset-management-inc-announces-final-annual-reinvested-d.json,https://stories.td.com/ca/en/news/2025-12-22-td-asset-management-inc.-announces-final-annual-reinvested-d,2026-04-18T02:12:47+00:00,409.0,e518bfabba430c238bdb73a50c2bca42365025ca88b676e929703b23379dbed1,parsed headline + body
td_newsroom,news_html,2025-12-22_td-asset-management-inc-announces-td-etf-distributions,data/raw/news/2025-12-22_td-asset-management-inc-announces-td-etf-distributions.html,https://stories.td.com/ca/en/news/2025-12-22-td-asset-management-inc.-announces-td-etf-distributions,2026-04-18T02:12:48+00:00,,f5d0eb6d540f5924ed9c7e04d6553630570edb8da98d82191efba0446f7d671c,FY2026Q1; TD Asset Management Inc. Announces TD ETF Distributions
td_newsroom,news_json,2025-12-22_td-asset-management-inc-announces-td-etf-distributions,data/raw/news/2025-12-22_td-asset-management-inc-announces-td-etf-distributions.json,https://stories.td.com/ca/en/news/2025-12-22-td-asset-management-inc.-announces-td-etf-distributions,2026-04-18T02:12:48+00:00,333.0,07dbcdf0d5a268c0a04896d2f543f6ea42272465f3465d806a590201bc7eb22b,parsed headline + body
td_newsroom,news_html,2026-01-05_2fr-e-p-e-a-t-media-advisory-td-bank-group-executive-to,data/raw/news/2026-01-05_2fr-e-p-e-a-t-media-advisory-td-bank-group-executive-to.html,https://stories.td.com/ca/en/news/2026-01-05--2fr-e-p-e-a-t----media-advisory---td-bank-group-executive-to,2026-04-18T02:12:49+00:00,,a59c10f309b9ae041507822e78b62c6e77c637c81345645bb68667c634626135,FY2026Q1; /R E P E A T -- MEDIA ADVISORY - TD Bank Group Executive to Present at the RBC C
td_newsroom,news_json,2026-01-05_2fr-e-p-e-a-t-media-advisory-td-bank-group-executive-to,data/raw/news/2026-01-05_2fr-e-p-e-a-t-media-advisory-td-bank-group-executive-to.json,https://stories.td.com/ca/en/news/2026-01-05--2fr-e-p-e-a-t----media-advisory---td-bank-group-executive-to,2026-04-18T02:12:49+00:00,9.0,9947365310bb88ffe6df6e15f0d2b3844752b7578b9f7b92f7a8a8e8631413b2,parsed headline + body
td_newsroom,news_html,2026-01-07_td-bank-group-announces-intention-to-purchase-for-cancellati,data/raw/news/2026-01-07_td-bank-group-announces-intention-to-purchase-for-cancellati.html,https://stories.td.com/ca/en/news/2026-01-07-td-bank-group-announces-intention-to-purchase-for-cancellati,2026-04-18T02:12:50+00:00,,4a2bb4e0bc7f2c429f45855b2628452eb51dc8459ab481c2cb94a5e9b4008b53,FY2026Q1; TD Bank Group Announces Intention to Purchase for Cancellation up to 61 Million 
td_newsroom,news_json,2026-01-07_td-bank-group-announces-intention-to-purchase-for-cancellati,data/raw/news/2026-01-07_td-bank-group-announces-intention-to-purchase-for-cancellati.json,https://stories.td.com/ca/en/news/2026-01-07-td-bank-group-announces-intention-to-purchase-for-cancellati,2026-04-18T02:12:50+00:00,19.0,0a8dadda32744a0df542e4ff41aee36394b9a5361c5c93519c93ac248839a6bc,parsed headline + body
td_newsroom,news_html,2026-01-09_td-asset-management-inc-announces-final-annual-reinvested-d,data/raw/news/2026-01-09_td-asset-management-inc-announces-final-annual-reinvested-d.html,https://stories.td.com/ca/en/news/2026-01-09-td-asset-management-inc.-announces-final-annual-reinvested-d,2026-04-18T02:12:51+00:00,,7a936b55002c2dbe13e066cf515e2e318c450fcb2bf87d970ca5f31e8e15815e,FY2026Q1; TD Asset Management Inc. Announces Final Annual Reinvested Distributions for TD 
td_newsroom,news_json,2026-01-09_td-asset-management-inc-announces-final-annual-reinvested-d,data/raw/news/2026-01-09_td-asset-management-inc-announces-final-annual-reinvested-d.json,https://stories.td.com/ca/en/news/2026-01-09-td-asset-management-inc.-announces-final-annual-reinvested-d,2026-04-18T02:12:51+00:00,101.0,b49fc70753769f421ea73c56eb4cd6c9540c0367c789bf4cb2ee986701da15ca,parsed headline + body
td_newsroom,news_html,2026-01-13_2-in-3-canadians-plan-big-spending-cuts-in-2026-3a-td-survey,data/raw/news/2026-01-13_2-in-3-canadians-plan-big-spending-cuts-in-2026-3a-td-survey.html,https://stories.td.com/ca/en/news/2026-01-13-2-in-3-canadians-plan-big-spending-cuts-in-2026-3a-td-survey,2026-04-18T02:12:52+00:00,,73988848885fe33bbf6e28509a3a86671733111a962ee52afd8dd816d49bc22f,FY2026Q1; 2 in 3 Canadians Plan Big Spending Cuts in 2026: TD Survey
td_newsroom,news_json,2026-01-13_2-in-3-canadians-plan-big-spending-cuts-in-2026-3a-td-survey,data/raw/news/2026-01-13_2-in-3-canadians-plan-big-spending-cuts-in-2026-3a-td-survey.json,https://stories.td.com/ca/en/news/2026-01-13-2-in-3-canadians-plan-big-spending-cuts-in-2026-3a-td-survey,2026-04-18T02:12:52+00:00,59.0,957abe8a8f81c0514864d8f114f776503ba0408178b7e15fa85a3c2b4295dab7,parsed headline + body
td_newsroom,news_html,2026-01-15_td-delivers-eligible-td-credit-card-and-visa-debit-customers,data/raw/news/2026-01-15_td-delivers-eligible-td-credit-card-and-visa-debit-customers.html,https://stories.td.com/ca/en/news/2026-01-15-td-delivers-eligible-td-credit-card-and-visa-debit-customers,2026-04-18T02:12:52+00:00,,972afe483240ef0553675d6f450447f214dd318af7ad0c8d5af954a5d0f94c6b,FY2026Q1; TD Delivers Eligible TD Credit Card and Visa Debit Customers More Value with a N
td_newsroom,news_json,2026-01-15_td-delivers-eligible-td-credit-card-and-visa-debit-customers,data/raw/news/2026-01-15_td-delivers-eligible-td-credit-card-and-visa-debit-customers.json,https://stories.td.com/ca/en/news/2026-01-15-td-delivers-eligible-td-credit-card-and-visa-debit-customers,2026-04-18T02:12:52+00:00,21.0,b4e7f670ba8d516cb4587639f84076580e4c0b6f3edb887a4bcb72e0d63fb8e5,parsed headline + body
td_newsroom,news_html,2026-01-16_td-wins-big-innovation-awards-for-fifth-consecutive-year-e2-80-af,data/raw/news/2026-01-16_td-wins-big-innovation-awards-for-fifth-consecutive-year-e2-80-af.html,https://stories.td.com/ca/en/news/2026-01-16-td-wins-big-innovation-awards-for-fifth-consecutive-year-e2-80-af,2026-04-18T02:12:53+00:00,,78550da13b2a60bea4ee7cb2c9ff2810dfa3bb6ae1b07c3ca5cd34cd3167c4ae,FY2026Q1; TD wins BIG Innovation Awards for fifth consecutive year
td_newsroom,news_json,2026-01-16_td-wins-big-innovation-awards-for-fifth-consecutive-year-e2-80-af,data/raw/news/2026-01-16_td-wins-big-innovation-awards-for-fifth-consecutive-year-e2-80-af.json,https://stories.td.com/ca/en/news/2026-01-16-td-wins-big-innovation-awards-for-fifth-consecutive-year-e2-80-af,2026-04-18T02:12:53+00:00,27.0,b47029ad99d46f008f8c822cfae96751f98bcac103acb7e07f68ae32cd52284b,parsed headline + body
td_newsroom,news_html,2026-01-16_the-toronto-dominion-bank-receives-regulatory-approval-for-n,data/raw/news/2026-01-16_the-toronto-dominion-bank-receives-regulatory-approval-for-n.html,https://stories.td.com/ca/en/news/2026-01-16-the-toronto-dominion-bank-receives-regulatory-approval-for-n,2026-04-18T02:12:54+00:00,,9093c6c86d6035a48c1e8ba2408ab56876f466d30db94cc7c7c5ee54639b41ba,FY2026Q1; The Toronto-Dominion Bank Receives Regulatory Approval for Normal Course Issuer 
td_newsroom,news_json,2026-01-16_the-toronto-dominion-bank-receives-regulatory-approval-for-n,data/raw/news/2026-01-16_the-toronto-dominion-bank-receives-regulatory-approval-for-n.json,https://stories.td.com/ca/en/news/2026-01-16-the-toronto-dominion-bank-receives-regulatory-approval-for-n,2026-04-18T02:12:54+00:00,25.0,3094dc6394bde8ee61bbe91ee479111b9772b3190a7aa71ae283719ee97cadbf,parsed headline + body
td_newsroom,news_html,2026-01-20_td-bank-announces-redemption-of-4-859-25-medium-term-notes-28no,data/raw/news/2026-01-20_td-bank-announces-redemption-of-4-859-25-medium-term-notes-28no.html,https://stories.td.com/ca/en/news/2026-01-20-td-bank-announces-redemption-of-4.859-25-medium-term-notes-28no,2026-04-18T02:12:55+00:00,,651c45b28ad5903be699f840c15df3215caa8c24f9ee15a62248e6aad035127d,FY2026Q1; TD Bank Announces Redemption of 4.859% Medium Term Notes (Non-Viability Continge
td_newsroom,news_json,2026-01-20_td-bank-announces-redemption-of-4-859-25-medium-term-notes-28no,data/raw/news/2026-01-20_td-bank-announces-redemption-of-4-859-25-medium-term-notes-28no.json,https://stories.td.com/ca/en/news/2026-01-20-td-bank-announces-redemption-of-4.859-25-medium-term-notes-28no,2026-04-18T02:12:55+00:00,11.0,f9cf74833aafb7ac90ff5f5fe4a8c48391cd1a625710ddc8aaa49deacaf84609,parsed headline + body
td_newsroom,news_html,2026-01-20_td-asset-management-inc-announces-td-etf-distributions,data/raw/news/2026-01-20_td-asset-management-inc-announces-td-etf-distributions.html,https://stories.td.com/ca/en/news/2026-01-20-td-asset-management-inc.-announces-td-etf-distributions,2026-04-18T02:12:56+00:00,,d5026dbdeb6316a1b3165151dd9222599ed5e1fc3527108d7d06786549fc2d25,FY2026Q1; TD Asset Management Inc. Announces TD ETF Distributions
td_newsroom,news_json,2026-01-20_td-asset-management-inc-announces-td-etf-distributions,data/raw/news/2026-01-20_td-asset-management-inc-announces-td-etf-distributions.json,https://stories.td.com/ca/en/news/2026-01-20-td-asset-management-inc.-announces-td-etf-distributions,2026-04-18T02:12:56+00:00,197.0,b85185eb9f3cca30172ebbfcabbfb0d4127299b17e9b1d38b3eb423b40c16b07,parsed headline + body
td_newsroom,news_html,2026-01-29_td-insurance-successfully-sponsors-second-cat-bond-with-clos,data/raw/news/2026-01-29_td-insurance-successfully-sponsors-second-cat-bond-with-clos.html,https://stories.td.com/ca/en/news/2026-01-29-td-insurance-successfully-sponsors-second-cat-bond-with-clos,2026-04-18T02:12:57+00:00,,2911a33282926329c0391573c6668cca3adc00622d5f6bc4ee67d4e1828f46ff,FY2026Q1; TD Insurance Successfully Sponsors second Cat Bond with Closing of MMIFS Re Ltd.
td_newsroom,news_json,2026-01-29_td-insurance-successfully-sponsors-second-cat-bond-with-clos,data/raw/news/2026-01-29_td-insurance-successfully-sponsors-second-cat-bond-with-clos.json,https://stories.td.com/ca/en/news/2026-01-29-td-insurance-successfully-sponsors-second-cat-bond-with-clos,2026-04-18T02:12:57+00:00,23.0,fb8439c010267af7975679d63efae365bd48fecd7570c8ee7d30b333fb8cd304,parsed headline + body
td_newsroom,news_html,2026-02-03_love-does-cost-a-thing-3a-1-in-3-canadians-going-on-fewer-date,data/raw/news/2026-02-03_love-does-cost-a-thing-3a-1-in-3-canadians-going-on-fewer-date.html,https://stories.td.com/ca/en/news/2026-02-03-love-does-cost-a-thing-3a-1-in-3-canadians-going-on-fewer-date,2026-04-18T02:12:57+00:00,,e59ba8cb4359f96e17057a14b6ed5cdc447ca03171dd43cfd8476cc16b742464,FY2026Q2; Love Does Cost a Thing: 1 in 3 Canadians Going on Fewer Dates Due to Economic Co
td_newsroom,news_json,2026-02-03_love-does-cost-a-thing-3a-1-in-3-canadians-going-on-fewer-date,data/raw/news/2026-02-03_love-does-cost-a-thing-3a-1-in-3-canadians-going-on-fewer-date.json,https://stories.td.com/ca/en/news/2026-02-03-love-does-cost-a-thing-3a-1-in-3-canadians-going-on-fewer-date,2026-04-18T02:12:57+00:00,67.0,a0ed5a3b79b6eaaedb734dd8c33c9797d56fd463a947d22c3250b4121ab82e46,parsed headline + body
td_newsroom,news_html,2026-02-05_td-bank-group-provides-insurance-catastrophe-information,data/raw/news/2026-02-05_td-bank-group-provides-insurance-catastrophe-information.html,https://stories.td.com/ca/en/news/2026-02-05-td-bank-group-provides-insurance-catastrophe-information,2026-04-18T02:12:58+00:00,,26cbd60b7361deffa0fd29e726fe4d5593c60d30e1d66ae76dd7600cd4d77a7e,FY2026Q2; TD Bank Group Provides Insurance Catastrophe Information
td_newsroom,news_json,2026-02-05_td-bank-group-provides-insurance-catastrophe-information,data/raw/news/2026-02-05_td-bank-group-provides-insurance-catastrophe-information.json,https://stories.td.com/ca/en/news/2026-02-05-td-bank-group-provides-insurance-catastrophe-information,2026-04-18T02:12:58+00:00,21.0,7f563f47c91a6b1d59adce0229a5a695497f2324bf27b9183469e54b6ef3b410,parsed headline + body
td_newsroom,news_html,2026-02-05_td-confirms-support-for-the-defence-2c-security-and-resilience,data/raw/news/2026-02-05_td-confirms-support-for-the-defence-2c-security-and-resilience.html,https://stories.td.com/ca/en/news/2026-02-05-td-confirms-support-for-the-defence-2c-security-and-resilience,2026-04-18T02:12:58+00:00,,691f501d0c1dfffb45a9ff92520c649fdc83f8f6a72cd025e72648be82b75425,"FY2026Q2; TD confirms support for the Defence, Security and Resilience Bank"
td_newsroom,news_json,2026-02-05_td-confirms-support-for-the-defence-2c-security-and-resilience,data/raw/news/2026-02-05_td-confirms-support-for-the-defence-2c-security-and-resilience.json,https://stories.td.com/ca/en/news/2026-02-05-td-confirms-support-for-the-defence-2c-security-and-resilience,2026-04-18T02:12:58+00:00,13.0,2ffe380e276791db04fe55901528794a41e2c74135025f64e154eda52be0b4d9,parsed headline + body
td_newsroom,news_html,2026-02-05_media-advisory-td-bank-group-to-release-first-quarter-2026,data/raw/news/2026-02-05_media-advisory-td-bank-group-to-release-first-quarter-2026.html,https://stories.td.com/ca/en/news/2026-02-05-media-advisory---td-bank-group-to-release-first-quarter-2026,2026-04-18T02:12:59+00:00,,ceed04f482c21c5db0efd31f9cc0f7a1994384a1a79c6caa9dd3ce89c53d2b94,FY2026Q2; Media Advisory - TD Bank Group to Release First Quarter 2026 Results
td_newsroom,news_json,2026-02-05_media-advisory-td-bank-group-to-release-first-quarter-2026,data/raw/news/2026-02-05_media-advisory-td-bank-group-to-release-first-quarter-2026.json,https://stories.td.com/ca/en/news/2026-02-05-media-advisory---td-bank-group-to-release-first-quarter-2026,2026-04-18T02:12:59+00:00,17.0,35c1de323b5edeed75c95117016442c2c7dcdf071b9ef01fd07253468a053c7b,parsed headline + body
td_newsroom,news_html,2026-02-06_24-mutual-funds-and-etfs-managed-by-td-asset-management-inc,data/raw/news/2026-02-06_24-mutual-funds-and-etfs-managed-by-td-asset-management-inc.html,https://stories.td.com/ca/en/news/2026-02-06-24-mutual-funds-and-etfs-managed-by-td-asset-management-inc.,2026-04-18T02:13:00+00:00,,4a7d71a98bd882464517696f4a2cb8a97dada37e79c947840b048b37aba8442f,FY2026Q2; 24 mutual funds and ETFs managed by TD Asset Management Inc. recognized at the F
td_newsroom,news_json,2026-02-06_24-mutual-funds-and-etfs-managed-by-td-asset-management-inc,data/raw/news/2026-02-06_24-mutual-funds-and-etfs-managed-by-td-asset-management-inc.json,https://stories.td.com/ca/en/news/2026-02-06-24-mutual-funds-and-etfs-managed-by-td-asset-management-inc.,2026-04-18T02:13:00+00:00,629.0,cdc7012185a4956e5a10bb6348a5ac1cd47718eed87d7cb3f48d5c5acdc877d7,parsed headline + body
td_newsroom,news_html,2026-02-09_td-launches-new-brand-platform-22more-human-22-2c-reflecting-a-di,data/raw/news/2026-02-09_td-launches-new-brand-platform-22more-human-22-2c-reflecting-a-di.html,https://stories.td.com/ca/en/news/2026-02-09-td-launches-new-brand-platform-22more-human-22-2c-reflecting-a-di,2026-04-18T02:13:01+00:00,,e4478ac080d69a860fbc07993b00dac643938462b85453ff7f613532966edfe5,"FY2026Q2; TD Launches New Brand Platform ""More Human"", Reflecting A Digital First, People-"
td_newsroom,news_json,2026-02-09_td-launches-new-brand-platform-22more-human-22-2c-reflecting-a-di,data/raw/news/2026-02-09_td-launches-new-brand-platform-22more-human-22-2c-reflecting-a-di.json,https://stories.td.com/ca/en/news/2026-02-09-td-launches-new-brand-platform-22more-human-22-2c-reflecting-a-di,2026-04-18T02:13:01+00:00,25.0,691261ea1819dade5e716cfba934b941fab98b6b3e35ba7699ed9c7849666ceb,parsed headline + body
td_newsroom,news_html,2026-02-13_td-asset-management-inc-announces-additional-annual-reinves,data/raw/news/2026-02-13_td-asset-management-inc-announces-additional-annual-reinves.html,https://stories.td.com/ca/en/news/2026-02-13-td-asset-management-inc.-announces-additional-annual-reinves,2026-04-18T02:13:02+00:00,,022b3b671abb36d64785351ad04d522a4e0f91cd55d018035cba45f4db320bac,FY2026Q2; TD Asset Management Inc. Announces Additional Annual Reinvested Distributions fo
td_newsroom,news_json,2026-02-13_td-asset-management-inc-announces-additional-annual-reinves,data/raw/news/2026-02-13_td-asset-management-inc-announces-additional-annual-reinves.json,https://stories.td.com/ca/en/news/2026-02-13-td-asset-management-inc.-announces-additional-annual-reinves,2026-04-18T02:13:02+00:00,57.0,985f9f7f4a2053733beb2b4276654353648dea18f0929a475c12717c696f33f6,parsed headline + body
td_newsroom,news_html,2026-02-13_td-announces-24250-2c000-donation-in-response-to-tragic-events,data/raw/news/2026-02-13_td-announces-24250-2c000-donation-in-response-to-tragic-events.html,https://stories.td.com/ca/en/news/2026-02-13-td-announces-24250-2c000-donation-in-response-to-tragic-events,2026-04-18T02:13:02+00:00,,19b4aafeff35cd5f23fce5b0442be04c3c2a508e5692575ce979ac48d82683d7,"FY2026Q2; TD announces $250,000 donation in response to tragic events in Tumbler Ridge"
td_newsroom,news_json,2026-02-13_td-announces-24250-2c000-donation-in-response-to-tragic-events,data/raw/news/2026-02-13_td-announces-24250-2c000-donation-in-response-to-tragic-events.json,https://stories.td.com/ca/en/news/2026-02-13-td-announces-24250-2c000-donation-in-response-to-tragic-events,2026-04-18T02:13:02+00:00,25.0,e2dd7d4aad56530e315786e34ab5770ca4bea6b3b87b3ee0ef50cdb9c511868b,parsed headline + body
td_newsroom,news_html,2026-02-18_media-advisory-td-bank-group-executive-to-present-at-the-r,data/raw/news/2026-02-18_media-advisory-td-bank-group-executive-to-present-at-the-r.html,https://stories.td.com/ca/en/news/2026-02-18-media-advisory---td-bank-group-executive-to-present-at-the-r,2026-04-18T02:13:03+00:00,,a5bb1faa5e5e6d57ef8a5404d14be491986aa1866c48fe41587431d66e9bc975,FY2026Q2; MEDIA ADVISORY - TD Bank Group Executive to Present at the RBC Capital Markets G
td_newsroom,news_json,2026-02-18_media-advisory-td-bank-group-executive-to-present-at-the-r,data/raw/news/2026-02-18_media-advisory-td-bank-group-executive-to-present-at-the-r.json,https://stories.td.com/ca/en/news/2026-02-18-media-advisory---td-bank-group-executive-to-present-at-the-r,2026-04-18T02:13:03+00:00,7.0,2bd5338ca4ff4bde47d21f119066ac9153821d78440350e48e8943105f5b8068,parsed headline + body
td_newsroom,news_html,2026-02-18_3-in-4-canadians-feel-more-vulnerable-to-ai-powered-fraud-2c-t,data/raw/news/2026-02-18_3-in-4-canadians-feel-more-vulnerable-to-ai-powered-fraud-2c-t.html,https://stories.td.com/ca/en/news/2026-02-18-3-in-4-canadians-feel-more-vulnerable-to-ai-powered-fraud-2c-t,2026-04-18T02:13:04+00:00,,344d6e24724e708e4b039701077f676aebf6cdfe19666efabc3e3dd6386354b3,"FY2026Q2; 3 in 4 Canadians Feel More Vulnerable to AI-Powered Fraud, TD Survey Finds"
td_newsroom,news_json,2026-02-18_3-in-4-canadians-feel-more-vulnerable-to-ai-powered-fraud-2c-t,data/raw/news/2026-02-18_3-in-4-canadians-feel-more-vulnerable-to-ai-powered-fraud-2c-t.json,https://stories.td.com/ca/en/news/2026-02-18-3-in-4-canadians-feel-more-vulnerable-to-ai-powered-fraud-2c-t,2026-04-18T02:13:04+00:00,63.0,b7f451b0dbe14a93913e3b81288f1db9b1caf955826791b3dc23e7dd0ff9f578,parsed headline + body
td_newsroom,news_html,2026-02-18_td-asset-management-inc-announces-td-etf-distributions,data/raw/news/2026-02-18_td-asset-management-inc-announces-td-etf-distributions.html,https://stories.td.com/ca/en/news/2026-02-18-td-asset-management-inc.-announces-td-etf-distributions,2026-04-18T02:13:05+00:00,,0f02884785965cab9856878cfbfbc0b78cabac8febd8145ebefdbead2853fffd,FY2026Q2; TD Asset Management Inc. Announces TD ETF Distributions
td_newsroom,news_json,2026-02-18_td-asset-management-inc-announces-td-etf-distributions,data/raw/news/2026-02-18_td-asset-management-inc-announces-td-etf-distributions.json,https://stories.td.com/ca/en/news/2026-02-18-td-asset-management-inc.-announces-td-etf-distributions,2026-04-18T02:13:05+00:00,193.0,1b23235d380ea0592ecbaffa23f8dbb22ba043462d69768a15169e0791512951,parsed headline + body
td_newsroom,news_html,2026-02-19_td-wealth-launches-unified-discretionary-management-platform,data/raw/news/2026-02-19_td-wealth-launches-unified-discretionary-management-platform.html,https://stories.td.com/ca/en/news/2026-02-19-td-wealth-launches-unified-discretionary-management-platform,2026-04-18T02:13:05+00:00,,b5b6175bf9dec84637e875ef2975f86c12478521c7f6a134f570272cf3584749,FY2026Q2; TD Wealth Launches Unified Discretionary Management Platform for High-Net-Worth 
td_newsroom,news_json,2026-02-19_td-wealth-launches-unified-discretionary-management-platform,data/raw/news/2026-02-19_td-wealth-launches-unified-discretionary-management-platform.json,https://stories.td.com/ca/en/news/2026-02-19-td-wealth-launches-unified-discretionary-management-platform,2026-04-18T02:13:05+00:00,21.0,ff0ef495f9c9b03f9c329c1e4262944f79a6571a69338f3e405ed9689c1d57aa,parsed headline + body
td_newsroom,news_html,2026-02-24_2fr-e-p-e-a-t-media-advisory-td-bank-group-to-release-fi,data/raw/news/2026-02-24_2fr-e-p-e-a-t-media-advisory-td-bank-group-to-release-fi.html,https://stories.td.com/ca/en/news/2026-02-24--2fr-e-p-e-a-t----media-advisory---td-bank-group-to-release-fi,2026-04-18T02:13:06+00:00,,b2e71d5ef829bfce0c2e2ec441b31e3baebf2ab34c7a0d54130be12e66d319e1,FY2026Q2; /R E P E A T -- Media Advisory - TD Bank Group to Release First Quarter 2026 Res
td_newsroom,news_json,2026-02-24_2fr-e-p-e-a-t-media-advisory-td-bank-group-to-release-fi,data/raw/news/2026-02-24_2fr-e-p-e-a-t-media-advisory-td-bank-group-to-release-fi.json,https://stories.td.com/ca/en/news/2026-02-24--2fr-e-p-e-a-t----media-advisory---td-bank-group-to-release-fi,2026-04-18T02:13:06+00:00,17.0,4a79e0156f3f5d7aefac6f53b3bdbe413fce605f6a73bfd47a355377acecda51,parsed headline + body
td_newsroom,news_html,2026-02-26_td-bank-group-declares-dividends,data/raw/news/2026-02-26_td-bank-group-declares-dividends.html,https://stories.td.com/ca/en/news/2026-02-26-td-bank-group-declares-dividends,2026-04-18T02:13:06+00:00,,795102ba608d452fd6edaae73c860c4c94758f4c0f8cbd49519d792ec08bbc48,FY2026Q2; TD BANK GROUP DECLARES DIVIDENDS
td_newsroom,news_json,2026-02-26_td-bank-group-declares-dividends,data/raw/news/2026-02-26_td-bank-group-declares-dividends.json,https://stories.td.com/ca/en/news/2026-02-26-td-bank-group-declares-dividends,2026-04-18T02:13:06+00:00,33.0,6dc57584f701c5b735e78762684afec36ef7ca3fe0d820212d73742b06dd1bda,parsed headline + body
td_newsroom,news_html,2026-03-03_media-advisory-td-bank-group-executive-to-present-at-the-n,data/raw/news/2026-03-03_media-advisory-td-bank-group-executive-to-present-at-the-n.html,https://stories.td.com/ca/en/news/2026-03-03-media-advisory---td-bank-group-executive-to-present-at-the-n,2026-04-18T02:13:07+00:00,,b1b29d2db9033d3d743a82f11117100fcf9d40e910f5a00fef493c173f043ca6,FY2026Q2; MEDIA ADVISORY - TD Bank Group Executive to Present at the National Bank Financi
td_newsroom,news_json,2026-03-03_media-advisory-td-bank-group-executive-to-present-at-the-n,data/raw/news/2026-03-03_media-advisory-td-bank-group-executive-to-present-at-the-n.json,https://stories.td.com/ca/en/news/2026-03-03-media-advisory---td-bank-group-executive-to-present-at-the-n,2026-04-18T02:13:07+00:00,9.0,e4b06aefe15e690316f0b2341f87e80de5c71d7730149c0220790610368003b4,parsed headline + body
td_newsroom,news_html,2026-03-09_2fr-e-p-e-a-t-media-advisory-td-bank-group-executive-to,data/raw/news/2026-03-09_2fr-e-p-e-a-t-media-advisory-td-bank-group-executive-to.html,https://stories.td.com/ca/en/news/2026-03-09--2fr-e-p-e-a-t----media-advisory---td-bank-group-executive-to,2026-04-18T02:13:08+00:00,,d09c9fc70dc3cadedd022d35d6c8197ef2897b8c6ee8bf90e38f6e1a7249ad1c,FY2026Q2; /R E P E A T -- MEDIA ADVISORY - TD Bank Group Executive to Present at the RBC C
td_newsroom,news_json,2026-03-09_2fr-e-p-e-a-t-media-advisory-td-bank-group-executive-to,data/raw/news/2026-03-09_2fr-e-p-e-a-t-media-advisory-td-bank-group-executive-to.json,https://stories.td.com/ca/en/news/2026-03-09--2fr-e-p-e-a-t----media-advisory---td-bank-group-executive-to,2026-04-18T02:13:08+00:00,9.0,0869b8bdfe3d00bcce8a99e6f201116af019f5c75a687d688ec4b1745defa0e4,parsed headline + body
td_newsroom,news_html,2026-03-10_td-bank-group-management-proxy-circular-now-available,data/raw/news/2026-03-10_td-bank-group-management-proxy-circular-now-available.html,https://stories.td.com/ca/en/news/2026-03-10-td-bank-group-management-proxy-circular-now-available,2026-04-18T02:13:09+00:00,,e51706f3e0bdf2aa3028703b79648c0f451cbf71a5beff5062c0ae0285b8f27d,FY2026Q2; TD Bank Group Management Proxy Circular Now Available
td_newsroom,news_json,2026-03-10_td-bank-group-management-proxy-circular-now-available,data/raw/news/2026-03-10_td-bank-group-management-proxy-circular-now-available.json,https://stories.td.com/ca/en/news/2026-03-10-td-bank-group-management-proxy-circular-now-available,2026-04-18T02:13:09+00:00,19.0,7d03c514ff6043a34d03ba549f4024ec880ae9b4929eaffec256e197d8723570,parsed headline + body
td_newsroom,news_html,2026-03-19_2fr-e-p-e-a-t-media-advisory-td-bank-group-executive-to,data/raw/news/2026-03-19_2fr-e-p-e-a-t-media-advisory-td-bank-group-executive-to.html,https://stories.td.com/ca/en/news/2026-03-19--2fr-e-p-e-a-t----media-advisory---td-bank-group-executive-to,2026-04-18T02:13:09+00:00,,d01c4e79217a9de28a13f28db9faeb1f3f33dcfa099a9a136bc745c98aced7cd,FY2026Q2; /R E P E A T -- MEDIA ADVISORY - TD Bank Group Executive to Present at the Natio
td_newsroom,news_json,2026-03-19_2fr-e-p-e-a-t-media-advisory-td-bank-group-executive-to,data/raw/news/2026-03-19_2fr-e-p-e-a-t-media-advisory-td-bank-group-executive-to.json,https://stories.td.com/ca/en/news/2026-03-19--2fr-e-p-e-a-t----media-advisory---td-bank-group-executive-to,2026-04-18T02:13:10+00:00,9.0,2d9e450a82b51054148d63534a5572522b567386f96e5cd8c48044328b2460c0,parsed headline + body
td_newsroom,news_html,2026-03-19_td-asset-management-inc-announces-td-etf-distributions,data/raw/news/2026-03-19_td-asset-management-inc-announces-td-etf-distributions.html,https://stories.td.com/ca/en/news/2026-03-19-td-asset-management-inc.-announces-td-etf-distributions,2026-04-18T02:13:10+00:00,,00a39e112ead24ed0c64c82960287f4c0f87a917102aaa413d51a886b4ffd930,FY2026Q2; TD Asset Management Inc. Announces TD ETF Distributions
td_newsroom,news_json,2026-03-19_td-asset-management-inc-announces-td-etf-distributions,data/raw/news/2026-03-19_td-asset-management-inc-announces-td-etf-distributions.json,https://stories.td.com/ca/en/news/2026-03-19-td-asset-management-inc.-announces-td-etf-distributions,2026-04-18T02:13:10+00:00,347.0,8508d16cf31b3369080f8c38065f7882b253f374ada4105abfe731b7df31ab8f,parsed headline + body
td_newsroom,news_html,2026-03-19_could-you-spot-insurance-fraud-3f-many-canadians-don-27t-recogni,data/raw/news/2026-03-19_could-you-spot-insurance-fraud-3f-many-canadians-don-27t-recogni.html,https://stories.td.com/ca/en/news/2026-03-19-could-you-spot-insurance-fraud-3f-many-canadians-don-27t-recogni,2026-04-18T02:13:11+00:00,,d437a43db62450d9e710a4fb06a9460b7bfc2abf3d5ae01f5803583421e2ee30,"FY2026Q2; Could You Spot Insurance Fraud? Many Canadians Don't Recognize Common Scenarios,"
td_newsroom,news_json,2026-03-19_could-you-spot-insurance-fraud-3f-many-canadians-don-27t-recogni,data/raw/news/2026-03-19_could-you-spot-insurance-fraud-3f-many-canadians-don-27t-recogni.json,https://stories.td.com/ca/en/news/2026-03-19-could-you-spot-insurance-fraud-3f-many-canadians-don-27t-recogni,2026-04-18T02:13:11+00:00,51.0,e61213586bcc54a2fd8bc0ef57e82ffb40113fd087ed778ed10492edd2fa224e,parsed headline + body
td_newsroom,news_html,2026-03-24_td-bank-group-issues-cad-241-5-billion-green-bond,data/raw/news/2026-03-24_td-bank-group-issues-cad-241-5-billion-green-bond.html,https://stories.td.com/ca/en/news/2026-03-24-td-bank-group-issues-cad-241.5-billion-green-bond,2026-04-18T02:13:11+00:00,,a06a0ca1a41f4efb49f59c5c2e51a0db3a2221ee3971c2ef67da6ea2b44258c5,FY2026Q2; TD Bank Group Issues CAD $1.5 Billion Green Bond
td_newsroom,news_json,2026-03-24_td-bank-group-issues-cad-241-5-billion-green-bond,data/raw/news/2026-03-24_td-bank-group-issues-cad-241-5-billion-green-bond.json,https://stories.td.com/ca/en/news/2026-03-24-td-bank-group-issues-cad-241.5-billion-green-bond,2026-04-18T02:13:11+00:00,19.0,92c9d3789ca67720ab11a0c0395bbb1fe2ff32cc14f8fe6ca8fcc30cf045d053,parsed headline + body
td_newsroom,news_html,2026-03-30_td-celebrates-15-years-supporting-the-juno-awards,data/raw/news/2026-03-30_td-celebrates-15-years-supporting-the-juno-awards.html,https://stories.td.com/ca/en/news/2026-03-30-td-celebrates-15-years-supporting-the-juno-awards,2026-04-18T02:13:12+00:00,,44c627046a06f5a38af34ba588ebce937fe9513a7e35d1d78638d4c65ffa7a71,FY2026Q2; TD Celebrates 15 Years Supporting The JUNO Awards
td_newsroom,news_json,2026-03-30_td-celebrates-15-years-supporting-the-juno-awards,data/raw/news/2026-03-30_td-celebrates-15-years-supporting-the-juno-awards.json,https://stories.td.com/ca/en/news/2026-03-30-td-celebrates-15-years-supporting-the-juno-awards,2026-04-18T02:13:12+00:00,39.0,6db349b64f3542e4c4e3609677bbc00b86f74fb4e35b7511dd05f1b6b35c5abe,parsed headline + body
td_newsroom,news_html,2026-03-31_td-launches-new-td-easy-trade-e2-84-a2-app-2c-making-diy-investing-r,data/raw/news/2026-03-31_td-launches-new-td-easy-trade-e2-84-a2-app-2c-making-diy-investing-r.html,https://stories.td.com/ca/en/news/2026-03-31-td-launches-new-td-easy-trade-e2-84-a2-app-2c-making-diy-investing-r,2026-04-18T02:13:13+00:00,,d797b78233dacdae4c54f8dbcb1ceb3b681978a3bf5e7712995ad66224031b2f,"FY2026Q2; TD Launches New TD Easy Trade™ App, Making DIY Investing Refreshingly Simple"
td_newsroom,news_json,2026-03-31_td-launches-new-td-easy-trade-e2-84-a2-app-2c-making-diy-investing-r,data/raw/news/2026-03-31_td-launches-new-td-easy-trade-e2-84-a2-app-2c-making-diy-investing-r.json,https://stories.td.com/ca/en/news/2026-03-31-td-launches-new-td-easy-trade-e2-84-a2-app-2c-making-diy-investing-r,2026-04-18T02:13:13+00:00,53.0,23559abdb6ab85a13df7d325e6d52595880e4d3e437e3f8191f9dd6011311cef,parsed headline + body
td_newsroom,news_html,2026-04-08_household-budgets-tighten-amid-mortgage-renewals-as-buyer-in,data/raw/news/2026-04-08_household-budgets-tighten-amid-mortgage-renewals-as-buyer-in.html,https://stories.td.com/ca/en/news/2026-04-08-household-budgets-tighten-amid-mortgage-renewals-as-buyer-in,2026-04-18T02:13:14+00:00,,32656d27dcd2a515ef1ceb13aec82c3dbdcd37b4b56bb41a41aa93b971c46305,"FY2026Q2; Household budgets tighten amid mortgage renewals as buyer intent builds, TD surv"
td_newsroom,news_json,2026-04-08_household-budgets-tighten-amid-mortgage-renewals-as-buyer-in,data/raw/news/2026-04-08_household-budgets-tighten-amid-mortgage-renewals-as-buyer-in.json,https://stories.td.com/ca/en/news/2026-04-08-household-budgets-tighten-amid-mortgage-renewals-as-buyer-in,2026-04-18T02:13:14+00:00,79.0,bc3648c0f5c8b6ad52933c970393f7d16ecc092cdd02d09f584e33931ab4ae7d,parsed headline + body
td_newsroom,news_html,2026-04-16_td-bank-group-announces-election-of-directors,data/raw/news/2026-04-16_td-bank-group-announces-election-of-directors.html,https://stories.td.com/ca/en/news/2026-04-16-td-bank-group-announces-election-of-directors,2026-04-18T02:13:14+00:00,,4e60635dbcee6533b8106e2c4a065d4dcd762fc6f04f8f0666927348dd3653a9,FY2026Q2; TD Bank Group Announces Election of Directors
td_newsroom,news_json,2026-04-16_td-bank-group-announces-election-of-directors,data/raw/news/2026-04-16_td-bank-group-announces-election-of-directors.json,https://stories.td.com/ca/en/news/2026-04-16-td-bank-group-announces-election-of-directors,2026-04-18T02:13:14+00:00,163.0,d6b3b60eaf7f1df6b2d4262702de5cce69c27ba6e8412b2a7d8fb782e695c7b3,parsed headline + body
td_newsroom,news_index,newsroom_index,data/raw/news/index.parquet,https://stories.td.com/ca/en/news,2026-04-18T02:13:14+00:00,688.0,3e9c5f796e16bd5316292f8fe0f34e42a22e3bc26bc069d4ef2b8ff8ec6e6df7,"all articles, 0 flagged as likely 6-K overlap"
td_ir,transcript,2021-02-25_2021-q1-transcript-f-en,data/raw/transcripts/2021-02-25_2021-q1-transcript-f-en.pdf,https://www.td.com/content/dam/tdcom/canada/about-td/pdf/quarterly-results/2021/2021-Q1_Transcript_F_EN.pdf,2026-04-18T04:10:41+00:00,,aca542adfe5a2c6adc6748d1cdb1bf036de66ca74889417cc3ba6493ff44184b,quarterly_call; FY2021Q2; hint=FY2021-Q1
td_ir,transcript_text,2021-02-25_2021-q1-transcript-f-en,data/raw/transcripts/2021-02-25_2021-q1-transcript-f-en.txt,https://www.td.com/content/dam/tdcom/canada/about-td/pdf/quarterly-results/2021/2021-Q1_Transcript_F_EN.pdf,2026-04-18T04:10:41+00:00,776.0,177d673f4edce11915e51f0e59037d554eb7a31a74da7aa2efe0dce4b287f294,extracted with pdfplumber
td_ir,transcript,2021-05-27_2021-q2-transcript-f-en,data/raw/transcripts/2021-05-27_2021-q2-transcript-f-en.pdf,https://www.td.com/content/dam/tdcom/canada/about-td/pdf/quarterly-results/2021/2021-Q2_Transcript_F_EN.pdf,2026-04-18T04:10:41+00:00,,99f034a2175441ca2529b22112037f94eeec489796c09df3d9c1f51d0d5ea3df,quarterly_call; FY2021Q3; hint=FY2021-Q2
td_ir,transcript_text,2021-05-27_2021-q2-transcript-f-en,data/raw/transcripts/2021-05-27_2021-q2-transcript-f-en.txt,https://www.td.com/content/dam/tdcom/canada/about-td/pdf/quarterly-results/2021/2021-Q2_Transcript_F_EN.pdf,2026-04-18T04:10:41+00:00,870.0,88d8a530c7bca8ce8c2a39704b2d366b67f8909883d68d2a86eb45f0469496aa,extracted with pdfplumber
td_ir,transcript,2021-08-26_2021-q3-transcript-f-en,data/raw/transcripts/2021-08-26_2021-q3-transcript-f-en.pdf,https://www.td.com/content/dam/tdcom/canada/about-td/pdf/quarterly-results/2021/2021-Q3_Transcript_F_EN.pdf,2026-04-18T04:10:41+00:00,,72013b9f667cd6554e5db1c08fc9b4a28429c59af739c8b4d61247d0c8b67ad6,quarterly_call; FY2021Q4; hint=FY2021-Q3
td_ir,transcript_text,2021-08-26_2021-q3-transcript-f-en,data/raw/transcripts/2021-08-26_2021-q3-transcript-f-en.txt,https://www.td.com/content/dam/tdcom/canada/about-td/pdf/quarterly-results/2021/2021-Q3_Transcript_F_EN.pdf,2026-04-18T04:10:41+00:00,871.0,a602c220f5d35f47329cb8e024f9186e9cdfaf855dd628c3319cec84d4bef312,extracted with pdfplumber
td_ir,transcript,2021-12-02_2021-q4-transcript-f-en,data/raw/transcripts/2021-12-02_2021-q4-transcript-f-en.pdf,https://www.td.com/content/dam/tdcom/canada/about-td/pdf/quarterly-results/2021/2021-Q4_Transcript_F_EN.pdf,2026-04-18T04:10:41+00:00,,db9eff480fc87c456b0a1ebc5bf924c255461ec1fd965095ea59294a2cee8642,quarterly_call; FY2022Q1; hint=FY2021-Q4
td_ir,transcript_text,2021-12-02_2021-q4-transcript-f-en,data/raw/transcripts/2021-12-02_2021-q4-transcript-f-en.txt,https://www.td.com/content/dam/tdcom/canada/about-td/pdf/quarterly-results/2021/2021-Q4_Transcript_F_EN.pdf,2026-04-18T04:10:41+00:00,886.0,72192585271ec702821d13bfdaf88bd3f4c5dbd4fd05c641b132e87e13690076,extracted with pdfplumber
td_ir,transcript,2022-03-03_2022-q1-transcript-f-en,data/raw/transcripts/2022-03-03_2022-q1-transcript-f-en.pdf,https://www.td.com/content/dam/tdcom/canada/about-td/pdf/quarterly-results/2022/2022-Q1_Transcript_F_EN.pdf,2026-04-18T04:10:41+00:00,,bd417869abdb0520aee5c96540776d676da0ec44605fb2ba96d81e1707ff227e,quarterly_call; FY2022Q2; hint=FY2022-Q1
td_ir,transcript_text,2022-03-03_2022-q1-transcript-f-en,data/raw/transcripts/2022-03-03_2022-q1-transcript-f-en.txt,https://www.td.com/content/dam/tdcom/canada/about-td/pdf/quarterly-results/2022/2022-Q1_Transcript_F_EN.pdf,2026-04-18T04:10:41+00:00,937.0,581a10f525af43e1c474478f534dfe8ed4a26cc8ccba2e58d41d52321401a892,extracted with pdfplumber
td_ir,transcript,2022-05-26_2022-q2-transcript-f-en,data/raw/transcripts/2022-05-26_2022-q2-transcript-f-en.pdf,https://www.td.com/content/dam/tdcom/canada/about-td/pdf/quarterly-results/2022/2022-Q2_Transcript_F_EN.pdf,2026-04-18T04:10:41+00:00,,5e15e6e0b95f6333f0e0e9a589c52a152b5807d983e9f05d446a7424da689d9c,quarterly_call; FY2022Q3; hint=FY2022-Q2
td_ir,transcript_text,2022-05-26_2022-q2-transcript-f-en,data/raw/transcripts/2022-05-26_2022-q2-transcript-f-en.txt,https://www.td.com/content/dam/tdcom/canada/about-td/pdf/quarterly-results/2022/2022-Q2_Transcript_F_EN.pdf,2026-04-18T04:10:41+00:00,777.0,ee3268e3e273d96102fe54400bc56ebb185730bbccbe3de30217d568efdc9eae,extracted with pdfplumber
td_ir,transcript,2022-08-25_q3-2022-transcript-f-en,data/raw/transcripts/2022-08-25_q3-2022-transcript-f-en.pdf,https://www.td.com/content/dam/tdcom/canada/about-td/pdf/quarterly-results/2022/q3-2022-transcript-f-en.pdf,2026-04-18T04:10:41+00:00,,d5723432ed017d358eeca534d4f55e30073b2d5442ee3387f4916a55b1735aa2,quarterly_call; FY2022Q4; hint=FY2022-Q3
td_ir,transcript_text,2022-08-25_q3-2022-transcript-f-en,data/raw/transcripts/2022-08-25_q3-2022-transcript-f-en.txt,https://www.td.com/content/dam/tdcom/canada/about-td/pdf/quarterly-results/2022/q3-2022-transcript-f-en.pdf,2026-04-18T04:10:41+00:00,848.0,bf5c9996defbd7fe1337ee5ea9e109985281bb1cc6f72e9589c81de3c6952e14,extracted with pdfplumber
td_ir,transcript,2022-12-01_q4-2022-transcript-f-en,data/raw/transcripts/2022-12-01_q4-2022-transcript-f-en.pdf,https://www.td.com/content/dam/tdcom/canada/about-td/pdf/quarterly-results/2022/Q4-2022_Transcript_F_EN.pdf,2026-04-18T04:10:41+00:00,,edcb8bf307e7a7477ce4d4721fae7f8b2d7da2e954b9c34a6e4842fdd2494b92,quarterly_call; FY2023Q1; hint=FY2022-Q4
td_ir,transcript_text,2022-12-01_q4-2022-transcript-f-en,data/raw/transcripts/2022-12-01_q4-2022-transcript-f-en.txt,https://www.td.com/content/dam/tdcom/canada/about-td/pdf/quarterly-results/2022/Q4-2022_Transcript_F_EN.pdf,2026-04-18T04:10:41+00:00,719.0,f7ab45851d9d1a401c9f00897fccd3190ccc5d768c4de1f50c2051c2c4bc3591,extracted with pdfplumber
td_ir,transcript,2023-03-02_q1-2023-transcript-en,data/raw/transcripts/2023-03-02_q1-2023-transcript-en.pdf,https://www.td.com/content/dam/tdcom/canada/about-td/pdf/quarterly-results/2023/q1-2023-transcript-en.pdf,2026-04-18T04:10:41+00:00,,36c0bbacc9a971fd391ac6d7cd5dca8139b30a684a4a386895287f9b756d8525,quarterly_call; FY2023Q2; hint=FY2023-Q1
td_ir,transcript_text,2023-03-02_q1-2023-transcript-en,data/raw/transcripts/2023-03-02_q1-2023-transcript-en.txt,https://www.td.com/content/dam/tdcom/canada/about-td/pdf/quarterly-results/2023/q1-2023-transcript-en.pdf,2026-04-18T04:10:41+00:00,878.0,5a467c7ad3460edcd7de68bff701e42d35259a9795204778716ad9c01fe29a60,extracted with pdfplumber
td_ir,transcript,2023-05-26_q2-2023-transcript,data/raw/transcripts/2023-05-26_q2-2023-transcript.pdf,https://www.td.com/content/dam/tdcom/canada/about-td/pdf/Q2-2023-Transcript.pdf,2026-04-18T04:10:41+00:00,,e3a6f9bd2b1246039c1068f90b5d1ca233d594fd504bc5c7a57334cd421dc9a8,quarterly_call; FY2023Q3; hint=FY2023-Q2
td_ir,transcript_text,2023-05-26_q2-2023-transcript,data/raw/transcripts/2023-05-26_q2-2023-transcript.txt,https://www.td.com/content/dam/tdcom/canada/about-td/pdf/Q2-2023-Transcript.pdf,2026-04-18T04:10:41+00:00,1027.0,46e4a7f71367379aaefe8fdeda6146905008445b0025bbaa72aec31cd4a55529,extracted with pdfplumber
td_ir,transcript,2023-08-24_q3-2023-transcript-en,data/raw/transcripts/2023-08-24_q3-2023-transcript-en.pdf,https://www.td.com/content/dam/tdcom/canada/about-td/pdf/q3-2023-transcript-en.pdf,2026-04-18T04:10:41+00:00,,d21123452399bba5cc8670f07e3fb1717191507f5bdba45130fbd42703b56bc0,quarterly_call; FY2023Q4; hint=FY2023-Q3
td_ir,transcript_text,2023-08-24_q3-2023-transcript-en,data/raw/transcripts/2023-08-24_q3-2023-transcript-en.txt,https://www.td.com/content/dam/tdcom/canada/about-td/pdf/q3-2023-transcript-en.pdf,2026-04-18T04:10:41+00:00,799.0,9e1720f4a7a5e63d7c87c1979569666cf17bd841965d5e236274c9050bb4521c,extracted with pdfplumber
td_ir,transcript,2023-11-30_q4-2023-transcript-en,data/raw/transcripts/2023-11-30_q4-2023-transcript-en.pdf,https://www.td.com/content/dam/tdcom/canada/about-td/pdf/q4-2023-transcript-en.pdf,2026-04-18T04:10:41+00:00,,f1304d92eae0016c822a2b36c103f1213198896e59fc5a3c095edcc1c9360d63,quarterly_call; FY2024Q1; hint=FY2023-Q4
td_ir,transcript_text,2023-11-30_q4-2023-transcript-en,data/raw/transcripts/2023-11-30_q4-2023-transcript-en.txt,https://www.td.com/content/dam/tdcom/canada/about-td/pdf/q4-2023-transcript-en.pdf,2026-04-18T04:10:41+00:00,904.0,4e705858e5ce4d80597469d359517f969c9303a2c7a200738d727a2411001a4c,extracted with pdfplumber
td_ir,transcript,2024-02-29_2024-q1-transcript-f-en,data/raw/transcripts/2024-02-29_2024-q1-transcript-f-en.pdf,https://www.td.com/content/dam/tdcom/canada/about-td/pdf/2024-q1-transcript-f-en.pdf,2026-04-18T04:10:42+00:00,,9dd53ed6722bdaadf92dc474e30d6a98bb4ceacd923db61f7788b071db029782,quarterly_call; FY2024Q2; hint=FY2024-Q1
td_ir,transcript_text,2024-02-29_2024-q1-transcript-f-en,data/raw/transcripts/2024-02-29_2024-q1-transcript-f-en.txt,https://www.td.com/content/dam/tdcom/canada/about-td/pdf/2024-q1-transcript-f-en.pdf,2026-04-18T04:10:42+00:00,756.0,93696649daba48efa3831bff208e9fba34fd842f0e67b85490904704d7e4d1b9,extracted with pdfplumber
td_ir,transcript,2024-05-23_2024-q2-transcript,data/raw/transcripts/2024-05-23_2024-q2-transcript.pdf,https://www.td.com/content/dam/tdcom/canada/about-td/pdf/quarterly-results/2024/q2/2024-q2-transcript.pdf,2026-04-18T04:10:42+00:00,,f108b0928b41f4dc555fc123d7802989c96b9346ff453c08cab40fb68183bdd4,quarterly_call; FY2024Q3; hint=FY2024-Q2
td_ir,transcript_text,2024-05-23_2024-q2-transcript,data/raw/transcripts/2024-05-23_2024-q2-transcript.txt,https://www.td.com/content/dam/tdcom/canada/about-td/pdf/quarterly-results/2024/q2/2024-q2-transcript.pdf,2026-04-18T04:10:42+00:00,803.0,388db487366399634f3982f84403ccf7461b7ec76dc56c388872ba97f1690d65,extracted with pdfplumber
td_ir,transcript,2024-08-22_q3-2024-transcript-en,data/raw/transcripts/2024-08-22_q3-2024-transcript-en.pdf,https://www.td.com/content/dam/tdcom/canada/about-td/pdf/quarterly-results/2024/q3/q3-2024-transcript-en.pdf,2026-04-18T04:10:42+00:00,,b6223e621dee5f8ea014e1c53f1fdf52b5edfa815cbfba1f964ca66080bf2622,quarterly_call; FY2024Q4; hint=FY2024-Q3
td_ir,transcript_text,2024-08-22_q3-2024-transcript-en,data/raw/transcripts/2024-08-22_q3-2024-transcript-en.txt,https://www.td.com/content/dam/tdcom/canada/about-td/pdf/quarterly-results/2024/q3/q3-2024-transcript-en.pdf,2026-04-18T04:10:42+00:00,858.0,a8ac7428cc35ad17518c3df7555e50cd45a8af8a0d1c7f40e22e50a51dba1daf,extracted with pdfplumber
td_ir,transcript,2024-12-05_q4-2024-transcript-vf,data/raw/transcripts/2024-12-05_q4-2024-transcript-vf.pdf,https://www.td.com/content/dam/tdcom/canada/about-td/pdf/quarterly-results/2024/q4/q4-2024-transcript-vf.pdf,2026-04-18T04:10:42+00:00,,e6d13f31d243a81e00ed8acfb07ca21c2aadb2ce08eaafbb4dc6549811f9dd45,quarterly_call; FY2025Q1; hint=FY2024-Q4
td_ir,transcript_text,2024-12-05_q4-2024-transcript-vf,data/raw/transcripts/2024-12-05_q4-2024-transcript-vf.txt,https://www.td.com/content/dam/tdcom/canada/about-td/pdf/quarterly-results/2024/q4/q4-2024-transcript-vf.pdf,2026-04-18T04:10:42+00:00,680.0,32726760667c32e9889f141c6e34933fd61f614517d8aea7d9aef970fc92249f,extracted with pdfplumber
td_ir,transcript,2025-02-27_2025-q1-td-transcript,data/raw/transcripts/2025-02-27_2025-q1-td-transcript.pdf,https://www.td.com/content/dam/tdcom/canada/about-td/pdf/quarterly-results/2025/q1/2025-q1-td-transcript.pdf,2026-04-18T04:10:42+00:00,,cb6db217025675915f87937ebcf00c392831fd3cee71e6663f074f722b73454d,quarterly_call; FY2025Q2; hint=FY2025-Q1
td_ir,transcript_text,2025-02-27_2025-q1-td-transcript,data/raw/transcripts/2025-02-27_2025-q1-td-transcript.txt,https://www.td.com/content/dam/tdcom/canada/about-td/pdf/quarterly-results/2025/q1/2025-q1-td-transcript.pdf,2026-04-18T04:10:42+00:00,712.0,f2733c719ca237d36118bab071185945a0e41292d0b7ebe2053c019fd97cab44,extracted with pdfplumber
td_ir,transcript,2025-05-22_q2-2025-transcript-vff,data/raw/transcripts/2025-05-22_q2-2025-transcript-vff.pdf,https://www.td.com/content/dam/tdct/document/pdf/about-td/for-investors/investor-relations/financial-information/financial-reports/quarterly-results/2025-q2/q2-2025-transcript-vff.pdf,2026-04-18T04:10:42+00:00,,a60a37e0a1630a272f6a8f355cd9c2490b199c8937c335a7737535bcd07b582d,quarterly_call; FY2025Q3; hint=FY2025-Q2
td_ir,transcript_text,2025-05-22_q2-2025-transcript-vff,data/raw/transcripts/2025-05-22_q2-2025-transcript-vff.txt,https://www.td.com/content/dam/tdct/document/pdf/about-td/for-investors/investor-relations/financial-information/financial-reports/quarterly-results/2025-q2/q2-2025-transcript-vff.pdf,2026-04-18T04:10:42+00:00,852.0,51af74a9019cb5ffcc2be184320d773f1605a42b710918ff15bf73a8d18122b5,extracted with pdfplumber
td_ir,transcript,2025-08-28_2025-q3-td-transcript,data/raw/transcripts/2025-08-28_2025-q3-td-transcript.pdf,https://www.td.com/content/dam/tdcom/canada/about-td/pdf/quarterly-results/2025/q3/2025-q3-td-transcript.pdf,2026-04-18T04:10:42+00:00,,baf9d3d212c4257cf770f1371f0206f24946370380e4aad579c6bcbfbf241967,quarterly_call; FY2025Q4; hint=FY2025-Q3
td_ir,transcript_text,2025-08-28_2025-q3-td-transcript,data/raw/transcripts/2025-08-28_2025-q3-td-transcript.txt,https://www.td.com/content/dam/tdcom/canada/about-td/pdf/quarterly-results/2025/q3/2025-q3-td-transcript.pdf,2026-04-18T04:10:42+00:00,779.0,a82431f0ee26bec7e125c92720926d22440024eaa1b83968c62f3967efd90049,extracted with pdfplumber
td_ir,transcript,2025-12-04_2025-q4-td-transcript,data/raw/transcripts/2025-12-04_2025-q4-td-transcript.pdf,https://www.td.com/content/dam/tdcom/canada/about-td/pdf/quarterly-results/2025/q4/2025-q4-td-transcript.pdf,2026-04-18T04:10:42+00:00,,3ccb1772137d94f1150501c964e9ce89dca18decae581e7e41a8aef39eda827c,quarterly_call; FY2026Q1; hint=FY2025-Q4
td_ir,transcript_text,2025-12-04_2025-q4-td-transcript,data/raw/transcripts/2025-12-04_2025-q4-td-transcript.txt,https://www.td.com/content/dam/tdcom/canada/about-td/pdf/quarterly-results/2025/q4/2025-q4-td-transcript.pdf,2026-04-18T04:10:42+00:00,790.0,150b8e48df02552873283daf618b2dcd6b5fd207eeab77aa871c41b0ea195c12,extracted with pdfplumber
td_ir,transcript_index,transcripts_index,data/raw/transcripts/index.parquet,https://www.td.com,2026-04-18T04:10:42+00:00,20.0,7a86dbf1aec1ae8849dd81c3e9dfc5029e086f7a98d6675bbccf8390573f793b,index of TD quarterly earnings-call transcripts
boc_valet,macro,policy_target_rate,data/raw/macro/policy_target_rate.parquet,https://www.bankofcanada.ca/valet/observations/V39079/json,2026-04-18T04:13:55+00:00,1368.0,b5fa505b9896f04c4f0be84b0957b21eaf10058398ea5d0ab4c9ff5404f98156,Target for the overnight rate (policy rate)
boc_valet,macro,overnight_avg,data/raw/macro/overnight_avg.parquet,https://www.bankofcanada.ca/valet/observations/AVG.INTWO/json,2026-04-18T04:13:58+00:00,1317.0,74e5e195c728f9c72c428b46817911f277f035a76c4ee9e49cdc5ab142439c29,Average overnight rate (market)
boc_valet,macro,goc_2y,data/raw/macro/goc_2y.parquet,https://www.bankofcanada.ca/valet/observations/BD.CDN.2YR.DQ.YLD/json,2026-04-18T04:14:00+00:00,1317.0,177ad8cd2927ab4142ca9c0b311c0603cf2c457f8c6cd1f4a4ac6506a5d86559,"GoC benchmark bond yield, 2-year"
boc_valet,macro,goc_5y,data/raw/macro/goc_5y.parquet,https://www.bankofcanada.ca/valet/observations/BD.CDN.5YR.DQ.YLD/json,2026-04-18T04:14:03+00:00,1317.0,69aca8e149812ca77e1a79db176a072a433461133f30521740d150814739872d,"GoC benchmark bond yield, 5-year"
boc_valet,macro,goc_10y,data/raw/macro/goc_10y.parquet,https://www.bankofcanada.ca/valet/observations/BD.CDN.10YR.DQ.YLD/json,2026-04-18T04:14:06+00:00,1317.0,4d00db8baa61d02fda75d0e649a83ea06d1fce75944f6f27b481d9e530d958c1,"GoC benchmark bond yield, 10-year"
boc_valet,macro,fx_usdcad,data/raw/macro/fx_usdcad.parquet,https://www.bankofcanada.ca/valet/observations/FXUSDCAD/json,2026-04-18T04:14:08+00:00,1318.0,612aeff0e27142754939951287e02fe3a76cabf46dd090d3d338bd75f22d5af8,USD to CAD noon/indicative rate
boc_valet,macro,cpi_all_items,data/raw/macro/cpi_all_items.parquet,https://www.bankofcanada.ca/valet/observations/V41690973/json,2026-04-18T04:14:09+00:00,62.0,f7d66921c3fc20783479813429dd0482f3a2cdc49fb221e72d662595ec37b6db,"Consumer Price Index (CPI), all-items, monthly index"
td_ir,report_quarterly,2021_q1_report_to_shareholders,data/raw/td_ir_reports/quarterly/2021_q1_report_to_shareholders.pdf,https://www.td.com/content/dam/tdcom/canada/about-td/pdf/quarterly-results/2021/2021-Q1_Report_to_Shareholders_F_EN.pdf,2026-04-18T04:19:29+00:00,,fa64dcd69a94caa3820fd0a4f819c3a5c7393192ae2f18bf419e33871e51ed64,FY2021Q1
td_ir,report_quarterly_text,2021_q1_report_to_shareholders,data/raw/td_ir_reports/quarterly/2021_q1_report_to_shareholders.txt,https://www.td.com/content/dam/tdcom/canada/about-td/pdf/quarterly-results/2021/2021-Q1_Report_to_Shareholders_F_EN.pdf,2026-04-18T04:19:29+00:00,4460.0,fa1c60e15a96e66f555b10a6400ce91d374f50c4e32f0f64c9ca0eb667e886f4,extracted with pdfplumber
td_ir,report_quarterly,2021_q2_report_to_shareholders,data/raw/td_ir_reports/quarterly/2021_q2_report_to_shareholders.pdf,https://www.td.com/content/dam/tdcom/canada/about-td/pdf/quarterly-results/2021/2021-Q2_Report_to_Shareholders_F_EN.pdf,2026-04-18T04:19:48+00:00,,bb9f437b1f673fad1740c0ccb91ea41f37dbfb3cb10da2d97d7e288029e09c3e,FY2021Q2
td_ir,report_quarterly_text,2021_q2_report_to_shareholders,data/raw/td_ir_reports/quarterly/2021_q2_report_to_shareholders.txt,https://www.td.com/content/dam/tdcom/canada/about-td/pdf/quarterly-results/2021/2021-Q2_Report_to_Shareholders_F_EN.pdf,2026-04-18T04:19:48+00:00,4687.0,a65db689f7541d369615b840b9cd52752ba4930174411eef7cc2492fe8c8af76,extracted with pdfplumber
td_ir,report_quarterly,2021_q3_report_to_shareholders,data/raw/td_ir_reports/quarterly/2021_q3_report_to_shareholders.pdf,https://www.td.com/content/dam/tdcom/canada/about-td/pdf/quarterly-results/2021/2021-Q3_Report_to_Shareholders_F_EN.pdf,2026-04-18T04:20:05+00:00,,e80c3820710f42bd60edfb209ea5859d9cc6c2b8fef6c08ab79204a4de0017bb,FY2021Q3
td_ir,report_quarterly_text,2021_q3_report_to_shareholders,data/raw/td_ir_reports/quarterly/2021_q3_report_to_shareholders.txt,https://www.td.com/content/dam/tdcom/canada/about-td/pdf/quarterly-results/2021/2021-Q3_Report_to_Shareholders_F_EN.pdf,2026-04-18T04:20:05+00:00,4746.0,2a5a731a66f6eeeefe412dabd5cad90640afafedefd2faf022574a5e3ac82147,extracted with pdfplumber
td_ir,report_quarterly,2022_q1_report_to_shareholders,data/raw/td_ir_reports/quarterly/2022_q1_report_to_shareholders.pdf,https://www.td.com/content/dam/tdcom/canada/about-td/pdf/quarterly-results/2022/2022-Q1_Report_to_Shareholders_F_EN.pdf,2026-04-18T04:20:19+00:00,,ecd9c6f089d2f7ceb3a61268b44d21127438cef56a9a7fbc0f8e16b8765eef5e,FY2022Q1
td_ir,report_quarterly_text,2022_q1_report_to_shareholders,data/raw/td_ir_reports/quarterly/2022_q1_report_to_shareholders.txt,https://www.td.com/content/dam/tdcom/canada/about-td/pdf/quarterly-results/2022/2022-Q1_Report_to_Shareholders_F_EN.pdf,2026-04-18T04:20:19+00:00,4295.0,f156345f39ca3ac7cd8eb4be5342908fcfc661c88d9581117367d0d9f99c902f,extracted with pdfplumber
td_ir,report_quarterly,2022_q2_report_to_shareholders,data/raw/td_ir_reports/quarterly/2022_q2_report_to_shareholders.pdf,https://www.td.com/content/dam/tdcom/canada/about-td/pdf/quarterly-results/2022/2022-Q2_Report_to_Shareholders_F_EN.pdf,2026-04-18T04:20:39+00:00,,3830ce57bdd5bbead1d125395f33f335a946ec723bd0ab3132bc65ee8b1fe811,FY2022Q2
td_ir,report_quarterly_text,2022_q2_report_to_shareholders,data/raw/td_ir_reports/quarterly/2022_q2_report_to_shareholders.txt,https://www.td.com/content/dam/tdcom/canada/about-td/pdf/quarterly-results/2022/2022-Q2_Report_to_Shareholders_F_EN.pdf,2026-04-18T04:20:39+00:00,4675.0,8f15101f63ea94ddc36b3c9cfbe41b8e1f7644cccbcc4f192f3cba401eeb1090,extracted with pdfplumber
td_ir,report_quarterly,2022_q3_report_to_shareholders,data/raw/td_ir_reports/quarterly/2022_q3_report_to_shareholders.pdf,https://www.td.com/content/dam/tdcom/canada/about-td/pdf/quarterly-results/2022/2022-q3-report-to-shareholders-f-en.pdf,2026-04-18T04:21:06+00:00,,f190d88e8fb778449cdb556faf3980951ff4d2041b1e962b8283ddfa6854de46,FY2022Q3
td_ir,report_quarterly_text,2022_q3_report_to_shareholders,data/raw/td_ir_reports/quarterly/2022_q3_report_to_shareholders.txt,https://www.td.com/content/dam/tdcom/canada/about-td/pdf/quarterly-results/2022/2022-q3-report-to-shareholders-f-en.pdf,2026-04-18T04:21:06+00:00,5449.0,f7851c2565e5a8f0d35b72c5d80b771b6e12dbf6c9944d81d3c78af7e9369f21,extracted with pdfplumber
td_ir,report_quarterly,2023_q1_report_to_shareholders,data/raw/td_ir_reports/quarterly/2023_q1_report_to_shareholders.pdf,https://www.td.com/content/dam/tdcom/canada/about-td/pdf/2023-q1-report-to-shareholders-en.pdf,2026-04-18T04:21:18+00:00,,f036e331b0602db5d7638c0be25883e86d8fb9f9044882b13e03494d9406a382,FY2023Q1
td_ir,report_quarterly_text,2023_q1_report_to_shareholders,data/raw/td_ir_reports/quarterly/2023_q1_report_to_shareholders.txt,https://www.td.com/content/dam/tdcom/canada/about-td/pdf/2023-q1-report-to-shareholders-en.pdf,2026-04-18T04:21:18+00:00,4357.0,c7875f496d6775e68312272d3f41c4820f8afdee5951496237af95be15c53ef4,extracted with pdfplumber
td_ir,report_quarterly,2023_q2_report_to_shareholders,data/raw/td_ir_reports/quarterly/2023_q2_report_to_shareholders.pdf,https://www.td.com/content/dam/tdcom/canada/about-td/pdf/quarterly-results/2023/2023-q2-report-to-shareholders-en.pdf,2026-04-18T04:21:32+00:00,,4949c1904a44ce76886811962ec8be538f0935ff32968b29a0672a01b6c85513,FY2023Q2
td_ir,report_quarterly_text,2023_q2_report_to_shareholders,data/raw/td_ir_reports/quarterly/2023_q2_report_to_shareholders.txt,https://www.td.com/content/dam/tdcom/canada/about-td/pdf/quarterly-results/2023/2023-q2-report-to-shareholders-en.pdf,2026-04-18T04:21:32+00:00,4806.0,5dbf935e4090f2f70fa95b0a09fb7b1d9b052bc54f82cfb8edc2fc7ff6b4eacf,extracted with pdfplumber
td_ir,report_quarterly,2023_q3_report_to_shareholders,data/raw/td_ir_reports/quarterly/2023_q3_report_to_shareholders.pdf,https://www.td.com/content/dam/tdcom/canada/about-td/pdf/2023-q3-report-to-shareholders-en.pdf,2026-04-18T04:21:47+00:00,,4464295f8c9e56d78b726138973e9f3b65ff3b6c8a4825c5c6053eaaceda6dff,FY2023Q3
td_ir,report_quarterly_text,2023_q3_report_to_shareholders,data/raw/td_ir_reports/quarterly/2023_q3_report_to_shareholders.txt,https://www.td.com/content/dam/tdcom/canada/about-td/pdf/2023-q3-report-to-shareholders-en.pdf,2026-04-18T04:21:47+00:00,4881.0,340cf7e8c5e906519ef0aab94342086766a2c19db0e4946b530e8f12a078e44b,extracted with pdfplumber
td_ir,report_quarterly,2024_q1_report_to_shareholders,data/raw/td_ir_reports/quarterly/2024_q1_report_to_shareholders.pdf,https://www.td.com/content/dam/tdcom/canada/about-td/pdf/quarterly-results/2024/q1/2024-q1-reports-shareholders-en.pdf,2026-04-18T04:22:00+00:00,,3b188c7adc407f37b3fa75cac8b6ef1cf49697cd4bd7a52170ecc6277e6989a9,FY2024Q1
td_ir,report_quarterly_text,2024_q1_report_to_shareholders,data/raw/td_ir_reports/quarterly/2024_q1_report_to_shareholders.txt,https://www.td.com/content/dam/tdcom/canada/about-td/pdf/quarterly-results/2024/q1/2024-q1-reports-shareholders-en.pdf,2026-04-18T04:22:00+00:00,4521.0,572d9d68b65cd6d0d3b5e3f1b4db8e3dba0fcfb145e7edb56eea554a9699c250,extracted with pdfplumber
td_ir,report_quarterly,2024_q2_report_to_shareholders,data/raw/td_ir_reports/quarterly/2024_q2_report_to_shareholders.pdf,https://www.td.com/content/dam/tdcom/canada/about-td/pdf/quarterly-results/2024/q2/2024-q2-reports-shareholders-en.pdf,2026-04-18T04:22:15+00:00,,9d5414607fd7322ce57a99eb51053a70af1c1f4517ded69a693f1b5b6d336c23,FY2024Q2
td_ir,report_quarterly_text,2024_q2_report_to_shareholders,data/raw/td_ir_reports/quarterly/2024_q2_report_to_shareholders.txt,https://www.td.com/content/dam/tdcom/canada/about-td/pdf/quarterly-results/2024/q2/2024-q2-reports-shareholders-en.pdf,2026-04-18T04:22:15+00:00,4922.0,1628e826340ed4ca196ce617cb8bf6233675c3f2d314e0174bd11c99f2ce696c,extracted with pdfplumber
td_ir,report_quarterly,2024_q3_report_to_shareholders,data/raw/td_ir_reports/quarterly/2024_q3_report_to_shareholders.pdf,https://www.td.com/content/dam/tdcom/canada/about-td/pdf/quarterly-results/2024/q3/2024-q3-reports-shareholders-en.pdf,2026-04-18T04:22:27+00:00,,b86c6deebd4807783615317b0f888d07b0377810c2bc5ac100ee20fb518b81eb,FY2024Q3
td_ir,report_quarterly_text,2024_q3_report_to_shareholders,data/raw/td_ir_reports/quarterly/2024_q3_report_to_shareholders.txt,https://www.td.com/content/dam/tdcom/canada/about-td/pdf/quarterly-results/2024/q3/2024-q3-reports-shareholders-en.pdf,2026-04-18T04:22:27+00:00,5037.0,b12dcba5ec2e9441e199f21bc089bb57d7a3611181677033426c46cdeaf0d4d7,extracted with pdfplumber
td_ir,report_quarterly,2025_q1_report_to_shareholders,data/raw/td_ir_reports/quarterly/2025_q1_report_to_shareholders.pdf,https://www.td.com/content/dam/tdcom/canada/about-td/pdf/quarterly-results/2025/q1/2025-q1-reports-shareholders-en.pdf,2026-04-18T04:22:45+00:00,,1ed3853adef32c2df129b66744a6b9ac0bf4f5f56d287bbab9c7472d129dae60,FY2025Q1
td_ir,report_quarterly_text,2025_q1_report_to_shareholders,data/raw/td_ir_reports/quarterly/2025_q1_report_to_shareholders.txt,https://www.td.com/content/dam/tdcom/canada/about-td/pdf/quarterly-results/2025/q1/2025-q1-reports-shareholders-en.pdf,2026-04-18T04:22:45+00:00,4549.0,49c95b39290c6372e3de3bff7310040dd588e1a8a8802bca7f7336a2889fe87f,extracted with pdfplumber
td_ir,report_quarterly,2025_q2_report_to_shareholders,data/raw/td_ir_reports/quarterly/2025_q2_report_to_shareholders.pdf,https://www.td.com/content/dam/tdcom/canada/about-td/pdf/quarterly-results/2025/q2/2025-q2-reports-shareholders-en.pdf,2026-04-18T04:23:13+00:00,,dbbb67a463536745785525cba7320da49868a4432a6536ccdd8edae4c1f55bf4,FY2025Q2
td_ir,report_quarterly_text,2025_q2_report_to_shareholders,data/raw/td_ir_reports/quarterly/2025_q2_report_to_shareholders.txt,https://www.td.com/content/dam/tdcom/canada/about-td/pdf/quarterly-results/2025/q2/2025-q2-reports-shareholders-en.pdf,2026-04-18T04:23:13+00:00,4959.0,ea160b4d2b618ffdfce80c0802f72e77c9cc7baab09d87635ac285e0f14576d7,extracted with pdfplumber
td_ir,report_quarterly,2025_q3_report_to_shareholders,data/raw/td_ir_reports/quarterly/2025_q3_report_to_shareholders.pdf,https://www.td.com/content/dam/tdcom/canada/about-td/pdf/quarterly-results/2025/q3/q3-2025-report-to-shareholders-en.pdf,2026-04-18T04:23:35+00:00,,dee2c326b9ec1c71a1b84c125feea33b22761da66edf5bb77ae3c1ff0616ad96,FY2025Q3
td_ir,report_quarterly_text,2025_q3_report_to_shareholders,data/raw/td_ir_reports/quarterly/2025_q3_report_to_shareholders.txt,https://www.td.com/content/dam/tdcom/canada/about-td/pdf/quarterly-results/2025/q3/q3-2025-report-to-shareholders-en.pdf,2026-04-18T04:23:35+00:00,4979.0,7c67bb9ec88c62b4cdde483871f9287eac031bcf4f880733b8404e3dce4be9c6,extracted with pdfplumber
td_ir,report_annual_40f,fy2025_form_40f,data/raw/td_ir_reports/annual/fy2025_form_40f.pdf,https://www.td.com/content/dam/tdcom/canada/about-td/pdf/annual-report-on-form-40-f/en/e-2025-form40f.pdf,2026-04-18T04:24:19+00:00,,46a2c805cda71d38d2392453223c43c0f5e89bf88a7acf73925f250f29574deb,FY2025Q4
td_ir,report_annual_40f_text,fy2025_form_40f,data/raw/td_ir_reports/annual/fy2025_form_40f.txt,https://www.td.com/content/dam/tdcom/canada/about-td/pdf/annual-report-on-form-40-f/en/e-2025-form40f.pdf,2026-04-18T04:24:19+00:00,14483.0,d698ab9408268e7fb39b395284b367dd1e4da521ea056aa09b6bbbae8937fff7,extracted with pdfplumber
td_ir,report_annual_40f,fy2024_form_40f,data/raw/td_ir_reports/annual/fy2024_form_40f.pdf,https://www.td.com/content/dam/tdcom/canada/about-td/pdf/annual-report-on-form-40-f/en/e-2024-form40f.pdf,2026-04-18T04:25:03+00:00,,59b56e6b0b1c5696d443777bb5c82b8ed3854ad41f29ed417a5eb2ecac2f8416,FY2024Q4
td_ir,report_annual_40f_text,fy2024_form_40f,data/raw/td_ir_reports/annual/fy2024_form_40f.txt,https://www.td.com/content/dam/tdcom/canada/about-td/pdf/annual-report-on-form-40-f/en/e-2024-form40f.pdf,2026-04-18T04:25:03+00:00,14919.0,400afa4fb6f119fc34b86e24d57b339eec67d404ec4f5a695d26c32edb91ac15,extracted with pdfplumber
td_ir,report_annual_40f,fy2023_form_40f,data/raw/td_ir_reports/annual/fy2023_form_40f.pdf,https://www.td.com/content/dam/tdcom/canada/about-td/pdf/annual-report-on-form-40-f/en/e-2023-form40f.pdf,2026-04-18T04:25:58+00:00,,669a141e884226e8385de8ca683a1fbe338a8b381445ddf727a6eec9e9a723a8,FY2023Q4
td_ir,report_annual_40f_text,fy2023_form_40f,data/raw/td_ir_reports/annual/fy2023_form_40f.txt,https://www.td.com/content/dam/tdcom/canada/about-td/pdf/annual-report-on-form-40-f/en/e-2023-form40f.pdf,2026-04-18T04:25:58+00:00,13994.0,6bb91819f671b3a8eb2adbad1138b3a370bb27f947f4174fd21f273d540b4db5,extracted with pdfplumber
td_ir,report_annual_40f,fy2022_form_40f,data/raw/td_ir_reports/annual/fy2022_form_40f.pdf,https://www.td.com/document/PDF/investor/2022/E-2022-Form40F.pdf,2026-04-18T04:27:04+00:00,,a46b66d172df726d7465b5457cb8164b761d2c6264028a9a4f177fd6515b0c2f,FY2022Q4
td_ir,report_annual_40f_text,fy2022_form_40f,data/raw/td_ir_reports/annual/fy2022_form_40f.txt,https://www.td.com/document/PDF/investor/2022/E-2022-Form40F.pdf,2026-04-18T04:27:04+00:00,13175.0,8cca72c393415374de62decd7b2f5006e4a2f62f7bf17a7b45e2fbd6457ee137,extracted with pdfplumber
td_ir,report_annual_40f,fy2021_form_40f,data/raw/td_ir_reports/annual/fy2021_form_40f.pdf,https://www.td.com/document/PDF/investor/2021/E-2021-Form40F.pdf,2026-04-18T04:27:57+00:00,,46db8f7d042be223eda4e7603828a17cb152f588e9c8a59b7bb1cb7ada925010,FY2021Q4
td_ir,report_annual_40f_text,fy2021_form_40f,data/raw/td_ir_reports/annual/fy2021_form_40f.txt,https://www.td.com/document/PDF/investor/2021/E-2021-Form40F.pdf,2026-04-18T04:27:57+00:00,13237.0,7f7b1d79d9944c0dc5cb4bff8436c4afab12dd7f44a1dd08f2373a104409a460,extracted with pdfplumber
td_ir,report_index,td_ir_reports_index,data/raw/td_ir_reports/index.parquet,https://www.td.com,2026-04-18T04:27:57+00:00,20.0,bad4524869cfc99b2dd6e7ae3975017f6a5e863b908792689b77a109e8a5d701,index of TD quarterly Report to Shareholders and annual 40-F
preprocess,chunks,news,data/processed/chunks/news.jsonl,,2026-04-18T04:29:59+00:00,1019.0,ee66860e1713f13c191f004beaa12674f139530513c1a26d74ee4248d196999c,total_tokens=1176263
preprocess,chunks,reports_40f,data/processed/chunks/reports_40f.jsonl,,2026-04-18T04:30:01+00:00,1023.0,e8b4b7ef50294cec8e3e258f4b7cf8da59de671f71df3a1754f99618d1d97c80,total_tokens=1381463
preprocess,chunks,reports_quarterly,data/processed/chunks/reports_quarterly.jsonl,,2026-04-18T04:30:03+00:00,1086.0,ae31945fa5c4d4a5a7bd6cd073580570b1eab17f3f219f668135b6529eda742a,total_tokens=1479278
preprocess,chunks,transcripts,data/processed/chunks/transcripts.jsonl,,2026-04-18T04:30:04+00:00,1363.0,ac3eabbaee9f6d00b8ffc93f1bbacccbbf9ac5ef1b565203566528e8d1b7ead0,total_tokens=249887
